hrs,absences,JobInvolvement,PerformanceRating,EnvironmentSatisfaction,JobSatisfaction,WorkLifeBalance,Age,BusinessTravel,Department,DistanceFromHome,Education,EducationField,EmployeeCount,EmployeeID,Gender,JobLevel,JobRole,MaritalStatus,MonthlyIncome,NumCompaniesWorked,Over18,PercentSalaryHike,StandardHours,StockOptionLevel,TotalWorkingYears,TrainingTimesLastYear,YearsAtCompany,YearsSinceLastPromotion,YearsWithCurrManager,Attrition
6.612624944221111,18,4,3,3.0,3.0,2.0,31,Travel_Frequently,Sales,10,3,Technical Degree,1,3514,Female,1,Research Director,Married,53040,1.0,Y,17,8,0,2.0,3,2,2,2,Yes
6.0268150379294445,18,3,3,4.0,4.0,2.0,31,Travel_Frequently,Sales,3,3,Marketing,1,3922,Male,2,Sales Executive,Single,46210,2.0,Y,18,8,1,9.0,3,5,1,4,No
6.966455823293056,11,3,3,4.0,1.0,3.0,33,Travel_Frequently,Human Resources,10,3,Medical,1,790,Female,2,Sales Executive,Married,27000,0.0,Y,14,8,3,5.0,2,4,0,3,No
6.6784381972333335,12,4,3,4.0,1.0,1.0,48,Travel_Rarely,Research & Development,8,1,Medical,1,235,Male,2,Laboratory Technician,Married,53760,7.0,Y,13,8,1,21.0,3,3,0,2,No
6.235760821061945,10,3,3,3.0,3.0,2.0,42,Non-Travel,Research & Development,11,3,Medical,1,2533,Male,1,Manager,Married,178560,3.0,Y,18,8,0,10.0,2,6,3,3,No
6.2364647478802775,14,3,3,4.0,2.0,2.0,31,Travel_Frequently,Research & Development,9,4,Medical,1,1505,Male,1,Sales Executive,Divorced,46840,1.0,Y,16,8,1,2.0,4,2,2,2,No
6.744602855867778,15,4,3,2.0,3.0,3.0,34,Travel_Rarely,Research & Development,5,3,Life Sciences,1,2192,Male,1,Research Scientist,Married,45530,4.0,Y,18,8,1,10.0,2,8,7,7,No
10.330230923694723,2,4,3,1.0,4.0,3.0,53,Travel_Rarely,Sales,6,3,Marketing,1,3307,Male,4,Sales Executive,Married,23250,7.0,Y,18,8,1,35.0,1,5,0,4,No
6.770869031682222,15,3,3,2.0,3.0,3.0,50,Travel_Rarely,Sales,10,4,Life Sciences,1,1638,Female,3,Manager,Married,47870,0.0,Y,12,8,0,28.0,3,27,15,7,No
5.945851182507778,10,2,3,3.0,4.0,3.0,39,Travel_Frequently,Research & Development,2,1,Medical,1,3975,Male,2,Healthcare Representative,Divorced,51550,2.0,Y,18,8,1,7.0,3,2,2,2,No
9.423482820169445,17,3,3,2.0,4.0,3.0,37,Travel_Frequently,Sales,2,4,Life Sciences,1,2905,Male,2,Laboratory Technician,Divorced,52380,1.0,Y,15,8,1,10.0,5,10,0,7,No
6.5345995091475,23,2,3,3.0,3.0,4.0,45,Non-Travel,Sales,1,4,Technical Degree,1,2527,Male,1,Research Scientist,Married,170480,4.0,Y,15,8,0,10.0,3,8,5,7,No
5.922822400713889,22,1,3,2.0,4.0,2.0,36,Travel_Frequently,Research & Development,5,3,Medical,1,1090,Female,4,Manufacturing Director,Single,177790,1.0,Y,17,8,1,10.0,5,10,0,8,No
7.645087014725555,8,3,3,4.0,3.0,3.0,33,Travel_Frequently,Research & Development,2,4,Medical,1,1141,Female,4,Sales Executive,Divorced,168800,1.0,Y,14,8,3,9.0,2,9,2,8,No
7.400519857206389,4,3,3,3.0,4.0,2.0,30,Travel_Rarely,Research & Development,8,3,Life Sciences,1,1758,Male,2,Sales Executive,Divorced,52090,7.0,Y,14,8,1,10.0,3,8,7,7,No
7.166540606871667,8,2,3,2.0,3.0,3.0,34,Travel_Rarely,Research & Development,2,3,Life Sciences,1,3983,Male,2,Laboratory Technician,Married,53430,1.0,Y,14,8,0,10.0,5,10,4,8,No
6.876806113342222,5,4,3,1.0,3.0,3.0,40,Travel_Rarely,Research & Development,28,3,Medical,1,2940,Male,2,Laboratory Technician,Divorced,54680,0.0,Y,12,8,0,22.0,6,21,3,9,No
10.4286624274875,9,4,3,4.0,1.0,3.0,39,Travel_Frequently,Sales,11,3,Marketing,1,496,Male,1,Sales Executive,Single,160150,1.0,Y,11,8,0,21.0,3,21,2,8,No
7.164461178045277,18,1,3,3.0,2.0,3.0,41,Non-Travel,Sales,2,2,Medical,1,971,Male,2,Research Scientist,Married,107980,6.0,Y,14,8,2,10.0,5,3,1,2,No
6.801379964301389,17,3,3,4.0,4.0,2.0,27,Non-Travel,Sales,1,3,Technical Degree,1,3298,Female,1,Sales Executive,Married,27130,1.0,Y,11,8,0,0.0,2,0,0,0,No
9.291220437304721,11,3,3,1.0,3.0,1.0,43,Travel_Rarely,Research & Development,2,2,Medical,1,738,Male,1,Laboratory Technician,Single,78610,1.0,Y,14,8,2,20.0,1,20,1,8,No
6.285266622043611,15,3,3,1.0,4.0,2.0,34,Travel_Frequently,Sales,29,4,Marketing,1,537,Male,1,Research Scientist,Single,115100,0.0,Y,14,8,1,7.0,5,6,0,4,No
6.164328424810278,23,4,3,2.0,2.0,3.0,40,Travel_Frequently,Sales,9,3,Medical,1,609,Male,1,Manufacturing Director,Married,45230,5.0,Y,16,8,1,5.0,5,0,0,0,No
9.657897144131944,18,4,3,2.0,4.0,2.0,41,Travel_Rarely,Research & Development,23,3,Life Sciences,1,410,Female,2,Sales Executive,Divorced,26570,4.0,Y,11,8,0,10.0,3,7,1,0,Yes
6.626446898705833,17,3,3,3.0,1.0,2.0,48,Travel_Rarely,Research & Development,2,5,Life Sciences,1,857,Male,1,Sales Executive,Married,47650,8.0,Y,12,8,1,10.0,4,8,7,6,No
6.035818830878889,6,2,3,1.0,4.0,2.0,40,Travel_Rarely,Research & Development,1,4,Medical,1,2640,Male,2,Research Director,Married,50710,8.0,Y,17,8,1,8.0,3,1,0,0,No
9.030951584114167,9,2,3,1.0,1.0,4.0,39,Non-Travel,Research & Development,2,4,Medical,1,3715,Male,2,Manufacturing Director,Single,43810,2.0,Y,15,8,2,11.0,1,1,0,0,Yes
5.792074966532778,21,2,3,3.0,4.0,2.0,27,Travel_Rarely,Sales,3,3,Life Sciences,1,3931,Male,1,Manager,Single,66940,1.0,Y,13,8,1,6.0,2,6,1,4,No
7.460047969656389,14,3,3,4.0,2.0,3.0,38,Travel_Rarely,Research & Development,19,3,Life Sciences,1,1159,Female,2,Sales Executive,Married,68930,0.0,Y,17,8,0,16.0,3,15,5,8,No
7.89557675145,9,2,3,3.0,4.0,3.0,30,Travel_Frequently,Sales,3,2,Marketing,1,128,Male,3,Research Scientist,Single,11290,9.0,Y,19,8,0,3.0,2,1,0,0,Yes
10.07705488621139,3,3,3,1.0,2.0,3.0,33,Travel_Rarely,Research & Development,8,2,Life Sciences,1,3481,Male,4,Manufacturing Director,Single,29040,4.0,Y,13,8,0,5.0,2,2,2,2,Yes
6.129713297634722,14,3,3,1.0,3.0,3.0,38,Travel_Frequently,Research & Development,1,4,Other,1,4101,Male,2,Research Scientist,Married,36690,2.0,Y,19,8,0,10.0,2,8,7,7,No
7.560360330209722,8,2,4,4.0,3.0,4.0,40,Travel_Frequently,Research & Development,21,3,Medical,1,1152,Female,3,Research Scientist,Married,197170,1.0,Y,21,8,0,10.0,1,10,9,4,No
7.464110887996389,4,3,3,2.0,3.0,3.0,30,Travel_Rarely,Sales,5,4,Medical,1,145,Female,2,Manufacturing Director,Single,54100,0.0,Y,17,8,1,6.0,2,5,4,4,No
6.239421017402778,23,1,3,2.0,3.0,2.0,24,Travel_Rarely,Research & Development,5,4,Other,1,4090,Male,1,Manufacturing Director,Single,178610,1.0,Y,11,8,2,4.0,5,4,1,2,No
7.3777153056669444,7,2,4,1.0,1.0,3.0,36,Travel_Rarely,Research & Development,14,3,Other,1,376,Male,2,Research Scientist,Married,39290,0.0,Y,24,8,0,6.0,6,5,0,3,No
7.731887550200556,5,3,4,4.0,4.0,4.0,18,Non-Travel,Research & Development,1,4,Medical,1,715,Male,2,Sales Executive,Single,27200,1.0,Y,22,8,1,0.0,2,0,0,0,No
8.434079651940833,19,2,3,2.0,1.0,4.0,36,Travel_Rarely,Research & Development,25,1,Life Sciences,1,2721,Female,4,Sales Executive,Married,170070,9.0,Y,12,8,1,6.0,2,1,0,0,No
6.926446898705834,16,3,3,4.0,2.0,3.0,51,Travel_Rarely,Human Resources,4,2,Human Resources,1,4342,Male,2,Sales Representative,Single,25700,3.0,Y,18,8,0,21.0,2,7,1,0,No
6.071384426595,21,3,3,4.0,2.0,1.0,24,Travel_Rarely,Human Resources,28,4,Human Resources,1,2084,Male,3,Manufacturing Director,Married,28860,1.0,Y,19,8,1,1.0,5,1,0,0,Yes
6.3239547077197225,21,2,3,1.0,2.0,3.0,38,Travel_Rarely,Research & Development,5,2,Life Sciences,1,50,Female,3,Research Scientist,Married,63840,3.0,Y,19,8,2,19.0,4,10,0,1,No
6.219141008478333,10,2,3,2.0,3.0,3.0,40,Travel_Rarely,Research & Development,3,3,Life Sciences,1,2191,Male,2,Sales Executive,Divorced,45770,5.0,Y,11,8,1,15.0,3,12,11,8,No
5.9003592146361115,21,2,3,4.0,3.0,3.0,50,Non-Travel,Human Resources,2,2,Life Sciences,1,494,Male,1,Laboratory Technician,Married,36880,0.0,Y,11,8,0,19.0,3,18,0,13,No
5.943022088353334,17,3,3,1.0,3.0,3.0,34,Non-Travel,Sales,1,2,Life Sciences,1,3660,Male,2,Research Scientist,Divorced,86210,1.0,Y,17,8,1,5.0,1,5,0,0,No
6.939856091030555,5,3,3,4.0,1.0,3.0,38,Travel_Rarely,Sales,6,3,Other,1,424,Male,2,Sales Executive,Married,87890,1.0,Y,11,8,3,15.0,4,15,5,11,No
5.975236501561667,20,3,4,4.0,4.0,4.0,32,Travel_Frequently,Sales,2,3,Marketing,1,4297,Male,3,Laboratory Technician,Divorced,77560,0.0,Y,21,8,0,9.0,3,8,0,7,No
7.058837572512222,20,3,3,4.0,4.0,2.0,36,Non-Travel,Sales,1,1,Medical,1,1190,Female,1,Human Resources,Divorced,132470,1.0,Y,14,8,0,15.0,3,15,11,11,No
6.401403391343056,7,1,3,3.0,3.0,2.0,32,Travel_Rarely,Sales,10,3,Marketing,1,369,Female,1,Human Resources,Married,30720,5.0,Y,12,8,0,9.0,4,5,1,3,No
6.247788933511667,10,4,4,4.0,3.0,3.0,47,Travel_Rarely,Research & Development,4,3,Life Sciences,1,3012,Female,2,Healthcare Representative,Married,59060,4.0,Y,23,8,0,21.0,4,3,1,1,No
7.460060240963611,4,2,3,3.0,1.0,3.0,26,Travel_Frequently,Sales,11,3,Marketing,1,3368,Male,2,Healthcare Representative,Single,22670,1.0,Y,19,8,3,7.0,2,7,0,7,No
6.2265261044175,6,3,3,4.0,4.0,3.0,33,Travel_Rarely,Sales,23,4,Marketing,1,2003,Female,4,Sales Executive,Divorced,39830,4.0,Y,12,8,0,9.0,3,3,1,2,No
6.985999553770555,20,3,3,4.0,4.0,4.0,32,Travel_Frequently,Sales,9,4,Life Sciences,1,2532,Male,4,Sales Executive,Single,43270,8.0,Y,13,8,0,4.0,4,0,0,0,No
8.735999553770556,15,2,4,3.0,3.0,3.0,40,Travel_Rarely,Research & Development,8,3,Medical,1,111,Female,1,Healthcare Representative,Married,86280,2.0,Y,20,8,0,8.0,2,6,1,0,Yes
9.773067826862778,17,2,3,1.0,3.0,3.0,30,Travel_Rarely,Sales,2,3,Life Sciences,1,1933,Male,2,Healthcare Representative,Married,40000,4.0,Y,12,8,0,7.0,5,5,0,1,Yes
6.0653792949575,20,3,3,3.0,4.0,3.0,31,Travel_Frequently,Research & Development,7,3,Life Sciences,1,3501,Male,1,Sales Executive,Married,52580,0.0,Y,14,8,3,3.0,5,2,2,2,No
10.082624944221111,16,3,3,3.0,2.0,2.0,46,Travel_Rarely,Research & Development,8,3,Life Sciences,1,1476,Female,4,Research Director,Married,40710,3.0,Y,13,8,0,28.0,5,7,7,7,No
7.2556816153502774,12,2,4,1.0,3.0,3.0,34,Travel_Rarely,Research & Development,1,4,Other,1,1316,Male,4,Laboratory Technician,Single,41980,1.0,Y,22,8,1,16.0,2,16,2,10,No
7.8872735385986115,15,3,3,4.0,3.0,3.0,32,Travel_Frequently,Research & Development,9,3,Life Sciences,1,624,Female,2,Research Scientist,Single,50700,4.0,Y,12,8,1,10.0,6,8,0,7,No
7.551838464970833,11,4,3,3.0,4.0,3.0,38,Travel_Rarely,Sales,4,4,Life Sciences,1,2862,Male,1,Manufacturing Director,Single,70820,1.0,Y,14,8,0,2.0,3,2,2,1,No
5.953782909415278,6,2,3,2.0,1.0,3.0,39,Travel_Rarely,Research & Development,4,3,Life Sciences,1,2616,Male,2,Sales Executive,Single,98520,0.0,Y,12,8,1,21.0,5,20,11,10,No
6.614474564926111,7,3,3,1.0,4.0,3.0,36,Non-Travel,Sales,28,1,Life Sciences,1,451,Male,2,Research Scientist,Divorced,48980,4.0,Y,13,8,1,12.0,3,7,0,7,No
7.104441097724167,18,2,4,3.0,2.0,4.0,31,Travel_Frequently,Research & Development,10,1,Life Sciences,1,1472,Female,1,Research Scientist,Single,41890,0.0,Y,23,8,1,6.0,3,5,1,4,Yes
7.071315261044167,17,2,3,2.0,4.0,3.0,34,Travel_Rarely,Research & Development,28,3,Technical Degree,1,2696,Male,1,Laboratory Technician,Divorced,107930,0.0,Y,11,8,3,3.0,1,2,1,2,No
5.947781124497777,11,3,3,2.0,4.0,3.0,34,Travel_Rarely,Research & Development,14,4,Technical Degree,1,3257,Male,2,Manufacturing Director,Single,61460,2.0,Y,12,8,0,10.0,3,4,1,3,No
6.460894689870556,19,3,3,2.0,2.0,3.0,44,Travel_Rarely,Research & Development,4,3,Life Sciences,1,2120,Female,1,Laboratory Technician,Married,42620,7.0,Y,18,8,0,26.0,2,22,3,10,No
6.500393797411666,14,3,3,3.0,1.0,3.0,34,Travel_Rarely,Sales,2,3,Marketing,1,1792,Male,1,Sales Representative,Single,103120,1.0,Y,12,8,0,6.0,2,6,1,3,No
6.629110887996389,7,2,3,4.0,4.0,3.0,38,Travel_Rarely,Sales,2,3,Marketing,1,1500,Female,1,Manager,Divorced,44480,9.0,Y,12,8,0,10.0,3,2,1,2,No
7.885165104863889,15,3,3,2.0,3.0,3.0,29,Travel_Rarely,Research & Development,29,4,Technical Degree,1,2145,Female,1,Sales Representative,Divorced,28860,3.0,Y,13,8,0,10.0,4,7,7,7,Yes
8.518757251226944,3,2,3,1.0,4.0,3.0,44,Travel_Frequently,Sales,2,2,Marketing,1,3848,Male,1,Laboratory Technician,Married,34520,4.0,Y,11,8,1,14.0,2,10,0,2,No
9.886398929049445,3,2,3,1.0,4.0,1.0,32,Travel_Rarely,Research & Development,9,1,Medical,1,3339,Female,1,Laboratory Technician,Single,27410,1.0,Y,15,8,1,1.0,5,1,0,1,Yes
5.8924631860775,13,2,3,2.0,1.0,2.0,29,Travel_Rarely,Sales,9,3,Life Sciences,1,3688,Male,1,Laboratory Technician,Single,111030,1.0,Y,12,8,0,10.0,5,10,0,9,No
6.938787371708889,9,3,4,3.0,1.0,4.0,60,Travel_Frequently,Research & Development,16,3,Life Sciences,1,3110,Female,4,Laboratory Technician,Married,23390,4.0,Y,20,8,0,22.0,4,18,13,11,No
7.825200803212778,11,2,3,2.0,3.0,3.0,50,Travel_Frequently,Research & Development,4,2,Medical,1,3211,Male,4,Sales Representative,Married,44240,3.0,Y,14,8,1,18.0,2,4,1,3,Yes
7.832437527889167,5,2,3,,3.0,3.0,32,Travel_Rarely,Research & Development,3,1,Medical,1,1813,Male,2,Manufacturing Director,Married,171810,1.0,Y,14,8,0,14.0,2,14,6,8,No
6.460911423471389,17,3,3,1.0,3.0,2.0,38,Travel_Rarely,Research & Development,1,2,Medical,1,2906,Male,4,Laboratory Technician,Divorced,64720,0.0,Y,12,8,0,17.0,4,16,5,13,No
7.565435073627778,14,4,3,3.0,1.0,3.0,41,Travel_Rarely,Research & Development,10,4,Medical,1,1361,Male,4,Research Scientist,Married,57430,2.0,Y,12,8,3,7.0,2,5,1,4,No
6.389250334671944,5,2,3,4.0,4.0,1.0,22,Travel_Rarely,Research & Development,2,2,Life Sciences,1,3313,Male,1,Sales Representative,Married,11020,6.0,Y,19,8,0,4.0,3,2,2,2,No
8.946868585452778,10,2,3,3.0,2.0,1.0,35,Travel_Rarely,Sales,24,3,Medical,1,3408,Male,3,Healthcare Representative,Divorced,20700,1.0,Y,13,8,3,5.0,1,4,0,2,Yes
6.734752342703889,19,1,3,2.0,2.0,4.0,40,Travel_Rarely,Research & Development,1,3,Medical,1,627,Female,2,Research Scientist,Divorced,37800,7.0,Y,12,8,0,7.0,2,5,1,3,No
6.089819277108333,6,3,3,3.0,1.0,2.0,30,Travel_Rarely,Research & Development,8,3,Medical,1,1995,Female,1,Sales Executive,Married,183000,0.0,Y,14,8,0,7.0,6,6,0,2,No
7.056963409192222,5,2,4,2.0,1.0,3.0,28,Travel_Rarely,Research & Development,9,3,Medical,1,45,Male,1,Sales Representative,Single,46480,0.0,Y,23,8,2,9.0,2,8,0,7,No
8.912962962962778,15,3,3,3.0,1.0,3.0,35,Non-Travel,Research & Development,5,4,Technical Degree,1,2736,Female,3,Manufacturing Director,Married,48980,2.0,Y,15,8,2,10.0,2,4,2,3,No
5.849622936189166,6,2,3,3.0,3.0,3.0,31,Non-Travel,Sales,4,1,Medical,1,1437,Female,3,Research Scientist,Married,96100,0.0,Y,11,8,1,6.0,2,5,1,4,No
6.74151048639,6,2,3,1.0,3.0,2.0,24,Non-Travel,Research & Development,1,5,Life Sciences,1,1233,Male,3,Research Scientist,Divorced,93800,0.0,Y,16,8,0,5.0,2,4,1,3,No
7.067703034359444,10,3,3,4.0,3.0,3.0,27,Travel_Rarely,Research & Development,6,2,Medical,1,3516,Female,1,Healthcare Representative,Married,42600,1.0,Y,11,8,2,4.0,2,4,2,2,No
6.742746541722222,16,3,3,3.0,4.0,3.0,59,Non-Travel,Research & Development,12,2,Life Sciences,1,4258,Male,2,Sales Executive,Married,47230,9.0,Y,14,8,0,30.0,0,3,2,2,No
7.659798081213611,11,2,4,4.0,4.0,4.0,43,Non-Travel,Research & Development,6,2,Medical,1,1406,Male,1,Healthcare Representative,Divorced,20280,4.0,Y,20,8,1,7.0,2,5,2,2,No
7.674410977242222,7,2,3,4.0,1.0,4.0,44,Travel_Rarely,Sales,26,1,Marketing,1,2291,Male,1,Sales Representative,Married,107610,3.0,Y,11,8,1,24.0,5,20,14,17,No
5.764557117358056,9,2,4,4.0,3.0,3.0,32,Non-Travel,Research & Development,7,2,Life Sciences,1,3152,Female,2,Research Director,Married,32980,8.0,Y,22,8,0,6.0,4,4,1,2,Yes
9.550373717090556,4,1,3,1.0,1.0,3.0,35,Travel_Rarely,Research & Development,2,3,Medical,1,3793,Female,1,Research Scientist,Divorced,25320,1.0,Y,13,8,0,1.0,2,1,0,0,Yes
9.437670682730833,2,2,3,3.0,4.0,3.0,33,Non-Travel,Research & Development,18,2,Medical,1,3881,Female,2,Healthcare Representative,Divorced,63850,1.0,Y,13,8,0,7.0,6,6,1,2,No
5.706788264167778,12,3,3,3.0,2.0,4.0,47,Non-Travel,Research & Development,1,4,Medical,1,2583,Male,1,Research Scientist,Married,45380,8.0,Y,11,8,0,16.0,3,8,1,7,No
5.835846720214167,18,3,3,1.0,4.0,2.0,57,Travel_Rarely,Research & Development,2,2,Life Sciences,1,167,Male,4,Research Scientist,Divorced,63060,3.0,Y,12,8,1,32.0,3,1,0,0,No
8.011560687193056,14,4,3,3.0,1.0,2.0,58,Travel_Rarely,Sales,1,4,Technical Degree,1,2179,Male,2,Sales Executive,Married,10090,7.0,Y,13,8,2,31.0,3,10,5,9,Yes
7.357505577866944,8,3,3,3.0,2.0,1.0,26,Travel_Frequently,Research & Development,1,4,Other,1,1491,Male,2,Laboratory Technician,Divorced,104470,1.0,Y,18,8,0,6.0,3,6,1,4,No
7.698510709504444,8,3,3,4.0,3.0,3.0,36,Non-Travel,Research & Development,8,4,Life Sciences,1,925,Male,4,Laboratory Technician,Married,103880,0.0,Y,14,8,0,4.0,2,3,1,2,No
6.724477911646389,13,3,3,3.0,4.0,3.0,48,Travel_Frequently,Sales,10,4,Marketing,1,3849,Female,3,Manager,Married,22700,2.0,Y,14,8,3,23.0,2,2,2,2,No
9.712416331994444,5,2,3,2.0,2.0,3.0,28,Travel_Rarely,Sales,1,2,Technical Degree,1,1825,Female,1,Sales Executive,Married,22310,1.0,Y,12,8,0,8.0,3,8,7,5,No
6.551402275769722,7,3,3,4.0,3.0,3.0,39,Travel_Rarely,Research & Development,12,5,Medical,1,1739,Female,1,Sales Representative,Single,62200,1.0,Y,14,8,2,20.0,2,20,11,10,No
6.7881961178044445,14,3,3,3.0,4.0,3.0,59,Non-Travel,Research & Development,12,2,Life Sciences,1,2788,Male,2,Sales Executive,Married,47230,9.0,Y,14,8,0,30.0,0,3,2,2,No
7.188787371708889,10,3,3,1.0,1.0,2.0,51,Travel_Frequently,Research & Development,1,3,Life Sciences,1,1323,Female,1,Sales Executive,Single,20730,3.0,Y,14,8,1,23.0,4,13,12,8,No
8.385918116911945,19,2,3,2.0,1.0,4.0,36,Travel_Rarely,Research & Development,25,1,Life Sciences,1,1251,Female,4,Sales Executive,Married,170070,9.0,Y,12,8,1,6.0,2,1,0,0,No
8.436279562695,14,3,3,4.0,4.0,3.0,27,Travel_Frequently,Sales,4,3,Technical Degree,1,1734,Male,5,Laboratory Technician,Divorced,21940,1.0,Y,12,8,0,6.0,5,6,0,4,No
5.915160642570278,19,4,3,2.0,3.0,3.0,34,Travel_Rarely,Research & Development,2,5,Technical Degree,1,3232,Male,2,Healthcare Representative,Single,49990,3.0,Y,12,8,2,10.0,2,5,4,3,No
6.596371039714167,8,3,3,3.0,2.0,3.0,24,Non-Travel,Sales,1,5,Marketing,1,329,Female,1,Manufacturing Director,Divorced,81890,1.0,Y,14,8,1,1.0,3,1,0,0,No
7.576481481481389,8,3,3,3.0,1.0,3.0,36,Travel_Rarely,Sales,2,4,Technical Degree,1,495,Male,4,Sales Executive,Single,54820,1.0,Y,18,8,0,18.0,3,17,15,14,Yes
7.416961178045278,21,3,4,3.0,4.0,3.0,38,Non-Travel,Sales,4,3,Life Sciences,1,446,Male,2,Research Director,Single,100480,1.0,Y,23,8,1,6.0,2,5,1,3,No
7.112595939312778,16,2,3,3.0,3.0,2.0,46,Travel_Rarely,Sales,19,4,Marketing,1,1625,Female,1,Sales Executive,Divorced,41080,2.0,Y,14,8,0,19.0,5,10,0,8,No
7.340606871931945,9,3,4,2.0,4.0,4.0,38,Travel_Rarely,Research & Development,3,4,Life Sciences,1,2589,Female,1,Sales Representative,Divorced,44900,2.0,Y,21,8,1,10.0,1,5,0,3,No
5.842812360553055,22,2,3,3.0,4.0,3.0,55,Travel_Rarely,Research & Development,11,1,Medical,1,2329,Female,1,Laboratory Technician,Married,26930,1.0,Y,18,8,0,36.0,6,36,2,13,No
6.857470995091389,14,2,3,2.0,3.0,3.0,32,Travel_Rarely,Sales,15,3,Marketing,1,2777,Male,1,Research Scientist,Single,101690,1.0,Y,14,8,0,12.0,6,11,5,7,No
8.419452253458056,11,4,3,2.0,4.0,3.0,38,Non-Travel,Sales,11,1,Marketing,1,4236,Male,2,Laboratory Technician,Divorced,24300,7.0,Y,13,8,2,17.0,2,13,1,9,No
6.205203034359444,10,3,3,4.0,1.0,2.0,37,Travel_Rarely,Research & Development,10,1,Technical Degree,1,1599,Male,1,Sales Executive,Divorced,133410,1.0,Y,14,8,1,18.0,3,18,12,17,No
7.175620258812778,14,2,4,2.0,1.0,3.0,35,Travel_Rarely,Research & Development,2,3,Medical,1,893,Female,2,Sales Executive,Married,21570,1.0,Y,25,8,0,16.0,1,16,1,10,No
8.462938420348056,17,2,4,4.0,4.0,3.0,20,Travel_Frequently,Sales,8,3,Marketing,1,3459,Male,3,Sales Executive,Single,34640,1.0,Y,20,8,0,2.0,3,2,0,2,Yes
7.486257251226944,9,3,3,4.0,4.0,3.0,34,Travel_Rarely,Research & Development,12,3,Technical Degree,1,3250,Male,1,Research Scientist,Single,45050,1.0,Y,12,8,0,6.0,3,6,1,4,No
8.471864123159166,7,3,4,1.0,3.0,4.0,51,Travel_Rarely,Sales,23,3,Medical,1,522,Female,2,Research Scientist,Married,192720,9.0,Y,20,8,0,18.0,2,10,2,7,Yes
5.967138554216667,6,2,3,3.0,1.0,2.0,41,Travel_Rarely,Sales,29,3,Life Sciences,1,1455,Female,2,Laboratory Technician,Divorced,52940,2.0,Y,15,8,0,17.0,3,1,0,0,No
6.9607463186075,17,3,3,3.0,2.0,4.0,34,Travel_Frequently,Sales,1,3,Life Sciences,1,2136,Male,2,Sales Executive,Married,24000,4.0,Y,18,8,1,14.0,3,10,1,8,No
10.246797188755,15,3,3,4.0,4.0,3.0,44,Travel_Rarely,Research & Development,16,3,Life Sciences,1,1963,Female,1,Healthcare Representative,Married,80200,3.0,Y,11,8,1,23.0,2,12,11,11,No
9.28184181169111,11,3,3,2.0,4.0,2.0,36,Travel_Rarely,Sales,10,4,Marketing,1,1834,Male,3,Manager,Married,86860,1.0,Y,13,8,0,18.0,2,18,4,11,No
6.035341365461667,23,3,3,4.0,2.0,3.0,31,Travel_Rarely,Research & Development,16,4,Life Sciences,1,778,Male,3,Human Resources,Single,42440,9.0,Y,13,8,0,8.0,3,3,0,2,No
8.222566934404167,8,3,4,4.0,4.0,4.0,44,Travel_Rarely,Human Resources,26,3,Life Sciences,1,4184,Male,5,Healthcare Representative,Married,47590,2.0,Y,21,8,0,9.0,2,4,1,3,No
6.880699464524723,9,3,3,4.0,1.0,3.0,31,Travel_Rarely,Research & Development,24,1,Medical,1,3082,Male,3,Laboratory Technician,Married,44400,1.0,Y,13,8,1,4.0,2,4,3,2,No
10.197545738509444,5,2,3,2.0,1.0,3.0,30,Travel_Rarely,Research & Development,6,4,Medical,1,691,Female,1,Sales Executive,Married,30410,1.0,Y,11,8,1,9.0,2,9,0,8,No
6.708148148148055,6,3,3,4.0,1.0,3.0,34,Travel_Rarely,Research & Development,10,4,Life Sciences,1,2261,Female,1,Sales Representative,Single,192460,3.0,Y,15,8,1,15.0,5,13,3,12,No
8.330619143239444,16,2,3,3.0,2.0,3.0,25,Travel_Rarely,Research & Development,1,2,Life Sciences,1,426,Male,1,Sales Executive,Married,32120,1.0,Y,15,8,1,1.0,3,1,0,0,Yes
6.807350513163611,17,1,4,4.0,4.0,3.0,36,Non-Travel,Human Resources,28,3,Human Resources,1,101,Male,2,Laboratory Technician,Single,24320,4.0,Y,22,8,0,7.0,4,1,0,0,No
7.885896921017222,7,3,3,4.0,3.0,3.0,55,Travel_Rarely,Research & Development,7,3,Medical,1,1278,Male,3,Research Scientist,Divorced,22720,2.0,Y,17,8,1,21.0,2,5,0,2,No
7.484521419009167,4,1,3,4.0,4.0,3.0,44,Travel_Rarely,Research & Development,3,4,Medical,1,3558,Male,2,Research Scientist,Single,25640,1.0,Y,12,8,3,20.0,3,20,13,17,No
6.066471441320833,23,3,3,3.0,1.0,3.0,28,Travel_Rarely,Research & Development,2,3,Life Sciences,1,3667,Female,2,Healthcare Representative,Married,111590,1.0,Y,12,8,0,5.0,2,5,0,4,No
5.63854194556,15,3,3,4.0,1.0,3.0,35,Travel_Rarely,Research & Development,2,3,Life Sciences,1,2375,Male,3,Healthcare Representative,Married,23210,9.0,Y,12,8,1,15.0,0,13,6,0,Yes
6.340751896474722,14,3,3,3.0,3.0,3.0,24,Travel_Rarely,Research & Development,6,3,Life Sciences,1,2430,Male,3,Sales Executive,Married,10520,1.0,Y,13,8,0,5.0,3,5,0,4,No
5.996275100401389,8,3,3,3.0,4.0,3.0,35,Travel_Rarely,Research & Development,10,1,Medical,1,4193,Male,1,Research Scientist,Divorced,57650,1.0,Y,14,8,1,1.0,2,1,0,0,No
8.698454930834444,14,3,3,1.0,1.0,3.0,36,Travel_Frequently,Sales,21,3,Life Sciences,1,871,Male,2,Human Resources,Married,23290,3.0,Y,15,8,0,9.0,2,3,0,2,No
7.471628737170834,11,2,3,3.0,3.0,2.0,29,Travel_Rarely,Research & Development,2,3,Life Sciences,1,4370,Male,1,Sales Executive,Single,49780,0.0,Y,13,8,0,7.0,3,6,1,5,Yes
6.9036334225791665,18,3,3,3.0,3.0,3.0,39,Travel_Frequently,Research & Development,22,3,Medical,1,2934,Female,1,Manufacturing Director,Single,129650,0.0,Y,19,8,1,20.0,2,19,11,8,No
6.683887773315278,15,1,3,1.0,2.0,3.0,36,Non-Travel,Research & Development,1,3,Life Sciences,1,4066,Male,2,Research Scientist,Married,28380,1.0,Y,19,8,2,5.0,5,5,0,2,No
5.719940874609445,20,3,3,3.0,4.0,3.0,37,Travel_Rarely,Sales,6,1,Technical Degree,1,2798,Male,1,Laboratory Technician,Single,46390,2.0,Y,12,8,2,12.0,3,5,1,3,No
7.063395805443889,14,3,3,3.0,3.0,3.0,40,Travel_Rarely,Research & Development,17,4,Life Sciences,1,1200,Male,1,Manager,Married,35780,2.0,Y,14,8,1,20.0,2,5,0,2,No
5.626890896920833,21,3,3,,1.0,3.0,42,Travel_Rarely,Sales,23,3,Marketing,1,3682,Female,3,Research Scientist,Married,26420,0.0,Y,13,8,1,21.0,3,20,0,9,No
7.362864792503333,18,2,3,2.0,2.0,2.0,40,Travel_Rarely,Sales,6,3,Life Sciences,1,2455,Male,3,Manufacturing Director,Single,104820,1.0,Y,11,8,1,21.0,6,21,12,8,No
6.8205577867022225,14,3,3,1.0,3.0,3.0,31,Travel_Rarely,Research & Development,10,4,Medical,1,4100,Female,3,Sales Executive,Married,61250,0.0,Y,13,8,1,3.0,3,2,1,2,No
6.733554216867223,22,2,4,3.0,4.0,4.0,32,Travel_Rarely,Research & Development,7,3,Life Sciences,1,3758,Female,3,Laboratory Technician,Single,44030,2.0,Y,20,8,0,10.0,3,5,0,0,No
5.506549531459167,23,3,3,4.0,4.0,2.0,28,Travel_Rarely,Research & Development,1,3,Life Sciences,1,2955,Male,1,Manufacturing Director,Married,25920,1.0,Y,14,8,0,5.0,2,5,0,4,No
6.950522088353333,15,2,3,4.0,4.0,3.0,46,Travel_Rarely,Research & Development,2,1,Medical,1,513,Female,3,Research Scientist,Divorced,49410,9.0,Y,13,8,2,23.0,2,2,2,2,No
8.5865785363675,16,3,4,1.0,1.0,2.0,27,Travel_Rarely,Research & Development,7,3,Life Sciences,1,632,Male,3,Manufacturing Director,Married,34080,1.0,Y,24,8,0,9.0,2,9,6,8,No
6.010130522088334,12,3,3,1.0,4.0,4.0,31,Travel_Rarely,Sales,1,3,Marketing,1,3167,Female,2,Sales Executive,Divorced,64650,4.0,Y,17,8,0,13.0,3,7,5,7,No
7.168520749665277,5,3,4,3.0,4.0,3.0,30,Travel_Rarely,Sales,25,3,Marketing,1,3093,Male,1,Sales Executive,Single,24060,2.0,Y,20,8,1,11.0,5,5,0,2,No
5.837516733600833,10,3,3,1.0,3.0,2.0,51,Travel_Rarely,Sales,16,3,Medical,1,1829,Male,3,Research Scientist,Married,94390,2.0,Y,15,8,3,29.0,0,20,4,17,No
7.528602186523611,8,3,3,1.0,3.0,3.0,33,Travel_Frequently,Research & Development,1,2,Life Sciences,1,2005,Female,1,Sales Executive,Single,62140,1.0,Y,19,8,2,14.0,3,13,3,8,Yes
7.502945113788333,9,2,3,1.0,4.0,3.0,47,Travel_Rarely,Research & Development,1,3,Technical Degree,1,3111,Male,5,Manufacturing Director,Divorced,135700,5.0,Y,16,8,2,20.0,2,5,0,4,No
7.285990629183333,11,2,4,4.0,2.0,4.0,36,Travel_Rarely,Research & Development,16,4,Life Sciences,1,2903,Male,1,Healthcare Representative,Single,67350,8.0,Y,25,8,2,16.0,3,13,3,7,No
6.272601517179722,16,3,3,1.0,3.0,3.0,51,Travel_Rarely,Research & Development,1,4,Life Sciences,1,2488,Female,1,Manager,Married,40330,2.0,Y,14,8,0,15.0,2,2,2,2,No
8.772318161535,19,2,3,2.0,3.0,3.0,36,Travel_Rarely,Research & Development,11,3,Life Sciences,1,2553,Male,1,Sales Executive,Married,131910,1.0,Y,14,8,1,10.0,2,10,1,7,No
7.5109002677375,6,3,3,4.0,4.0,3.0,54,Travel_Rarely,Research & Development,9,4,Life Sciences,1,3577,Male,2,Sales Executive,Married,20930,3.0,Y,19,8,0,36.0,2,10,0,9,No
6.796309683176944,17,2,3,1.0,4.0,3.0,31,Travel_Rarely,Research & Development,8,5,Life Sciences,1,1017,Male,5,Sales Executive,Married,131200,1.0,Y,12,8,2,13.0,6,12,5,7,No
7.512330432842222,9,2,3,1.0,3.0,3.0,47,Travel_Rarely,Research & Development,1,4,Life Sciences,1,4097,Male,2,Sales Executive,Single,42490,2.0,Y,13,8,1,25.0,2,17,12,11,No
7.200253235162778,16,2,3,3.0,4.0,3.0,28,Non-Travel,Research & Development,7,3,Life Sciences,1,1066,Male,1,Sales Executive,Divorced,89660,1.0,Y,16,8,1,3.0,3,3,2,2,No
7.373914547076945,17,3,4,3.0,1.0,3.0,34,Travel_Rarely,Research & Development,10,3,Life Sciences,1,3266,Male,3,Healthcare Representative,Married,47390,5.0,Y,24,8,2,6.0,2,3,1,2,No
6.527638331101945,14,3,3,1.0,1.0,2.0,59,Travel_Rarely,Research & Development,1,3,Technical Degree,1,1276,Male,1,Laboratory Technician,Single,166060,7.0,Y,11,8,0,28.0,6,21,7,9,No
7.659224676483611,11,3,3,1.0,4.0,3.0,53,Travel_Rarely,Research & Development,11,3,Medical,1,2701,Male,2,Manager,Married,21090,2.0,Y,13,8,0,31.0,3,25,3,7,No
10.050090361445555,13,3,3,4.0,2.0,4.0,19,Travel_Rarely,Research & Development,15,3,Life Sciences,1,1901,Male,2,Research Scientist,Single,160640,1.0,Y,15,8,1,1.0,3,1,0,0,Yes
5.4666990182952775,22,1,3,1.0,3.0,3.0,58,Travel_Rarely,Research & Development,27,3,Other,1,3621,Male,2,Laboratory Technician,Divorced,21870,1.0,Y,18,8,1,2.0,1,2,2,2,No
7.692792280231944,7,2,3,1.0,1.0,4.0,32,Travel_Rarely,Research & Development,2,4,Life Sciences,1,2823,Female,2,Research Director,Single,41480,7.0,Y,15,8,0,10.0,0,5,0,4,Yes
9.225821062025833,8,3,3,4.0,1.0,2.0,37,Travel_Rarely,Sales,2,4,Technical Degree,1,3260,Male,2,Manufacturing Director,Divorced,61720,0.0,Y,11,8,0,6.0,1,5,4,3,No
6.073225122713056,15,3,3,4.0,1.0,3.0,40,Travel_Rarely,Research & Development,1,4,Life Sciences,1,3815,Male,2,Laboratory Technician,Married,69320,1.0,Y,13,8,0,5.0,5,5,1,2,No
5.824533690316667,11,3,3,4.0,1.0,3.0,27,Travel_Rarely,Research & Development,2,1,Life Sciences,1,3832,Male,4,Research Scientist,Divorced,44470,1.0,Y,13,8,0,7.0,4,7,0,7,No
7.283348951360833,7,3,4,3.0,2.0,3.0,33,Travel_Rarely,Sales,9,1,Other,1,1434,Female,3,Sales Executive,Married,32950,6.0,Y,22,8,2,7.0,2,3,1,1,No
7.8047880410530555,6,3,3,4.0,3.0,3.0,38,Travel_Frequently,Sales,18,4,Life Sciences,1,1221,Male,2,Healthcare Representative,Single,41620,0.0,Y,15,8,1,10.0,1,9,1,8,No
9.226436858545277,12,3,3,4.0,4.0,3.0,28,Travel_Frequently,Research & Development,2,3,Life Sciences,1,3612,Female,2,Sales Representative,Married,21270,1.0,Y,14,8,0,2.0,3,2,2,2,No
8.678652387326945,6,4,3,4.0,3.0,2.0,36,Travel_Rarely,Sales,7,2,Life Sciences,1,1282,Male,4,Laboratory Technician,Married,144110,0.0,Y,18,8,3,2.0,2,1,0,0,Yes
6.901268406961111,17,3,4,4.0,2.0,2.0,36,Travel_Frequently,Sales,25,3,Marketing,1,1385,Female,2,Research Director,Single,55050,4.0,Y,21,8,2,13.0,3,8,7,2,No
7.665761936635278,19,2,4,4.0,3.0,2.0,47,Travel_Frequently,Research & Development,27,3,Life Sciences,1,1757,Male,1,Research Scientist,Divorced,54410,9.0,Y,22,8,1,28.0,6,22,11,13,No
5.8394076305219444,16,3,3,3.0,3.0,3.0,35,Non-Travel,Research & Development,29,3,Medical,1,3840,Female,2,Sales Executive,Married,78230,1.0,Y,13,8,1,15.0,3,14,2,9,No
6.605649263721389,16,3,3,4.0,3.0,2.0,31,Non-Travel,Research & Development,1,2,Technical Degree,1,3362,Female,2,Sales Executive,Married,27930,1.0,Y,16,8,0,9.0,4,9,0,0,No
10.457554663096667,9,2,3,3.0,3.0,2.0,47,Travel_Rarely,Research & Development,8,4,Medical,1,810,Female,2,Sales Representative,Married,23660,3.0,Y,17,8,0,11.0,5,5,1,2,No
6.975721775992778,15,3,3,1.0,3.0,3.0,34,Travel_Rarely,Research & Development,7,4,Medical,1,2252,Male,2,Research Scientist,Married,26940,1.0,Y,16,8,1,2.0,3,2,2,2,Yes
5.832747657295833,18,4,3,3.0,4.0,4.0,49,Travel_Rarely,Sales,7,2,Life Sciences,1,350,Female,2,Healthcare Representative,Married,89980,1.0,Y,14,8,2,9.0,2,9,7,7,Yes
8.810211958946667,18,3,3,2.0,2.0,2.0,40,Non-Travel,Research & Development,2,4,Life Sciences,1,1919,Male,1,Human Resources,Single,65450,4.0,Y,15,8,0,22.0,2,1,0,0,Yes
6.445216421240278,6,3,3,2.0,2.0,2.0,58,Non-Travel,Research & Development,2,4,Medical,1,1044,Male,1,Laboratory Technician,Divorced,23760,4.0,Y,12,8,1,37.0,3,16,14,14,No
6.242208835341111,10,2,3,2.0,4.0,3.0,36,Travel_Rarely,Human Resources,2,4,Technical Degree,1,423,Male,1,Sales Executive,Single,79180,2.0,Y,12,8,2,8.0,3,6,0,1,No
6.750593485051111,19,3,4,4.0,2.0,2.0,37,Travel_Rarely,Research & Development,1,3,Life Sciences,1,1980,Male,1,Laboratory Technician,Single,170680,3.0,Y,23,8,0,8.0,6,4,0,1,No
6.033902275769722,10,3,3,1.0,4.0,4.0,31,Travel_Rarely,Sales,1,3,Marketing,1,1697,Female,2,Sales Executive,Divorced,64650,4.0,Y,17,8,0,13.0,3,7,5,7,No
6.432338241856111,20,3,3,3.0,3.0,4.0,33,Travel_Rarely,Research & Development,3,4,Life Sciences,1,1803,Male,4,Manufacturing Director,Married,59020,0.0,Y,12,8,1,14.0,2,13,3,7,No
9.999784694332778,12,3,3,2.0,1.0,2.0,29,Travel_Rarely,Research & Development,29,3,Medical,1,3019,Female,1,Research Scientist,Married,23070,1.0,Y,13,8,1,7.0,0,7,0,7,Yes
6.1345771976794445,18,3,3,2.0,2.0,2.0,30,Travel_Rarely,Research & Development,4,3,Medical,1,2354,Female,1,Research Director,Married,21210,1.0,Y,13,8,1,6.0,2,6,1,1,No
6.9371095493083335,19,3,4,3.0,1.0,4.0,19,Travel_Frequently,Research & Development,10,2,Life Sciences,1,1384,Male,2,Healthcare Representative,Single,41870,0.0,Y,22,8,1,1.0,4,0,0,0,Yes
6.3247534582775,21,3,3,3.0,2.0,3.0,49,Travel_Rarely,Research & Development,7,3,Technical Degree,1,2267,Female,2,Sales Executive,Divorced,50940,3.0,Y,15,8,0,29.0,5,8,0,7,No
6.938559794734444,16,3,3,4.0,3.0,3.0,27,Travel_Rarely,Research & Development,6,2,Medical,1,576,Female,1,Healthcare Representative,Married,42600,1.0,Y,11,8,2,4.0,2,4,2,2,No
7.107310352521111,8,2,3,4.0,4.0,2.0,32,Travel_Frequently,Research & Development,9,2,Medical,1,4158,Female,2,Research Scientist,Single,35000,0.0,Y,16,8,1,8.0,2,7,3,6,No
5.517696340919167,19,2,3,3.0,2.0,2.0,28,Travel_Rarely,Research & Development,5,1,Technical Degree,1,816,Male,2,Laboratory Technician,Married,25590,1.0,Y,11,8,0,8.0,3,8,1,7,No
9.627891566265,6,2,3,3.0,2.0,2.0,37,Travel_Rarely,Sales,9,1,Marketing,1,3072,Male,3,Sales Executive,Single,44400,2.0,Y,11,8,1,18.0,3,1,0,1,No
8.867380633645556,4,3,3,3.0,4.0,3.0,38,Travel_Rarely,Research & Development,28,4,Medical,1,1554,Male,1,Laboratory Technician,Divorced,65830,0.0,Y,12,8,0,12.0,1,11,2,9,No
6.016653279785555,22,3,3,3.0,3.0,3.0,54,Travel_Rarely,Sales,23,3,Medical,1,3411,Female,1,Laboratory Technician,Married,136030,8.0,Y,13,8,1,22.0,2,10,0,8,No
7.299009370816389,7,3,3,1.0,3.0,2.0,43,Travel_Rarely,Sales,5,3,Marketing,1,592,Female,3,Research Scientist,Single,45220,8.0,Y,15,8,1,7.0,3,4,1,3,Yes
9.050841142346945,20,3,3,3.0,3.0,4.0,38,Travel_Rarely,Research & Development,1,3,Medical,1,1755,Female,3,Manager,Single,96190,4.0,Y,13,8,1,10.0,2,1,0,0,No
5.6741086568494445,14,4,3,1.0,4.0,3.0,52,Travel_Rarely,Research & Development,5,4,Medical,1,3432,Female,4,Human Resources,Married,14200,1.0,Y,13,8,1,33.0,2,32,6,9,Yes
7.011074297188611,14,3,3,1.0,2.0,3.0,43,Travel_Rarely,Sales,10,2,Life Sciences,1,3073,Female,1,Sales Executive,Divorced,46170,1.0,Y,11,8,0,25.0,2,25,3,9,No
7.347257920571111,11,1,3,3.0,4.0,4.0,31,Travel_Frequently,Research & Development,2,2,Medical,1,723,Female,2,Manufacturing Director,Single,53960,7.0,Y,17,8,1,3.0,2,1,0,0,Yes
6.319762382864722,21,3,4,4.0,2.0,2.0,53,Travel_Rarely,Research & Development,2,4,Technical Degree,1,2256,Male,2,Manager,Single,116910,4.0,Y,20,8,0,35.0,2,9,8,8,No
6.771051985720556,5,3,3,4.0,3.0,3.0,46,Travel_Rarely,Research & Development,28,3,Medical,1,1936,Female,3,Human Resources,Divorced,190450,6.0,Y,11,8,3,13.0,2,8,0,7,No
6.1679562695225,20,3,3,3.0,4.0,2.0,31,Travel_Rarely,Research & Development,2,4,Life Sciences,1,1669,Female,1,Sales Executive,Divorced,29090,9.0,Y,14,8,2,10.0,2,5,0,1,No
5.738057786702222,18,4,3,3.0,1.0,3.0,29,Travel_Rarely,Research & Development,1,3,Medical,1,3773,Female,1,Manager,Married,23140,3.0,Y,13,8,0,9.0,5,7,0,7,No
7.091624274877222,10,3,3,4.0,3.0,2.0,38,Travel_Rarely,Research & Development,11,2,Life Sciences,1,945,Male,1,Sales Executive,Married,198450,7.0,Y,11,8,1,7.0,3,0,0,0,No
6.2631046407852775,19,2,3,3.0,3.0,2.0,50,Travel_Rarely,Sales,19,4,Marketing,1,1396,Male,3,Sales Executive,Married,31950,2.0,Y,11,8,0,5.0,4,3,0,2,No
6.7630667112894445,8,3,3,2.0,2.0,1.0,32,Travel_Frequently,Research & Development,17,4,Other,1,1473,Male,4,Sales Executive,Married,193280,1.0,Y,15,8,3,5.0,2,5,0,3,No
5.953528558678889,10,3,3,2.0,4.0,3.0,34,Travel_Rarely,Research & Development,14,4,Technical Degree,1,317,Male,2,Manufacturing Director,Single,61460,2.0,Y,12,8,0,10.0,3,4,1,3,No
6.881342034805833,18,1,3,1.0,1.0,3.0,36,Non-Travel,Research & Development,7,2,Life Sciences,1,3252,Male,5,Sales Executive,Single,116310,1.0,Y,18,8,1,10.0,2,10,0,9,No
6.116209281570556,18,2,4,3.0,3.0,2.0,56,Non-Travel,Research & Development,8,1,Life Sciences,1,1184,Male,1,Sales Executive,Divorced,54670,1.0,Y,20,8,0,13.0,6,13,1,9,No
7.642694109772222,5,2,3,1.0,4.0,2.0,35,Travel_Rarely,Research & Development,5,4,Medical,1,323,Male,3,Manager,Married,16750,1.0,Y,16,8,0,3.0,6,3,0,2,No
8.068883311021667,10,3,4,3.0,4.0,2.0,29,Travel_Rarely,Research & Development,7,1,Life Sciences,1,4382,Female,1,Research Scientist,Single,21800,1.0,Y,21,8,0,4.0,2,4,0,1,Yes
6.552251227130555,19,3,3,3.0,1.0,2.0,48,Travel_Rarely,Research & Development,2,5,Life Sciences,1,2327,Male,1,Sales Executive,Married,47650,8.0,Y,12,8,1,10.0,4,8,7,6,No
7.261213743864166,10,4,3,4.0,4.0,3.0,37,Travel_Rarely,Research & Development,16,3,Life Sciences,1,1735,Male,3,Manager,Single,33880,3.0,Y,11,8,0,4.0,2,1,0,0,No
7.360277777777778,20,2,3,3.0,3.0,4.0,30,Travel_Rarely,Sales,3,4,Marketing,1,445,Male,1,Sales Executive,Divorced,64340,5.0,Y,14,8,1,10.0,3,8,7,7,No
9.57092369477889,17,3,3,4.0,4.0,3.0,26,Travel_Rarely,Research & Development,8,3,Medical,1,36,Male,2,Manager,Single,157870,1.0,Y,12,8,2,8.0,5,8,7,4,Yes
9.911811691209166,5,2,3,3.0,4.0,3.0,59,Travel_Rarely,Research & Development,16,4,Medical,1,1956,Female,5,Laboratory Technician,Single,186650,3.0,Y,12,8,0,30.0,3,5,4,3,No
6.358520749665278,22,3,4,4.0,3.0,2.0,32,Travel_Rarely,Sales,2,3,Marketing,1,49,Male,2,Laboratory Technician,Married,27060,1.0,Y,21,8,1,13.0,4,13,4,8,No
5.669370816599722,21,3,3,4.0,2.0,3.0,34,Travel_Rarely,Sales,9,3,Marketing,1,4334,Female,2,Manager,Single,53680,2.0,Y,14,8,1,9.0,2,3,1,2,No
5.952295850066666,5,2,3,2.0,1.0,1.0,31,Travel_Rarely,Research & Development,10,4,Life Sciences,1,1607,Male,3,Sales Executive,Married,21870,1.0,Y,15,8,1,13.0,2,13,3,12,No
5.983964747880278,6,2,3,3.0,1.0,2.0,41,Travel_Rarely,Sales,29,3,Life Sciences,1,4395,Female,2,Laboratory Technician,Divorced,52940,2.0,Y,15,8,0,17.0,3,1,0,0,No
6.742812360553056,7,4,3,2.0,2.0,3.0,38,Travel_Rarely,Sales,22,2,Medical,1,1855,Male,1,Sales Executive,Married,137340,0.0,Y,13,8,0,3.0,3,2,1,2,No
6.8804585006691665,21,1,3,1.0,3.0,3.0,24,Travel_Rarely,Research & Development,17,2,Life Sciences,1,3208,Female,1,Healthcare Representative,Single,25010,9.0,Y,12,8,0,4.0,3,2,2,0,Yes
6.263285363676666,13,3,3,3.0,4.0,3.0,43,Travel_Rarely,Research & Development,11,2,Life Sciences,1,2111,Male,3,Laboratory Technician,Married,168350,3.0,Y,17,8,1,25.0,3,8,0,7,No
5.899261490405833,15,1,3,3.0,4.0,2.0,36,Travel_Rarely,Human Resources,1,4,Life Sciences,1,3903,Female,3,Research Scientist,Single,41070,3.0,Y,11,8,1,17.0,2,13,6,7,No
7.0514926372152775,11,3,3,1.0,3.0,3.0,33,Travel_Rarely,Research & Development,16,3,Medical,1,1668,Female,1,Laboratory Technician,Divorced,20900,4.0,Y,16,8,0,10.0,2,6,0,5,No
6.462997545738333,19,3,4,1.0,4.0,3.0,43,Travel_Frequently,Sales,8,3,Medical,1,1059,Male,1,Research Director,Married,36000,1.0,Y,23,8,0,7.0,2,7,7,7,No
10.2200925925925,7,2,4,4.0,2.0,3.0,35,Travel_Rarely,Sales,2,1,Technical Degree,1,2558,Male,2,Laboratory Technician,Married,18590,0.0,Y,25,8,1,4.0,2,3,0,2,No
7.717887103971389,9,4,3,3.0,1.0,3.0,41,Travel_Rarely,Research & Development,10,4,Medical,1,4301,Male,4,Research Scientist,Married,57430,2.0,Y,12,8,3,7.0,2,5,1,4,No
7.651663319946389,5,3,3,4.0,3.0,3.0,39,Travel_Rarely,Sales,2,2,Medical,1,3807,Female,1,Sales Executive,Married,20080,2.0,Y,12,8,0,11.0,3,7,7,6,No
7.670443998215,8,2,4,3.0,4.0,3.0,43,Travel_Rarely,Sales,25,2,Life Sciences,1,518,Male,3,Research Scientist,Divorced,50550,5.0,Y,22,8,0,18.0,2,1,0,0,No
8.659184515841112,15,3,3,3.0,4.0,3.0,23,Travel_Rarely,Research & Development,12,2,Medical,1,2426,Male,2,Research Scientist,Divorced,75250,1.0,Y,14,8,2,3.0,2,3,0,2,Yes
7.717950691655278,9,3,3,4.0,3.0,,36,Non-Travel,Research & Development,8,4,Life Sciences,1,2395,Male,4,Laboratory Technician,Married,103880,0.0,Y,14,8,0,4.0,2,3,1,2,No
6.637696340919167,12,3,3,4.0,3.0,3.0,18,Travel_Rarely,Sales,7,3,Life Sciences,1,2984,Male,1,Research Scientist,Single,38120,1.0,Y,15,8,0,0.0,3,0,0,0,No
6.461750334671945,9,3,3,4.0,2.0,3.0,55,Travel_Frequently,Research & Development,23,5,Life Sciences,1,2000,Male,3,Laboratory Technician,Married,36970,3.0,Y,13,8,1,23.0,1,3,1,2,No
10.065025658188056,8,4,3,3.0,3.0,3.0,37,Travel_Rarely,Research & Development,2,2,Medical,1,3672,Female,1,Healthcare Representative,Married,54050,7.0,Y,15,8,0,8.0,3,6,1,3,No
6.546893128067778,6,3,4,3.0,2.0,4.0,33,Non-Travel,Sales,7,3,Life Sciences,1,1334,Male,2,Sales Executive,Married,112450,0.0,Y,21,8,0,8.0,3,7,0,7,No
9.61010821062,12,3,3,3.0,4.0,1.0,51,Travel_Rarely,Research & Development,8,4,Life Sciences,1,4244,Female,5,Sales Representative,Single,24500,0.0,Y,12,8,1,11.0,2,10,1,0,No
9.914504685408055,14,3,3,3.0,4.0,3.0,35,Travel_Rarely,Research & Development,16,3,Medical,1,1193,Female,2,Healthcare Representative,Single,23940,1.0,Y,16,8,1,9.0,3,9,1,7,No
8.334608433734722,11,2,3,1.0,1.0,3.0,29,Travel_Rarely,Research & Development,8,2,Medical,1,3996,Male,1,Manager,Divorced,28530,4.0,Y,14,8,1,4.0,5,2,2,0,Yes
6.7622010263275,4,3,4,3.0,3.0,3.0,34,Non-Travel,Research & Development,28,3,Medical,1,1606,Male,1,Laboratory Technician,Married,56770,9.0,Y,20,8,1,6.0,3,3,1,2,No
5.969952030343333,16,3,3,2.0,4.0,2.0,30,Travel_Frequently,Research & Development,4,5,Medical,1,1836,Male,5,Sales Representative,Divorced,30580,9.0,Y,14,8,1,10.0,2,5,0,3,No
6.04333556448,21,2,3,3.0,2.0,4.0,29,Travel_Rarely,Research & Development,19,4,Life Sciences,1,3104,Male,3,Research Scientist,Married,17900,5.0,Y,16,8,1,6.0,4,2,1,1,Yes
7.899023873270833,14,3,3,2.0,1.0,3.0,38,Travel_Rarely,Sales,6,4,Life Sciences,1,1417,Female,3,Research Scientist,Married,107480,7.0,Y,15,8,0,17.0,3,1,0,0,Yes
6.135947121820555,17,3,3,2.0,1.0,3.0,39,Travel_Rarely,Research & Development,6,2,Life Sciences,1,3831,Male,3,Research Scientist,Married,106090,2.0,Y,17,8,1,10.0,2,7,7,7,No
6.8915774207941665,14,3,3,4.0,4.0,1.0,52,Travel_Rarely,Research & Development,12,3,Medical,1,151,Male,2,Research Scientist,Married,48780,2.0,Y,11,8,1,31.0,3,5,1,4,No
8.656552878179166,12,2,3,2.0,4.0,3.0,33,Travel_Rarely,Sales,3,4,Medical,1,2638,Male,3,Healthcare Representative,Married,16110,0.0,Y,14,8,0,10.0,2,9,8,1,No
9.626575189647221,16,3,3,1.0,4.0,4.0,39,Travel_Rarely,Research & Development,17,4,Technical Degree,1,3669,Female,2,Healthcare Representative,Married,104750,3.0,Y,11,8,1,8.0,3,5,1,4,No
5.941614234716389,20,3,3,2.0,3.0,4.0,34,Travel_Rarely,Sales,4,3,Medical,1,1212,Female,1,Sales Executive,Married,12610,2.0,Y,14,8,1,6.0,6,4,1,2,No
7.954294957608056,13,2,3,4.0,4.0,4.0,35,Travel_Frequently,Research & Development,17,4,Medical,1,2399,Male,1,Research Director,Single,54720,3.0,Y,11,8,1,13.0,3,11,6,7,Yes
9.266327532351388,18,4,3,3.0,4.0,3.0,46,Travel_Rarely,Sales,3,4,Marketing,1,3960,Female,1,Sales Representative,Divorced,42720,7.0,Y,13,8,0,24.0,3,2,2,2,No
7.0466030789825,12,2,3,4.0,4.0,4.0,45,Travel_Rarely,Research & Development,7,2,Other,1,1968,Male,1,Human Resources,Married,56610,3.0,Y,12,8,0,26.0,2,9,1,1,No
6.807791164658611,7,2,3,1.0,2.0,2.0,49,Travel_Rarely,Research & Development,25,2,Life Sciences,1,3360,Female,2,Sales Executive,Married,43450,4.0,Y,15,8,0,29.0,3,26,1,7,No
7.278512940651389,13,3,3,4.0,2.0,3.0,25,Travel_Rarely,Research & Development,11,3,Medical,1,3200,Male,2,Manufacturing Director,Married,100960,0.0,Y,11,8,1,4.0,3,3,1,2,No
6.841839580544167,8,3,3,,4.0,3.0,36,Travel_Rarely,Research & Development,28,1,Life Sciences,1,12,Male,1,Laboratory Technician,Married,33770,0.0,Y,12,8,2,16.0,2,15,10,11,No
7.335841142346944,6,3,3,2.0,3.0,3.0,31,Travel_Rarely,Research & Development,2,4,Life Sciences,1,2554,Female,5,Manager,Divorced,103770,1.0,Y,14,8,0,10.0,2,10,0,2,No
6.872951807228889,8,3,3,1.0,4.0,3.0,44,Travel_Rarely,Research & Development,3,1,Life Sciences,1,1241,Female,1,Manufacturing Director,Married,23450,3.0,Y,15,8,2,24.0,0,22,5,17,No
10.133579875055556,7,3,3,3.0,2.0,2.0,32,Travel_Rarely,Research & Development,1,1,Medical,1,2539,Male,2,Laboratory Technician,Single,27410,7.0,Y,11,8,0,7.0,3,2,2,2,Yes
5.816591923248334,15,3,3,4.0,2.0,3.0,27,Travel_Rarely,Sales,2,3,Life Sciences,1,116,Male,1,Sales Executive,Divorced,23670,,Y,12,8,1,5.0,2,5,0,4,No
6.038636769299167,21,2,3,3.0,1.0,3.0,32,Non-Travel,Research & Development,11,2,Other,1,593,Female,2,Research Scientist,Divorced,44870,1.0,Y,11,8,0,1.0,5,1,0,0,No
5.691851851851666,16,3,3,2.0,1.0,2.0,35,Travel_Frequently,Human Resources,9,3,Other,1,2751,Female,2,Sales Representative,Married,40840,4.0,Y,13,8,1,5.0,3,3,1,2,No
9.871730254350556,8,3,4,3.0,4.0,2.0,26,Travel_Rarely,Research & Development,4,4,Life Sciences,1,1267,Female,3,Sales Executive,Married,47890,7.0,Y,20,8,1,5.0,2,2,0,0,No
7.175858991521389,7,3,3,1.0,2.0,4.0,26,Travel_Rarely,Research & Development,19,4,Technical Degree,1,218,Female,4,Sales Executive,Married,119940,1.0,Y,14,8,1,6.0,6,5,1,4,No
6.285761936635278,14,3,3,1.0,3.0,1.0,39,Travel_Frequently,Research & Development,2,3,Technical Degree,1,2372,Female,2,Manager,Single,131940,0.0,Y,11,8,0,10.0,2,9,3,8,No
7.159543730477222,18,3,3,1.0,3.0,2.0,26,Travel_Rarely,Sales,4,3,Marketing,1,4195,Male,2,Manager,Single,24040,1.0,Y,12,8,0,1.0,6,1,0,1,Yes
8.335877956269444,11,3,3,2.0,4.0,2.0,43,Travel_Rarely,Research & Development,10,5,Technical Degree,1,1702,Female,2,Sales Executive,Divorced,26830,4.0,Y,11,8,0,21.0,3,1,0,0,No
10.431641008478334,10,1,4,2.0,4.0,2.0,29,Travel_Rarely,Sales,4,2,Other,1,2038,Female,2,Healthcare Representative,Married,65400,1.0,Y,22,8,0,10.0,2,10,1,2,No
8.246529451137778,4,2,4,3.0,3.0,4.0,35,Travel_Frequently,Sales,7,2,Life Sciences,1,2669,Male,2,Manufacturing Director,Married,32290,1.0,Y,25,8,0,10.0,2,10,0,2,No
7.208980365908055,21,3,3,3.0,4.0,3.0,32,Travel_Rarely,Sales,1,3,Medical,1,3214,Male,2,Sales Executive,Single,136640,3.0,Y,14,8,0,10.0,6,7,7,7,No
7.039192324854723,5,4,3,1.0,1.0,1.0,41,Non-Travel,Research & Development,12,3,Life Sciences,1,3547,Male,2,Sales Representative,Divorced,195660,6.0,Y,16,8,0,5.0,2,1,0,0,Yes
7.535359214636111,8,4,3,4.0,4.0,3.0,29,Travel_Rarely,Research & Development,1,3,Life Sciences,1,1584,Female,2,Research Director,Single,66670,9.0,Y,12,8,1,6.0,6,3,1,2,No
6.468415885765277,16,3,3,1.0,3.0,3.0,56,Travel_Frequently,Research & Development,1,2,Life Sciences,1,515,Female,2,Manufacturing Director,Married,52280,2.0,Y,11,8,0,18.0,4,5,0,3,No
6.313620035698333,8,3,3,1.0,1.0,1.0,29,Travel_Rarely,Research & Development,5,3,Life Sciences,1,820,Female,2,Research Scientist,Single,109340,6.0,Y,17,8,2,11.0,2,9,0,7,Yes
7.293268630075834,10,3,4,3.0,4.0,2.0,51,Travel_Rarely,Research & Development,1,2,Life Sciences,1,1589,Male,1,Sales Executive,Married,41050,4.0,Y,22,8,1,18.0,2,7,0,7,No
8.168871039714167,18,2,3,3.0,3.0,3.0,42,Travel_Rarely,Sales,7,4,Medical,1,1563,Male,3,Research Scientist,Divorced,22260,0.0,Y,12,8,1,4.0,3,3,1,0,No
9.0256135653725,12,3,3,4.0,3.0,3.0,33,Travel_Frequently,Research & Development,10,2,Medical,1,1216,Male,2,Research Scientist,Married,34200,1.0,Y,14,8,0,8.0,3,8,3,0,No
7.206921017402777,10,3,4,3.0,2.0,3.0,33,Travel_Rarely,Sales,9,1,Other,1,2904,Female,3,Sales Executive,Married,32950,6.0,Y,22,8,2,7.0,2,3,1,1,No
6.783265283355555,22,3,3,3.0,1.0,2.0,56,Travel_Frequently,Research & Development,20,4,Life Sciences,1,3084,Female,3,Sales Executive,Married,53210,9.0,Y,14,8,0,36.0,1,7,7,7,No
6.253131414546944,17,2,3,4.0,3.0,3.0,36,Travel_Rarely,Sales,1,3,Marketing,1,2155,Male,2,Sales Executive,Married,166270,3.0,Y,12,8,0,10.0,5,7,1,7,No
5.709175591253889,23,2,3,1.0,4.0,2.0,36,Travel_Rarely,Sales,1,3,Marketing,1,3701,Male,2,Research Scientist,Single,35050,1.0,Y,12,8,2,10.0,2,10,1,8,No
7.493621151271666,4,4,3,1.0,3.0,3.0,31,Travel_Rarely,Research & Development,3,2,Life Sciences,1,2460,Male,3,Laboratory Technician,Married,77560,1.0,Y,15,8,2,6.0,3,5,0,2,No
6.3796184738955555,12,3,3,2.0,2.0,1.0,51,Travel_Rarely,Research & Development,2,1,Medical,1,1426,Female,1,Manufacturing Director,Married,39070,5.0,Y,13,8,0,16.0,2,10,4,7,No
5.675686077643889,20,3,3,2.0,1.0,3.0,44,Travel_Rarely,Research & Development,18,4,Life Sciences,1,2002,Female,2,Sales Executive,Married,21190,9.0,Y,15,8,0,24.0,3,20,3,6,Yes
7.7671519410975,3,3,3,1.0,4.0,3.0,35,Travel_Rarely,Research & Development,2,3,Life Sciences,1,1696,Female,5,Sales Executive,Single,24960,4.0,Y,17,8,3,9.0,3,3,0,2,No
9.250929272646111,4,3,3,3.0,4.0,2.0,30,Travel_Rarely,Research & Development,7,3,Technical Degree,1,1815,Male,2,Research Director,Single,14830,5.0,Y,13,8,0,12.0,3,0,0,0,No
7.603064480142778,16,3,3,3.0,1.0,4.0,45,Travel_Rarely,Research & Development,24,2,Medical,1,1387,Male,2,Sales Executive,Divorced,54760,4.0,Y,13,8,1,9.0,3,5,0,3,No
7.138200580098055,9,3,4,4.0,3.0,3.0,35,Travel_Rarely,Sales,8,4,Life Sciences,1,3915,Male,1,Laboratory Technician,Married,24610,2.0,Y,20,8,1,17.0,4,7,0,7,No
6.525485274430833,10,2,3,1.0,3.0,2.0,59,Travel_Frequently,Research & Development,10,4,Life Sciences,1,4223,Male,3,Research Scientist,Single,23080,7.0,Y,19,8,1,20.0,4,4,1,3,No
8.035565595716111,14,4,3,3.0,1.0,2.0,58,Travel_Rarely,Sales,1,4,Technical Degree,1,3649,Male,2,Sales Executive,Married,10090,7.0,Y,13,8,2,31.0,3,10,5,9,Yes
6.512884872824444,11,3,3,3.0,2.0,3.0,24,Non-Travel,Sales,1,5,Marketing,1,3269,Female,1,Manufacturing Director,Divorced,81890,1.0,Y,14,8,1,1.0,3,1,0,0,No
7.492128514056111,10,3,4,1.0,3.0,2.0,24,Travel_Rarely,Sales,6,2,Marketing,1,4249,Male,2,Research Scientist,Married,40870,0.0,Y,20,8,3,4.0,1,3,0,2,No
6.0286590807675,6,3,3,2.0,1.0,3.0,44,Travel_Rarely,Research & Development,18,4,Life Sciences,1,3472,Female,2,Sales Executive,Married,21190,9.0,Y,15,8,0,24.0,3,20,3,6,Yes
6.900551093261667,8,2,3,3.0,2.0,3.0,32,Non-Travel,Sales,18,3,Marketing,1,1895,Male,1,Laboratory Technician,Married,23890,6.0,Y,12,8,1,5.0,4,3,0,2,No
5.908227353859722,7,2,3,3.0,1.0,4.0,55,Non-Travel,Research & Development,2,3,Medical,1,1987,Female,2,Manager,Single,75470,7.0,Y,16,8,0,31.0,2,9,6,2,No
7.407235609103055,4,3,3,4.0,2.0,2.0,27,Travel_Rarely,Sales,15,3,Marketing,1,2874,Male,1,Research Scientist,Single,39860,1.0,Y,12,8,2,7.0,3,7,0,3,No
6.426741410084722,7,3,3,2.0,1.0,1.0,35,Travel_Rarely,Research & Development,25,1,Medical,1,1123,Male,1,Sales Executive,Married,54100,0.0,Y,18,8,0,6.0,4,5,0,4,No
10.275802097277777,12,3,3,3.0,2.0,2.0,46,Travel_Rarely,Research & Development,8,3,Life Sciences,1,6,Female,4,Research Director,Married,40710,3.0,Y,13,8,0,28.0,5,7,7,7,No
7.141579651940833,21,2,3,2.0,3.0,3.0,42,Travel_Frequently,Research & Development,2,4,Medical,1,3124,Female,1,Research Scientist,Married,29770,4.0,Y,15,8,3,8.0,3,2,2,0,No
6.3577933958052775,17,1,3,4.0,2.0,3.0,24,Travel_Rarely,Sales,7,3,Medical,1,219,Female,1,Laboratory Technician,Married,12320,1.0,Y,12,8,0,1.0,4,1,0,0,No
7.929331771530555,12,3,4,3.0,2.0,3.0,58,Travel_Rarely,Research & Development,2,4,Life Sciences,1,3357,Male,1,Research Scientist,Divorced,26220,2.0,Y,23,8,0,24.0,3,6,0,4,No
7.676127844711944,9,3,3,4.0,4.0,4.0,35,Travel_Frequently,Research & Development,3,3,Medical,1,3531,Female,2,Laboratory Technician,Married,22580,1.0,Y,11,8,1,2.0,2,2,2,2,No
9.720699464524722,4,2,4,3.0,4.0,3.0,22,Travel_Frequently,Research & Development,22,4,Medical,1,3543,Male,1,Sales Representative,Married,26540,0.0,Y,24,8,0,1.0,5,0,0,0,Yes
10.365647032574723,3,3,3,2.0,1.0,2.0,29,Travel_Rarely,Research & Development,29,3,Medical,1,1549,Female,1,Research Scientist,Married,23070,1.0,Y,13,8,1,7.0,0,7,0,7,Yes
10.318504016064166,9,2,3,2.0,2.0,3.0,36,Travel_Rarely,Research & Development,8,3,Life Sciences,1,1724,Male,2,Research Scientist,Divorced,59150,2.0,Y,13,8,1,13.0,3,3,0,2,No
5.5232954038375,19,3,3,3.0,2.0,4.0,42,Travel_Frequently,Sales,2,2,Marketing,1,38,Male,3,Research Director,Married,29560,5.0,Y,13,8,0,23.0,2,20,4,8,No
7.20052097278,19,3,3,2.0,3.0,3.0,49,Travel_Rarely,Sales,2,3,Technical Degree,1,1588,Male,2,Manufacturing Director,Single,52040,8.0,Y,14,8,1,26.0,3,5,0,0,No
7.344952030343333,20,1,3,1.0,4.0,2.0,21,Non-Travel,Research & Development,1,5,Life Sciences,1,105,Female,2,Manager,Single,28630,1.0,Y,14,8,0,3.0,2,3,2,2,No
6.306462516733333,11,3,3,3.0,1.0,2.0,21,Travel_Rarely,Research & Development,1,4,Life Sciences,1,3460,Male,1,Manager,Single,57750,1.0,Y,18,8,0,1.0,2,1,1,0,Yes
5.722452030343334,22,4,3,1.0,1.0,4.0,40,Travel_Rarely,Sales,10,1,Life Sciences,1,3777,Female,1,Manufacturing Director,Married,65240,0.0,Y,13,8,1,9.0,2,8,7,1,No
9.858256358768333,4,4,3,3.0,4.0,3.0,46,Travel_Rarely,Sales,3,4,Marketing,1,1020,Female,1,Sales Representative,Divorced,42720,7.0,Y,13,8,0,24.0,3,2,2,2,No
5.862107318161389,14,3,3,3.0,2.0,3.0,25,Travel_Rarely,Sales,20,5,Medical,1,4094,Female,2,Laboratory Technician,Married,85000,4.0,Y,12,8,0,6.0,2,2,1,2,No
6.607699687639444,7,2,3,1.0,3.0,3.0,42,Travel_Frequently,Sales,10,3,Marketing,1,3092,Female,2,Healthcare Representative,Divorced,28370,2.0,Y,13,8,1,19.0,0,5,0,2,No
7.835346943328611,5,1,3,1.0,4.0,2.0,25,Travel_Rarely,Research & Development,1,4,Medical,1,2216,Male,2,Sales Executive,Married,25000,4.0,Y,14,8,2,7.0,2,3,0,2,No
8.6537918340025,18,3,4,2.0,2.0,3.0,27,Travel_Rarely,Research & Development,8,2,Medical,1,4150,Male,1,Laboratory Technician,Married,164220,1.0,Y,20,8,1,6.0,3,6,0,3,No
8.643457161981111,18,3,3,3.0,2.0,3.0,27,Non-Travel,Research & Development,2,3,Life Sciences,1,74,Male,1,Research Director,Married,168230,0.0,Y,17,8,0,6.0,3,5,1,4,No
5.659800312360278,21,3,3,1.0,4.0,3.0,45,Non-Travel,Research & Development,9,2,Medical,1,1407,Female,1,Sales Executive,Married,95250,9.0,Y,19,8,0,22.0,3,20,11,8,No
8.896499330655834,5,3,3,4.0,1.0,3.0,52,Travel_Rarely,Sales,2,1,Medical,1,1681,Male,1,Laboratory Technician,Divorced,99800,3.0,Y,11,8,1,18.0,2,10,6,9,No
6.993895582329166,8,2,3,1.0,3.0,,25,Travel_Rarely,Research & Development,7,4,Life Sciences,1,736,Male,1,Sales Executive,Married,22160,2.0,Y,13,8,3,6.0,2,3,1,2,No
7.30958389112,15,3,3,2.0,4.0,4.0,33,Travel_Frequently,Research & Development,2,3,Medical,1,2203,Female,1,Sales Executive,Married,87930,6.0,Y,17,8,0,8.0,2,5,1,2,No
10.275272199910555,6,3,3,3.0,1.0,3.0,33,Travel_Rarely,Sales,2,3,Marketing,1,1886,Female,1,Sales Executive,Single,59140,3.0,Y,16,8,1,6.0,4,3,0,2,No
7.213215082552222,19,2,3,1.0,4.0,3.0,47,Travel_Rarely,Research & Development,1,3,Technical Degree,1,171,Male,5,Manufacturing Director,Divorced,135700,5.0,Y,16,8,2,20.0,2,5,0,4,No
8.247273538598611,13,3,3,3.0,4.0,2.0,26,Travel_Rarely,Human Resources,9,3,Life Sciences,1,3595,Male,2,Research Scientist,Single,68110,1.0,Y,11,8,1,8.0,4,8,2,2,No
5.561284024988611,19,3,3,3.0,2.0,3.0,34,Travel_Rarely,Sales,4,3,Marketing,1,4267,Female,2,Sales Representative,Divorced,50630,6.0,Y,12,8,1,12.0,2,1,0,0,No
7.205607987505555,13,4,3,4.0,1.0,1.0,40,Travel_Rarely,Research & Development,2,3,Medical,1,3766,Male,2,Research Director,Single,47750,3.0,Y,15,8,1,15.0,3,5,1,0,Yes
5.9697010263275,17,3,4,4.0,4.0,2.0,27,Travel_Frequently,Research & Development,7,3,Life Sciences,1,3853,Male,1,Research Scientist,Single,28110,2.0,Y,20,8,0,6.0,3,4,1,2,No
6.426178045515278,21,3,3,2.0,2.0,3.0,44,Travel_Rarely,Research & Development,4,3,Life Sciences,1,3590,Female,1,Laboratory Technician,Married,42620,7.0,Y,18,8,0,26.0,2,22,3,10,No
7.874303882195278,10,3,3,1.0,1.0,3.0,26,Travel_Frequently,Sales,2,3,Life Sciences,1,3445,Male,2,Research Scientist,Married,48210,6.0,Y,14,8,2,6.0,2,3,1,2,Yes
7.823163766175556,5,2,3,3.0,1.0,3.0,23,Travel_Rarely,Sales,2,3,Medical,1,3268,Female,4,Manufacturing Director,Married,45590,1.0,Y,18,8,1,1.0,2,0,0,0,Yes
7.458285363676667,10,4,3,2.0,3.0,3.0,47,Travel_Frequently,Sales,1,3,Medical,1,90,Female,2,Laboratory Technician,Single,68340,3.0,Y,16,8,1,5.0,2,0,0,0,No
6.405162873716945,11,3,3,3.0,4.0,4.0,37,Travel_Rarely,Research & Development,1,3,Life Sciences,1,2956,Male,2,Healthcare Representative,Married,53460,4.0,Y,11,8,0,7.0,2,5,0,1,No
7.055689424363889,14,3,3,4.0,3.0,3.0,23,Travel_Rarely,Sales,2,3,Medical,1,2123,Male,3,Laboratory Technician,Married,18780,1.0,Y,13,8,1,1.0,2,1,0,1,No
10.706489290495277,6,3,3,4.0,1.0,3.0,46,Travel_Rarely,Sales,12,3,Marketing,1,1991,Female,3,Healthcare Representative,Divorced,89430,8.0,Y,12,8,1,19.0,6,16,1,7,No
9.567613788487222,6,1,3,4.0,1.0,2.0,42,Travel_Rarely,Research & Development,6,3,Medical,1,4102,Male,2,Laboratory Technician,Divorced,100080,6.0,Y,19,8,1,9.0,3,4,1,2,No
10.004975457385,13,3,3,3.0,1.0,3.0,33,Travel_Rarely,Sales,2,3,Marketing,1,3356,Female,1,Sales Executive,Single,59140,3.0,Y,16,8,1,6.0,4,3,0,2,No
9.241253904506667,19,4,3,4.0,3.0,3.0,27,Travel_Rarely,Research & Development,2,5,Life Sciences,1,2210,Female,1,Research Scientist,Single,137700,1.0,Y,18,8,1,8.0,3,8,7,7,Yes
9.787185408299722,5,4,3,4.0,4.0,2.0,22,Non-Travel,Research & Development,8,3,Life Sciences,1,2700,Female,3,Sales Executive,Divorced,108510,1.0,Y,16,8,1,1.0,2,1,0,0,No
7.101197010263055,19,3,4,3.0,4.0,3.0,22,Travel_Rarely,Research & Development,3,3,Medical,1,4313,Male,1,Laboratory Technician,Married,132690,1.0,Y,25,8,1,2.0,2,2,2,2,No
5.7144622936188885,15,3,3,4.0,3.0,3.0,37,Travel_Rarely,Sales,24,2,Life Sciences,1,3311,Female,4,Laboratory Technician,Divorced,42570,4.0,Y,15,8,0,9.0,2,1,0,0,No
5.780863453815,12,2,3,4.0,3.0,3.0,52,Travel_Rarely,Research & Development,29,3,Life Sciences,1,330,Male,2,Manufacturing Director,Married,29420,8.0,Y,11,8,1,9.0,1,5,1,4,No
6.515,20,3,3,3.0,1.0,3.0,43,Travel_Frequently,Research & Development,5,3,Medical,1,3495,Female,2,Laboratory Technician,Married,96990,8.0,Y,19,8,1,18.0,3,8,0,1,No
7.018004239178889,22,2,3,1.0,3.0,3.0,23,Travel_Rarely,Research & Development,2,4,Medical,1,3765,Female,2,Manager,Single,49360,0.0,Y,19,8,1,5.0,2,4,1,2,No
7.391375502007778,18,4,3,2.0,1.0,3.0,29,Travel_Rarely,Research & Development,16,2,Life Sciences,1,1228,Female,4,Laboratory Technician,Divorced,36460,1.0,Y,14,8,0,10.0,3,10,8,8,No
5.957641677822222,5,2,3,2.0,2.0,3.0,27,Travel_Rarely,Research & Development,11,2,Medical,1,82,Male,1,Manager,Married,43930,1.0,Y,18,8,1,8.0,2,8,0,7,No
7.507265729585,6,3,3,4.0,4.0,4.0,29,Travel_Frequently,Research & Development,6,2,Medical,1,2531,Male,1,Human Resources,Married,41150,1.0,Y,11,8,0,11.0,1,11,3,10,No
7.252484381972222,18,3,4,2.0,2.0,3.0,36,Non-Travel,Research & Development,5,4,Life Sciences,1,1518,Male,1,Sales Executive,Married,85780,7.0,Y,21,8,0,,4,9,0,8,No
7.311571842927222,6,3,3,4.0,1.0,1.0,27,Travel_Rarely,Research & Development,10,3,Life Sciences,1,1767,Female,1,Laboratory Technician,Single,29560,8.0,Y,13,8,0,9.0,6,7,0,7,No
7.462809013833056,14,1,3,2.0,4.0,3.0,32,Travel_Frequently,Sales,2,2,Life Sciences,1,1367,Female,1,Manufacturing Director,Single,21660,1.0,Y,19,8,1,9.0,4,9,3,7,No
7.476610887996389,4,2,3,4.0,3.0,1.0,32,Travel_Rarely,Research & Development,6,3,Technical Degree,1,984,Male,1,Research Scientist,Married,36600,3.0,Y,11,8,2,10.0,0,4,0,2,No
6.9255053547522225,9,3,3,4.0,4.0,4.0,38,Travel_Frequently,Research & Development,19,2,Life Sciences,1,3870,Male,2,Research Scientist,Married,24510,7.0,Y,12,8,1,19.0,3,13,2,9,No
6.859631860776389,5,3,3,1.0,2.0,3.0,32,Travel_Rarely,Research & Development,26,3,Medical,1,2450,Female,2,Research Director,Single,88230,6.0,Y,13,8,2,10.0,3,0,0,0,Yes
5.830821062025834,22,3,3,3.0,4.0,3.0,42,Travel_Rarely,Research & Development,7,4,Life Sciences,1,4384,Female,2,Sales Executive,Married,34450,1.0,Y,11,8,2,22.0,2,22,11,15,No
6.890585676037222,7,1,3,4.0,2.0,4.0,20,Travel_Rarely,Research & Development,17,4,Medical,1,230,Female,1,Sales Representative,Single,22930,1.0,Y,13,8,2,1.0,3,1,0,0,No
6.029400937081389,15,2,3,4.0,2.0,2.0,49,Travel_Frequently,Research & Development,6,1,Medical,1,2681,Male,3,Healthcare Representative,Married,29960,2.0,Y,18,8,1,17.0,2,9,0,8,No
5.7109348505130555,23,3,3,4.0,3.0,3.0,38,Travel_Rarely,Sales,8,2,Marketing,1,1411,Male,5,Research Scientist,Married,49300,9.0,Y,14,8,0,14.0,0,1,0,0,No
6.1039792503344446,22,3,3,2.0,4.0,2.0,29,Travel_Rarely,Sales,10,2,Life Sciences,1,4358,Female,2,Research Scientist,Married,15550,1.0,Y,19,8,2,10.0,2,10,1,9,Yes
8.039129852744166,19,4,3,4.0,1.0,3.0,37,Travel_Rarely,Research & Development,7,2,Medical,1,2557,Male,1,Manufacturing Director,Married,20110,5.0,Y,13,8,0,16.0,4,5,0,4,No
5.704860553324167,13,3,3,4.0,1.0,3.0,46,Travel_Rarely,Research & Development,25,1,Medical,1,2892,Male,5,Research Scientist,Divorced,34330,7.0,Y,18,8,0,17.0,3,4,0,3,No
6.0337817938419445,13,3,3,2.0,3.0,3.0,36,Travel_Rarely,Research & Development,1,3,Medical,1,127,Female,5,Healthcare Representative,Married,196360,1.0,Y,12,8,1,10.0,3,10,9,0,No
7.179499107541111,5,2,3,4.0,4.0,3.0,45,Travel_Rarely,Research & Development,28,3,Life Sciences,1,2373,Female,2,Laboratory Technician,Divorced,50670,1.0,Y,11,8,2,10.0,3,10,3,9,No
6.860230923694722,9,3,3,3.0,3.0,3.0,39,Travel_Frequently,Research & Development,12,1,Medical,1,1662,Male,1,Research Scientist,Married,99910,1.0,Y,16,8,1,8.0,3,8,0,7,No
6.097392904953056,12,2,3,4.0,4.0,3.0,34,Travel_Rarely,Research & Development,26,3,Medical,1,205,Male,1,Laboratory Technician,Single,52370,1.0,Y,19,8,1,10.0,3,10,5,7,No
9.001659973226111,13,3,3,3.0,3.0,3.0,30,Non-Travel,Research & Development,2,4,Other,1,2144,Male,1,Research Scientist,Single,20960,7.0,Y,11,8,3,10.0,2,8,1,7,No
6.208324408745833,22,3,3,3.0,4.0,4.0,32,Travel_Rarely,Research & Development,10,4,Other,1,3618,Female,1,Sales Executive,Married,42330,1.0,Y,11,8,0,10.0,5,10,0,8,No
6.977737617135,7,1,4,4.0,3.0,3.0,32,Non-Travel,Research & Development,15,3,Medical,1,3439,Male,2,Manager,Single,69290,9.0,Y,20,8,0,10.0,6,8,7,7,No
6.4357128514055555,16,3,3,2.0,1.0,4.0,30,Travel_Frequently,Research & Development,9,3,Other,1,223,Male,2,Healthcare Representative,Married,68250,1.0,Y,14,8,0,1.0,2,1,0,0,Yes
7.872810129406389,4,3,3,4.0,1.0,3.0,33,Travel_Rarely,Research & Development,8,5,Medical,1,1025,Male,2,Laboratory Technician,Married,82240,6.0,Y,19,8,0,14.0,3,10,7,6,No
6.227095046853889,6,2,3,4.0,4.0,3.0,33,Travel_Rarely,Research & Development,7,3,Medical,1,3872,Male,5,Sales Executive,Divorced,109990,1.0,Y,18,8,3,6.0,3,6,0,4,No
7.4074319500222225,12,4,3,4.0,4.0,2.0,32,Travel_Rarely,Research & Development,5,3,Medical,1,1423,Male,1,Healthcare Representative,Married,34770,1.0,Y,11,8,0,14.0,2,14,9,8,Yes
9.933382418563056,5,2,3,1.0,2.0,3.0,26,Travel_Rarely,Research & Development,4,3,Medical,1,2971,Male,3,Research Scientist,Divorced,68540,2.0,Y,11,8,0,5.0,5,3,0,2,Yes
6.046664435519722,17,1,3,2.0,4.0,2.0,36,Travel_Frequently,Research & Development,5,3,Medical,1,4030,Female,4,Manufacturing Director,Single,177790,1.0,Y,17,8,1,10.0,5,10,0,8,No
6.770162873716944,11,3,3,3.0,2.0,3.0,41,Travel_Rarely,Research & Development,1,5,Medical,1,2661,Male,1,Healthcare Representative,Divorced,40810,2.0,Y,13,8,0,14.0,3,5,0,4,No
8.84156626506,4,1,4,2.0,3.0,3.0,39,Travel_Frequently,Research & Development,26,4,Technical Degree,1,3083,Female,1,Sales Executive,Divorced,30670,1.0,Y,20,8,1,21.0,5,21,1,6,No
6.0077242302541665,7,3,4,4.0,3.0,2.0,34,Travel_Frequently,Research & Development,5,3,Medical,1,1628,Male,2,Research Scientist,Divorced,137440,0.0,Y,20,8,1,3.0,3,2,1,0,Yes
8.969786925479445,14,2,3,4.0,1.0,3.0,36,Travel_Rarely,Research & Development,27,3,Technical Degree,1,2491,Female,4,Research Scientist,Married,50560,7.0,Y,12,8,0,15.0,2,12,5,7,No
5.4792871485941665,22,3,3,4.0,3.0,3.0,36,Travel_Rarely,Sales,15,2,Life Sciences,1,1590,Male,1,Sales Executive,Married,96790,4.0,Y,12,8,0,6.0,1,2,2,2,No
7.251845158411389,15,2,3,3.0,4.0,3.0,28,Non-Travel,Research & Development,7,3,Life Sciences,1,2536,Male,1,Sales Executive,Divorced,89660,1.0,Y,16,8,1,3.0,3,3,2,2,No
7.732893797411666,9,4,3,3.0,1.0,3.0,37,Travel_Rarely,Research & Development,5,3,Life Sciences,1,1577,Male,4,Research Scientist,Married,21440,6.0,Y,19,8,0,17.0,3,5,0,3,No
8.66107429718861,17,1,3,1.0,3.0,3.0,48,Travel_Rarely,Research & Development,2,4,Technical Degree,1,1263,Female,1,Sales Executive,Single,45910,9.0,Y,16,8,0,23.0,6,1,0,0,Yes
7.364775769745555,5,3,3,2.0,4.0,3.0,33,Travel_Rarely,Research & Development,2,2,Technical Degree,1,455,Male,2,Laboratory Technician,Single,34790,3.0,Y,12,8,0,5.0,3,3,0,2,No
9.079743418116667,10,3,3,1.0,1.0,3.0,42,Travel_Frequently,Human Resources,8,2,Medical,1,3570,Male,1,Sales Executive,Married,106480,3.0,Y,13,8,1,20.0,1,1,0,0,No
7.643196117804444,4,4,3,4.0,4.0,3.0,29,Travel_Rarely,Research & Development,1,3,Life Sciences,1,3054,Female,2,Research Director,Single,66670,9.0,Y,12,8,1,6.0,6,3,1,2,No
6.207484381972222,7,2,3,1.0,2.0,3.0,27,Travel_Rarely,Sales,5,4,Medical,1,2687,Female,4,Manufacturing Director,Married,44000,9.0,Y,17,8,1,6.0,3,2,2,2,No
6.2013933511825,11,3,3,2.0,3.0,3.0,24,Travel_Rarely,Research & Development,2,1,Life Sciences,1,1326,Male,2,Laboratory Technician,Married,34070,0.0,Y,13,8,1,6.0,4,5,1,2,No
5.738525211958889,15,3,3,1.0,1.0,2.0,36,Travel_Frequently,Sales,16,2,Life Sciences,1,711,Male,1,Research Scientist,Married,12810,2.0,Y,11,8,0,17.0,2,15,6,13,No
9.482291387773056,5,2,3,2.0,4.0,2.0,24,Travel_Rarely,Human Resources,2,5,Human Resources,1,1247,Male,3,Sales Executive,Married,47680,2.0,Y,11,8,1,6.0,2,2,2,0,Yes
7.893450468540555,9,2,4,4.0,3.0,3.0,34,Non-Travel,Research & Development,7,4,Medical,1,2480,Female,1,Research Scientist,Divorced,196260,1.0,Y,21,8,0,15.0,5,15,0,7,No
6.271755912538889,9,3,3,3.0,1.0,1.0,52,Travel_Rarely,Research & Development,5,2,Life Sciences,1,2213,Female,1,Healthcare Representative,Married,27590,9.0,Y,18,8,1,12.0,6,5,0,4,No
6.475850066934167,22,3,3,2.0,4.0,2.0,29,Travel_Frequently,Research & Development,16,4,Medical,1,2965,Male,1,Laboratory Technician,Single,65130,1.0,Y,11,8,1,10.0,2,10,0,9,No
5.878951360999444,19,2,3,4.0,3.0,1.0,31,Travel_Frequently,Research & Development,29,3,Life Sciences,1,828,Female,2,Healthcare Representative,Single,25150,1.0,Y,14,8,0,7.0,3,7,7,7,Yes
7.482317045961389,3,3,3,2.0,3.0,3.0,51,Travel_Rarely,Research & Development,1,3,Other,1,1369,Female,3,Research Director,Married,80080,2.0,Y,15,8,1,10.0,4,1,0,0,No
6.295962739848056,15,3,3,1.0,3.0,2.0,20,Travel_Rarely,Research & Development,6,3,Medical,1,599,Male,5,Research Director,Single,83920,1.0,Y,17,8,0,2.0,5,2,1,2,No
6.778555332440833,21,3,3,2.0,4.0,2.0,34,Travel_Rarely,Research & Development,1,5,Medical,1,1716,Male,1,Research Scientist,Married,53810,1.0,Y,12,8,0,10.0,0,10,8,8,No
6.9595381526102775,15,3,3,1.0,3.0,3.0,34,Travel_Rarely,Research & Development,7,4,Medical,1,782,Male,2,Research Scientist,Married,26940,1.0,Y,16,8,1,2.0,3,2,2,2,Yes
6.517575858991389,7,3,3,2.0,4.0,2.0,29,Travel_Rarely,Sales,10,2,Life Sciences,1,1418,Female,2,Research Scientist,Married,15550,1.0,Y,19,8,2,10.0,2,10,1,9,Yes
5.995146140115834,8,3,3,3.0,1.0,2.0,30,Travel_Rarely,Research & Development,8,3,Medical,1,3465,Female,1,Sales Executive,Married,183000,0.0,Y,14,8,0,7.0,6,6,0,2,No
7.3389904060686115,20,2,3,4.0,1.0,3.0,32,Travel_Rarely,Human Resources,12,2,Human Resources,1,2784,Female,1,Sales Representative,Single,20610,1.0,Y,15,8,1,1.0,2,1,0,0,No
7.100759705488611,13,3,3,4.0,1.0,3.0,30,Travel_Rarely,Sales,3,3,Life Sciences,1,2226,Male,3,Sales Executive,Divorced,51210,7.0,Y,13,8,0,8.0,4,3,0,2,No
8.748442659526944,5,3,3,3.0,4.0,3.0,34,Travel_Frequently,Research & Development,9,4,Life Sciences,1,1111,Female,2,Manufacturing Director,Married,26250,1.0,Y,12,8,3,16.0,4,15,6,11,No
6.5216834002675,14,3,3,3.0,3.0,3.0,38,Travel_Frequently,Sales,9,3,Marketing,1,3790,Male,1,Manufacturing Director,Married,52040,3.0,Y,13,8,1,10.0,2,6,1,2,No
8.147132976349722,7,2,3,4.0,4.0,3.0,40,Non-Travel,Research & Development,7,3,Medical,1,841,Male,1,Research Scientist,Divorced,28000,3.0,Y,12,8,2,8.0,0,2,2,2,No
7.165988398036389,20,4,3,3.0,3.0,2.0,29,Travel_Rarely,Research & Development,23,4,Life Sciences,1,2317,Female,2,Healthcare Representative,Married,45370,6.0,Y,18,8,1,5.0,5,1,0,0,No
7.528402498884167,5,4,4,4.0,4.0,2.0,50,Travel_Rarely,Research & Development,11,2,Life Sciences,1,2916,Male,2,Sales Executive,Divorced,62940,3.0,Y,23,8,1,32.0,2,7,0,6,No
5.916270638107778,15,3,3,4.0,2.0,2.0,44,Travel_Rarely,Sales,24,5,Medical,1,1830,Female,1,Sales Executive,Single,25660,9.0,Y,11,8,1,10.0,3,5,2,3,No
7.1230522088352775,5,3,3,3.0,1.0,2.0,36,Travel_Rarely,Research & Development,24,3,Other,1,3702,Female,3,Research Director,Married,63970,4.0,Y,14,8,1,11.0,3,3,0,2,No
9.775122713074444,15,4,3,2.0,4.0,2.0,41,Travel_Rarely,Research & Development,23,3,Life Sciences,1,3350,Female,2,Sales Executive,Divorced,26570,4.0,Y,11,8,0,10.0,3,7,1,0,Yes
7.664451137884722,10,2,3,4.0,2.0,3.0,40,Non-Travel,Research & Development,25,4,Other,1,2253,Female,1,Sales Executive,Divorced,31490,2.0,Y,15,8,1,16.0,1,9,4,8,No
9.09250334672,18,3,3,2.0,3.0,4.0,22,Travel_Rarely,Research & Development,15,4,Life Sciences,1,3349,Female,1,Laboratory Technician,Married,124900,0.0,Y,13,8,0,4.0,3,3,0,2,Yes
10.273971441320834,8,3,3,4.0,2.0,4.0,19,Travel_Rarely,Research & Development,15,3,Life Sciences,1,431,Male,2,Research Scientist,Single,160640,1.0,Y,15,8,1,1.0,3,1,0,0,Yes
7.056212628290833,17,4,3,1.0,2.0,3.0,41,Travel_Frequently,Research & Development,16,1,Medical,1,1579,Female,1,Research Scientist,Single,28100,1.0,Y,11,8,0,8.0,3,8,7,7,Yes
7.578834225791945,13,2,3,3.0,3.0,3.0,32,Travel_Rarely,Research & Development,3,1,Medical,1,3283,Male,2,Manufacturing Director,Married,171810,1.0,Y,14,8,0,14.0,2,14,6,8,No
8.1225925925925,11,3,4,4.0,4.0,4.0,44,Travel_Rarely,Human Resources,26,3,Life Sciences,1,2714,Male,5,Healthcare Representative,Married,47590,2.0,Y,21,8,0,9.0,2,4,1,3,No
7.2354071842925,5,3,3,2.0,4.0,2.0,34,Travel_Rarely,Research & Development,1,5,Medical,1,3186,Male,1,Research Scientist,Married,53810,1.0,Y,12,8,0,10.0,0,10,8,8,No
6.372264614011389,19,3,3,3.0,2.0,3.0,30,Travel_Rarely,Research & Development,3,3,Life Sciences,1,1594,Female,2,Manager,Married,59680,1.0,Y,13,8,0,1.0,3,1,0,0,No
10.363639000446112,6,2,3,2.0,3.0,3.0,33,Travel_Rarely,Research & Development,9,3,Medical,1,3778,Female,2,Manufacturing Director,Married,28990,1.0,Y,17,8,0,15.0,3,15,5,7,No
7.241318607764167,21,3,3,4.0,2.0,3.0,24,Travel_Rarely,Sales,7,4,Life Sciences,1,584,Female,1,Laboratory Technician,Single,25760,8.0,Y,17,8,3,6.0,3,4,1,2,No
7.239323962516667,18,3,3,2.0,1.0,4.0,23,Travel_Rarely,Sales,13,3,Marketing,1,293,Male,5,Sales Executive,Married,42210,1.0,Y,11,8,1,5.0,4,4,0,2,No
7.034967648371111,9,3,3,1.0,4.0,3.0,27,Travel_Rarely,Research & Development,3,3,Life Sciences,1,1952,Male,2,Human Resources,Married,31610,0.0,Y,13,8,2,4.0,0,3,2,2,No
6.431491521641944,14,2,3,2.0,2.0,3.0,32,Travel_Frequently,Research & Development,12,5,Medical,1,384,Male,1,Research Scientist,Married,95470,1.0,Y,13,8,1,10.0,3,10,5,3,No
7.191614234716389,10,3,3,4.0,2.0,2.0,51,Travel_Rarely,Research & Development,4,1,Medical,1,3654,Female,3,Manufacturing Director,Single,40280,3.0,Y,14,8,0,29.0,3,5,0,3,No
9.8119667559125,14,3,3,4.0,2.0,3.0,56,Travel_Rarely,Research & Development,24,4,Life Sciences,1,719,Male,2,Laboratory Technician,Married,32210,4.0,Y,15,8,2,33.0,2,19,15,9,No
9.569344042837777,10,3,3,3.0,1.0,2.0,59,Travel_Rarely,Sales,2,2,Marketing,1,2689,Female,5,Sales Representative,Married,20660,4.0,Y,12,8,1,12.0,3,1,0,0,No
7.51890896921,13,4,3,4.0,3.0,4.0,39,Travel_Rarely,Research & Development,7,3,Life Sciences,1,2820,Female,1,Research Scientist,Married,196580,4.0,Y,13,8,1,17.0,3,15,5,9,No
5.9144143239625,19,2,3,3.0,2.0,4.0,54,Travel_Rarely,Research & Development,5,2,Life Sciences,1,3193,Female,2,Sales Executive,Married,40140,2.0,Y,19,8,1,16.0,4,9,7,1,No
7.4793373493975,11,2,3,4.0,2.0,3.0,36,Travel_Frequently,Research & Development,16,1,Medical,1,2653,Male,2,Sales Executive,Divorced,105960,7.0,Y,15,8,0,18.0,3,4,0,2,No
8.486725792056944,11,3,3,3.0,3.0,3.0,43,Travel_Rarely,Sales,27,4,Life Sciences,1,139,Male,2,Sales Representative,Divorced,39770,4.0,Y,18,8,1,8.0,3,5,0,2,No
6.5375334672019445,5,3,4,2.0,2.0,3.0,45,Travel_Rarely,Research & Development,16,1,Medical,1,502,Male,2,Sales Executive,Single,54840,1.0,Y,20,8,3,6.0,6,6,0,4,No
7.099283801873889,16,3,3,3.0,1.0,2.0,28,Travel_Frequently,Sales,1,3,Marketing,1,2281,Male,2,Laboratory Technician,Single,17060,7.0,Y,12,8,0,8.0,3,0,0,0,Yes
6.816080990629167,7,3,3,2.0,2.0,1.0,32,Travel_Frequently,Research & Development,17,4,Other,1,3,Male,4,Sales Executive,Married,193280,1.0,Y,15,8,3,5.0,2,5,0,3,No
7.238873270861111,5,3,3,4.0,3.0,3.0,34,Travel_Rarely,Sales,1,3,Medical,1,4129,Female,1,Laboratory Technician,Married,62320,1.0,Y,13,8,1,8.0,3,8,1,7,No
5.701992414100833,23,1,3,4.0,1.0,3.0,56,Travel_Rarely,Research & Development,3,2,Other,1,594,Male,2,Healthcare Representative,Divorced,44490,4.0,Y,15,8,0,28.0,3,5,4,2,No
7.0746976796072225,11,3,3,2.0,3.0,3.0,36,Travel_Rarely,Human Resources,1,3,Human Resources,1,3804,Male,1,Research Scientist,Single,23770,6.0,Y,13,8,2,15.0,3,1,0,0,No
7.9861624274875,10,3,4,3.0,2.0,3.0,58,Travel_Rarely,Research & Development,2,4,Life Sciences,1,417,Male,1,Research Scientist,Divorced,26220,2.0,Y,23,8,0,24.0,3,6,0,4,No
6.271857429718611,19,2,3,1.0,3.0,2.0,59,Travel_Frequently,Research & Development,10,4,Life Sciences,1,1283,Male,3,Research Scientist,Single,23080,7.0,Y,19,8,1,20.0,4,4,1,3,No
7.258201695671389,14,2,3,3.0,1.0,3.0,41,Travel_Frequently,Sales,1,4,Other,1,2173,Female,2,Healthcare Representative,Divorced,55610,0.0,Y,11,8,0,10.0,2,9,1,7,No
6.966372155287778,12,3,3,3.0,3.0,3.0,30,Travel_Frequently,Research & Development,4,5,Technical Degree,1,3184,Male,3,Manager,Divorced,57720,1.0,Y,17,8,0,1.0,3,1,0,0,No
9.97234158857639,10,3,4,4.0,4.0,1.0,35,Travel_Rarely,Research & Development,2,1,Life Sciences,1,3359,Male,3,Healthcare Representative,Married,106090,1.0,Y,22,8,0,10.0,3,10,0,7,No
6.994711066488056,10,3,4,3.0,4.0,3.0,30,Travel_Rarely,Sales,25,3,Marketing,1,1623,Male,1,Sales Executive,Single,24060,2.0,Y,20,8,1,11.0,5,5,0,2,No
5.721664435519722,15,3,3,2.0,4.0,3.0,43,Travel_Rarely,Sales,16,2,Marketing,1,1012,Female,1,Laboratory Technician,Single,67820,0.0,Y,16,8,1,10.0,2,9,1,8,No
7.258459393128056,19,3,3,1.0,3.0,2.0,54,Travel_Rarely,Research & Development,14,3,Other,1,4080,Male,3,Research Scientist,Married,66740,3.0,Y,17,8,1,9.0,2,4,2,3,No
7.377986390004445,19,3,3,4.0,3.0,3.0,38,Travel_Frequently,Sales,18,4,Life Sciences,1,4161,Male,2,Healthcare Representative,Single,41620,0.0,Y,15,8,1,10.0,1,9,1,8,No
7.397981927710833,19,1,3,2.0,1.0,2.0,46,Travel_Rarely,Sales,2,3,Life Sciences,1,1242,Female,1,Research Scientist,Single,34200,3.0,Y,13,8,2,22.0,3,2,2,1,No
6.848671352074723,9,2,3,4.0,1.0,4.0,53,Travel_Rarely,Research & Development,24,3,Other,1,1715,Female,3,Manager,Single,22690,7.0,Y,11,8,1,18.0,2,14,8,10,No
5.928251896474722,11,4,3,3.0,1.0,3.0,29,Travel_Rarely,Research & Development,1,3,Medical,1,833,Female,1,Manager,Married,23140,3.0,Y,13,8,0,9.0,5,7,0,7,No
9.428490629183333,14,2,3,3.0,4.0,3.0,50,Travel_Frequently,Research & Development,6,3,Medical,1,2299,Male,1,Manager,Single,23420,1.0,Y,12,8,1,32.0,2,32,13,9,No
7.412976349843611,19,3,3,2.0,2.0,1.0,37,Travel_Rarely,Research & Development,22,3,Life Sciences,1,3846,Female,2,Healthcare Representative,Married,174440,1.0,Y,14,8,0,8.0,4,8,7,7,No
5.937619366354166,9,2,3,2.0,2.0,3.0,40,Travel_Rarely,Research & Development,8,1,Medical,1,1153,Female,5,Research Scientist,Married,35440,3.0,Y,18,8,3,15.0,3,11,5,10,No
6.565918116911944,8,1,3,1.0,3.0,2.0,49,Travel_Rarely,Research & Development,7,3,Life Sciences,1,787,Male,3,Laboratory Technician,Married,53240,2.0,Y,19,8,0,20.0,2,3,1,2,No
8.432185408299722,13,1,3,4.0,1.0,4.0,45,Travel_Rarely,Human Resources,14,3,Human Resources,1,1290,Female,1,Sales Executive,Married,54730,4.0,Y,13,8,0,17.0,3,0,0,0,No
9.259908522980556,18,4,3,4.0,4.0,2.0,22,Non-Travel,Research & Development,8,3,Life Sciences,1,4170,Female,3,Sales Executive,Divorced,108510,1.0,Y,16,8,1,1.0,2,1,0,0,No
7.055305667112778,10,1,3,4.0,2.0,3.0,24,Non-Travel,Research & Development,10,3,Life Sciences,1,804,Female,2,Manager,Married,51600,1.0,Y,17,8,1,1.0,3,1,0,0,No
7.264733377956111,19,3,3,4.0,3.0,3.0,29,Travel_Rarely,Research & Development,2,2,Life Sciences,1,3902,Male,2,Research Scientist,Married,192370,9.0,Y,11,8,1,9.0,2,5,1,2,No
6.115612449799166,10,2,3,4.0,1.0,3.0,54,Travel_Rarely,Sales,8,2,Marketing,1,2902,Female,2,Laboratory Technician,Married,61340,2.0,Y,19,8,0,16.0,2,6,0,5,No
9.613278670236388,17,3,3,1.0,4.0,3.0,31,Travel_Frequently,Research & Development,2,1,Other,1,1138,Male,3,Sales Executive,Married,70940,1.0,Y,14,8,1,10.0,2,10,0,8,Yes
9.610699464524723,5,2,4,3.0,4.0,2.0,35,Non-Travel,Research & Development,1,1,Life Sciences,1,631,Male,2,Sales Executive,Married,136100,4.0,Y,22,8,2,16.0,4,13,4,12,No
7.61552097278,7,4,3,4.0,2.0,3.0,28,Travel_Rarely,Research & Development,10,3,Other,1,1977,Male,2,Sales Representative,Married,52100,1.0,Y,15,8,0,1.0,1,1,0,0,No
5.937602632753055,18,4,3,4.0,4.0,4.0,43,Travel_Rarely,Research & Development,7,2,Medical,1,3609,Female,1,Laboratory Technician,Single,195020,3.0,Y,18,8,2,23.0,3,21,15,17,No
7.367965194109722,18,3,3,2.0,2.0,1.0,37,Travel_Rarely,Research & Development,22,3,Life Sciences,1,906,Female,2,Healthcare Representative,Married,174440,1.0,Y,14,8,0,8.0,4,8,7,7,No
5.971953369031667,14,1,3,4.0,3.0,3.0,57,Travel_Rarely,Research & Development,21,4,Life Sciences,1,103,Male,5,Research Scientist,Married,191610,2.0,Y,18,8,0,15.0,2,3,1,2,No
7.510954930834444,6,3,4,1.0,3.0,3.0,25,Travel_Rarely,Research & Development,25,2,Life Sciences,1,1468,Male,2,Sales Executive,Married,37020,0.0,Y,20,8,0,5.0,4,4,1,2,No
6.640334672021389,13,4,4,3.0,2.0,,38,Travel_Rarely,Sales,14,2,Marketing,1,862,Female,1,Sales Executive,Married,41710,0.0,Y,23,8,0,10.0,4,9,7,7,No
5.734843819723333,19,3,3,4.0,2.0,3.0,34,Travel_Rarely,Sales,9,3,Marketing,1,2864,Female,2,Manager,Single,53680,2.0,Y,14,8,1,9.0,2,3,1,2,No
8.819234716644166,12,3,4,4.0,4.0,3.0,43,Travel_Rarely,Sales,1,3,Marketing,1,4388,Female,2,Manufacturing Director,Married,29320,5.0,Y,24,8,0,22.0,3,17,1,9,No
6.679244756804723,12,3,4,1.0,4.0,3.0,33,Travel_Rarely,Sales,5,4,Marketing,1,1649,Male,2,Research Director,Divorced,66520,7.0,Y,25,8,0,8.0,5,4,1,3,Yes
6.873062248995834,10,3,3,4.0,3.0,3.0,30,Travel_Rarely,Research & Development,20,3,Medical,1,3264,Male,1,Laboratory Technician,Married,25230,3.0,Y,13,8,1,7.0,2,2,0,2,No
6.536011825078056,13,3,3,3.0,2.0,3.0,49,Travel_Rarely,Research & Development,7,3,Technical Degree,1,3737,Female,2,Sales Executive,Divorced,50940,3.0,Y,15,8,0,29.0,5,8,0,7,No
10.442883757251112,4,3,3,3.0,3.0,2.0,27,Non-Travel,Research & Development,2,3,Life Sciences,1,2847,Male,1,Manufacturing Director,Divorced,139660,1.0,Y,19,8,0,1.0,1,1,0,1,No
6.4231548415883335,10,3,3,2.0,2.0,3.0,46,Non-Travel,Research & Development,9,2,Life Sciences,1,2498,Male,2,Manufacturing Director,Single,57310,8.0,Y,17,8,0,6.0,2,2,2,2,No
10.3352253458275,9,2,3,1.0,4.0,2.0,28,Travel_Rarely,Research & Development,9,4,Medical,1,3006,Male,1,Sales Executive,Married,56730,5.0,Y,14,8,1,5.0,4,3,2,2,Yes
8.640535475234167,12,3,3,4.0,1.0,3.0,52,Travel_Rarely,Sales,2,1,Medical,1,3151,Male,1,Laboratory Technician,Divorced,99800,3.0,Y,11,8,1,18.0,2,10,6,9,No
5.735748549754445,23,2,3,1.0,4.0,2.0,36,Travel_Rarely,Sales,1,3,Marketing,1,2231,Male,2,Research Scientist,Single,35050,1.0,Y,12,8,2,10.0,2,10,1,8,No
6.637766622043611,20,3,4,4.0,1.0,3.0,31,Travel_Frequently,Research & Development,7,3,Medical,1,2357,Male,2,Research Scientist,Single,36170,7.0,Y,21,8,1,10.0,5,5,0,3,No
7.631972333779444,11,3,3,2.0,4.0,3.0,36,Travel_Frequently,Human Resources,7,3,Medical,1,1330,Male,1,Research Scientist,Married,26900,0.0,Y,11,8,0,10.0,1,9,2,8,No
7.500304551539444,9,4,3,2.0,3.0,3.0,47,Travel_Frequently,Sales,1,3,Medical,1,3030,Female,2,Laboratory Technician,Single,68340,3.0,Y,16,8,1,5.0,2,0,0,0,No
8.351599732262223,4,2,4,3.0,1.0,3.0,35,Travel_Rarely,Sales,4,4,Marketing,1,3553,Male,1,Laboratory Technician,Married,180410,3.0,Y,20,8,1,15.0,3,7,1,7,No
10.679109772422779,5,3,3,4.0,4.0,3.0,44,Travel_Rarely,Research & Development,16,3,Life Sciences,1,493,Female,1,Healthcare Representative,Married,80200,3.0,Y,11,8,1,23.0,2,12,11,11,No
5.834030566711111,11,3,3,3.0,3.0,4.0,31,Non-Travel,Research & Development,14,2,Life Sciences,1,1148,Male,2,Healthcare Representative,Married,23020,4.0,Y,14,8,0,13.0,3,11,4,8,No
6.559152164212223,13,3,3,1.0,3.0,3.0,56,Travel_Frequently,Research & Development,1,2,Life Sciences,1,3455,Female,2,Manufacturing Director,Married,52280,2.0,Y,11,8,0,18.0,4,5,0,3,No
6.545396028558611,20,1,3,4.0,2.0,3.0,29,Travel_Frequently,Research & Development,8,1,Medical,1,2285,Male,1,Research Scientist,Married,40370,0.0,Y,14,8,0,4.0,2,3,0,2,No
6.823829763498333,22,3,3,4.0,3.0,3.0,23,Travel_Rarely,Sales,2,3,Medical,1,653,Male,3,Laboratory Technician,Married,18780,1.0,Y,13,8,1,1.0,2,1,0,1,No
7.477456492636945,7,3,3,4.0,4.0,2.0,36,Non-Travel,Sales,1,1,Medical,1,2660,Female,1,Human Resources,Divorced,132470,1.0,Y,14,8,0,15.0,3,15,11,11,No
6.636908746095278,7,3,3,3.0,1.0,3.0,30,Non-Travel,Sales,1,3,Medical,1,2856,Female,1,Sales Executive,Divorced,54700,1.0,Y,18,8,1,12.0,2,12,6,10,No
6.385087014725555,15,3,3,4.0,2.0,3.0,33,Travel_Frequently,Research & Development,9,3,Life Sciences,1,1526,Male,4,Research Director,Married,193920,6.0,Y,12,8,1,12.0,3,10,8,8,No
7.1286523873269445,15,3,3,4.0,4.0,2.0,43,Travel_Frequently,Research & Development,1,3,Medical,1,393,Male,1,Laboratory Technician,Married,52650,4.0,Y,11,8,1,12.0,4,5,2,2,No
5.979871709058333,8,3,3,2.0,4.0,4.0,55,Travel_Rarely,Research & Development,2,3,Life Sciences,1,4019,Female,1,Human Resources,Married,27810,8.0,Y,13,8,1,19.0,2,5,0,4,No
6.863467202141667,7,3,3,3.0,3.0,3.0,39,Travel_Frequently,Research & Development,12,1,Medical,1,192,Male,1,Research Scientist,Married,99910,1.0,Y,16,8,1,8.0,3,8,0,7,No
7.377579205711666,7,2,4,4.0,2.0,4.0,36,Travel_Rarely,Research & Development,16,4,Life Sciences,1,4373,Male,1,Healthcare Representative,Single,67350,8.0,Y,25,8,2,16.0,3,13,3,7,No
6.4926204819275,21,3,3,3.0,2.0,3.0,41,Travel_Rarely,Research & Development,1,5,Medical,1,4131,Male,1,Healthcare Representative,Divorced,40810,2.0,Y,13,8,0,14.0,3,5,0,4,No
6.567718652387223,5,2,3,4.0,4.0,3.0,28,Travel_Rarely,Research & Development,7,3,Other,1,1502,Male,1,Human Resources,Single,96370,1.0,Y,13,8,0,5.0,6,5,0,2,No
9.560480812137222,13,3,3,3.0,4.0,1.0,51,Travel_Rarely,Research & Development,8,4,Life Sciences,1,1304,Female,5,Sales Representative,Single,24500,0.0,Y,12,8,1,11.0,2,10,1,0,No
7.189618473895556,14,2,3,3.0,1.0,3.0,26,Travel_Frequently,Sales,11,3,Marketing,1,1898,Male,2,Healthcare Representative,Single,22670,1.0,Y,19,8,3,7.0,2,7,0,7,No
10.034975457385,8,4,3,3.0,4.0,3.0,31,Travel_Rarely,Sales,2,5,Life Sciences,1,2863,Male,2,Sales Representative,Married,27280,8.0,Y,11,8,0,7.0,3,4,0,2,No
7.4136769299419445,19,2,3,4.0,3.0,2.0,34,Travel_Frequently,Sales,9,1,Technical Degree,1,565,Male,2,Sales Executive,Single,26570,2.0,Y,13,8,1,5.0,3,3,0,2,No
6.289530343596389,18,3,3,2.0,4.0,3.0,48,Travel_Rarely,Research & Development,6,3,Medical,1,187,Male,1,Laboratory Technician,Married,108540,2.0,Y,14,8,1,14.0,6,9,6,7,No
8.262833556447777,5,3,3,3.0,4.0,3.0,40,Travel_Rarely,Sales,5,5,Life Sciences,1,839,Male,1,Manufacturing Director,Single,52310,1.0,Y,12,8,2,21.0,4,21,7,7,No
6.281488174921667,18,2,3,3.0,3.0,3.0,18,Travel_Rarely,Research & Development,1,4,Life Sciences,1,2979,Male,1,Sales Executive,Single,23350,1.0,Y,14,8,2,0.0,3,0,0,0,Yes
6.833475011155556,12,3,3,1.0,4.0,3.0,39,Travel_Frequently,Sales,1,3,Marketing,1,3496,Male,2,Healthcare Representative,Divorced,67550,7.0,Y,14,8,1,21.0,2,18,11,5,Yes
5.615671575189444,19,4,3,4.0,3.0,3.0,29,Non-Travel,Research & Development,10,4,Technical Degree,1,4308,Male,3,Healthcare Representative,Married,58690,1.0,Y,11,8,1,10.0,6,10,0,9,No
7.765364792503333,11,3,3,2.0,4.0,3.0,41,Travel_Rarely,Research & Development,4,2,Medical,1,573,Male,2,Research Scientist,Married,25430,3.0,Y,12,8,0,6.0,3,1,0,0,No
5.990580098170278,16,3,3,3.0,4.0,3.0,42,Travel_Rarely,Research & Development,7,4,Life Sciences,1,2914,Female,2,Sales Executive,Married,34450,1.0,Y,11,8,2,22.0,2,22,11,15,No
7.459139892904722,11,2,3,3.0,3.0,2.0,29,Travel_Rarely,Research & Development,2,3,Life Sciences,1,2900,Male,1,Sales Executive,Single,49780,0.0,Y,13,8,0,7.0,3,6,1,5,Yes
7.200829986613056,22,3,3,4.0,4.0,3.0,32,Non-Travel,Research & Development,21,3,Life Sciences,1,1850,Male,1,Sales Executive,Divorced,44500,0.0,Y,13,8,0,4.0,3,3,0,2,No
6.809900713966944,14,2,3,1.0,1.0,3.0,25,Travel_Rarely,Sales,16,4,Life Sciences,1,3704,Male,2,Research Scientist,Married,198590,3.0,Y,19,8,0,6.0,3,3,2,2,Yes
5.483209504685278,20,3,3,2.0,3.0,3.0,41,Travel_Rarely,Sales,20,4,Marketing,1,1258,Male,2,Sales Executive,Married,102090,1.0,Y,13,8,1,23.0,2,22,15,8,Yes
6.8851729138775,10,2,3,,3.0,4.0,45,Non-Travel,Sales,1,4,Technical Degree,1,3997,Male,1,Research Scientist,Married,170480,4.0,Y,15,8,0,10.0,3,8,5,7,No
6.252341588576389,6,3,3,3.0,3.0,3.0,29,Travel_Rarely,Research & Development,1,2,Medical,1,289,Female,1,Sales Executive,Single,106730,1.0,Y,13,8,3,1.0,2,1,0,0,No
6.423173806336389,9,3,3,4.0,3.0,3.0,23,Travel_Rarely,Research & Development,7,2,Life Sciences,1,870,Female,3,Manager,Married,105520,2.0,Y,11,8,0,4.0,2,2,2,2,No
6.1045738509591665,7,2,3,4.0,3.0,1.0,54,Travel_Frequently,Research & Development,9,2,Medical,1,3573,Male,2,Sales Representative,Divorced,29830,7.0,Y,14,8,1,33.0,2,5,1,4,No
6.069173360106944,14,2,3,4.0,3.0,3.0,24,Travel_Rarely,Sales,6,2,Medical,1,2435,Female,2,Manager,Married,20070,1.0,Y,12,8,0,1.0,2,1,0,0,Yes
8.193987059348334,9,3,3,4.0,1.0,3.0,45,Travel_Rarely,Research & Development,1,5,Technical Degree,1,3308,Male,2,Healthcare Representative,Divorced,20880,4.0,Y,15,8,3,18.0,2,5,0,2,No
7.339873940205,18,3,4,1.0,3.0,2.0,30,Travel_Frequently,Research & Development,10,3,Life Sciences,1,1333,Female,3,Healthcare Representative,Divorced,28140,1.0,Y,24,8,0,10.0,2,10,0,9,No
7.284156626505833,6,3,4,3.0,2.0,3.0,33,Travel_Rarely,Sales,9,1,Other,1,4374,Female,3,Sales Executive,Married,32950,6.0,Y,22,8,2,7.0,2,3,1,1,No
7.465451807228889,4,2,4,4.0,2.0,4.0,36,Travel_Rarely,Research & Development,16,4,Life Sciences,1,1433,Male,1,Healthcare Representative,Single,67350,8.0,Y,25,8,2,16.0,3,13,3,7,No
5.616275100401389,14,3,3,1.0,4.0,,24,Travel_Frequently,Sales,3,4,Marketing,1,988,Male,1,Sales Executive,Married,45080,0.0,Y,11,8,1,3.0,5,2,2,1,No
8.2889491298525,17,3,3,4.0,2.0,3.0,58,Travel_Rarely,Research & Development,24,3,Other,1,338,Female,2,Research Scientist,Single,43170,7.0,Y,17,8,0,40.0,2,31,13,8,Yes
10.72348170459611,4,1,4,2.0,4.0,2.0,29,Travel_Rarely,Sales,4,2,Other,1,568,Female,2,Healthcare Representative,Married,65400,1.0,Y,22,8,0,10.0,2,10,1,2,No
7.515047969656389,10,3,3,2.0,3.0,3.0,49,Travel_Rarely,Sales,2,3,Technical Degree,1,3058,Male,2,Manufacturing Director,Single,52040,8.0,Y,14,8,1,26.0,3,5,0,0,No
6.1678458277552775,16,3,3,3.0,4.0,3.0,40,Travel_Rarely,Sales,27,2,Medical,1,1042,Female,3,Sales Executive,Divorced,102740,4.0,Y,18,8,0,12.0,3,5,0,3,No
7.701337572512222,21,2,3,4.0,4.0,3.0,40,Non-Travel,Research & Development,7,3,Medical,1,3781,Male,1,Research Scientist,Divorced,28000,3.0,Y,12,8,2,8.0,0,2,2,2,No
6.619694332886945,11,3,3,4.0,2.0,3.0,41,Travel_Rarely,Research & Development,29,1,Life Sciences,1,2983,Male,1,Laboratory Technician,Single,23790,1.0,Y,12,8,0,22.0,6,22,0,4,No
9.3903547523425,16,3,3,3.0,1.0,2.0,59,Travel_Rarely,Sales,2,2,Marketing,1,1219,Female,5,Sales Representative,Married,20660,4.0,Y,12,8,1,12.0,3,1,0,0,No
7.539836010709444,18,3,3,3.0,1.0,4.0,45,Travel_Rarely,Research & Development,24,2,Medical,1,4327,Male,2,Sales Executive,Divorced,54760,4.0,Y,13,8,1,9.0,3,5,0,3,No
7.129558232931666,15,3,3,3.0,4.0,3.0,52,Travel_Frequently,Research & Development,1,1,Life Sciences,1,370,Male,2,Laboratory Technician,Married,50060,3.0,Y,16,8,1,31.0,2,9,0,0,No
7.0677431950022225,20,3,4,4.0,4.0,3.0,25,Travel_Rarely,Research & Development,26,3,Technical Degree,1,4261,Male,1,Laboratory Technician,Married,88530,1.0,Y,22,8,1,2.0,3,2,2,1,No
7.480546630968056,15,2,3,4.0,1.0,3.0,32,Travel_Rarely,Human Resources,12,2,Human Resources,1,1314,Female,1,Sales Representative,Single,20610,1.0,Y,15,8,1,1.0,2,1,0,0,No
6.597993083444722,17,3,3,1.0,,3.0,26,Travel_Frequently,Research & Development,2,2,Life Sciences,1,314,Male,1,Manufacturing Director,Divorced,28350,3.0,Y,11,8,1,5.0,2,2,2,0,No
5.862257920571111,21,3,3,3.0,3.0,3.0,42,Non-Travel,Research & Development,1,1,Technical Degree,1,1410,Male,2,Sales Executive,Divorced,78790,2.0,Y,11,8,1,11.0,2,5,0,2,No
7.554045069165277,17,4,3,1.0,3.0,2.0,53,Non-Travel,Research & Development,10,4,Medical,1,1011,Male,2,Healthcare Representative,Married,20700,4.0,Y,13,8,2,27.0,2,3,0,2,No
6.129634091923055,11,2,3,2.0,2.0,3.0,19,Travel_Rarely,Research & Development,1,3,Other,1,2832,Female,5,Manufacturing Director,Single,152020,1.0,Y,18,8,3,1.0,2,1,0,0,No
5.925844489067222,7,3,3,4.0,3.0,3.0,30,Travel_Rarely,Research & Development,1,4,Technical Degree,1,2715,Female,1,Research Scientist,Single,53010,1.0,Y,16,8,1,10.0,3,10,1,8,No
9.607146363230555,8,1,3,4.0,3.0,3.0,48,Travel_Frequently,Sales,10,2,Marketing,1,2417,Male,1,Healthcare Representative,Married,63470,2.0,Y,12,8,1,19.0,3,9,7,7,Yes
6.4921407853636115,7,4,3,1.0,3.0,2.0,30,Travel_Rarely,Sales,13,3,Marketing,1,4296,Female,2,Laboratory Technician,Single,57700,1.0,Y,16,8,1,5.0,2,5,0,4,No
6.272836903168056,12,2,3,2.0,1.0,3.0,38,Travel_Rarely,Sales,2,4,Life Sciences,1,706,Female,1,Research Scientist,Divorced,107250,3.0,Y,18,8,0,11.0,5,7,1,7,No
6.338490629183333,16,3,3,4.0,2.0,3.0,39,Travel_Rarely,Sales,10,3,Marketing,1,918,Female,2,Research Director,Married,26840,4.0,Y,12,8,0,7.0,2,5,1,0,No
6.150181838464722,18,3,3,4.0,3.0,3.0,55,Travel_Rarely,Sales,11,3,Technical Degree,1,2168,Male,2,Manufacturing Director,Married,83810,4.0,Y,15,8,1,23.0,3,19,9,11,No
7.193168228469166,7,1,3,3.0,4.0,3.0,37,Travel_Frequently,Research & Development,13,4,Life Sciences,1,1861,Female,3,Human Resources,Married,35640,5.0,Y,11,8,0,10.0,1,5,0,0,No
7.641905399375278,5,4,3,4.0,4.0,2.0,32,Travel_Rarely,Research & Development,5,3,Medical,1,2893,Male,1,Healthcare Representative,Married,34770,1.0,Y,11,8,0,14.0,2,14,9,8,Yes
7.066973449352778,14,3,3,4.0,2.0,2.0,27,Travel_Rarely,Sales,15,3,Marketing,1,4344,Male,1,Research Scientist,Single,39860,1.0,Y,12,8,2,7.0,3,7,0,3,No
8.479462293618889,7,2,3,2.0,4.0,4.0,31,Travel_Rarely,Research & Development,1,4,Life Sciences,1,193,Male,3,Research Director,Single,61420,4.0,Y,13,8,2,10.0,2,6,0,5,No
5.696120035698334,20,3,3,3.0,2.0,3.0,36,Travel_Rarely,Sales,5,3,Technical Degree,1,1504,Male,3,Sales Executive,Single,54050,4.0,Y,14,8,0,10.0,2,8,7,7,No
7.1227253458275,9,3,3,2.0,4.0,4.0,37,Travel_Rarely,Research & Development,8,1,Life Sciences,1,207,Male,1,Sales Executive,Single,41930,4.0,Y,16,8,1,12.0,5,6,1,2,No
10.205353636769166,18,2,3,4.0,3.0,1.0,44,Travel_Frequently,Research & Development,1,2,Medical,1,1499,Male,2,Research Scientist,Divorced,103330,3.0,Y,14,8,1,19.0,2,1,0,0,Yes
9.230603525211944,19,3,3,4.0,3.0,4.0,24,Travel_Rarely,Research & Development,1,3,Life Sciences,1,123,Female,5,Manager,Divorced,28970,1.0,Y,18,8,3,5.0,4,5,0,3,No
10.0520995091475,4,3,3,1.0,2.0,3.0,33,Travel_Rarely,Research & Development,8,2,Life Sciences,1,2011,Male,4,Manufacturing Director,Single,29040,4.0,Y,13,8,0,5.0,2,2,2,2,Yes
7.606242748772778,10,3,3,1.0,4.0,3.0,35,Travel_Rarely,Research & Development,2,3,Life Sciences,1,226,Female,5,Sales Executive,Single,24960,4.0,Y,17,8,3,9.0,3,3,0,2,No
9.744162204372778,13,2,3,4.0,1.0,3.0,29,Travel_Rarely,Human Resources,3,5,Life Sciences,1,454,Male,1,Sales Executive,Single,27230,6.0,Y,11,8,1,3.0,2,0,0,0,Yes
5.931424587237778,6,3,3,1.0,4.0,3.0,42,Travel_Rarely,Sales,2,2,Medical,1,3039,Female,1,Laboratory Technician,Single,21330,3.0,Y,13,8,2,14.0,2,1,0,0,No
6.267365015617778,11,2,3,3.0,1.0,3.0,33,Travel_Frequently,Sales,9,2,Marketing,1,1252,Male,4,Human Resources,Married,29090,2.0,Y,11,8,0,10.0,2,5,1,3,No
9.26681726907611,6,2,3,4.0,1.0,3.0,42,Travel_Rarely,Sales,18,2,Medical,1,2939,Male,1,Laboratory Technician,Divorced,23980,0.0,Y,14,8,1,10.0,2,9,7,8,No
7.4718373493975,4,3,3,3.0,1.0,2.0,37,Travel_Rarely,Research & Development,22,5,Medical,1,2931,Female,2,Manufacturing Director,Married,30550,2.0,Y,14,8,3,17.0,3,3,0,2,No
7.752089468986944,4,3,3,3.0,2.0,2.0,38,Travel_Frequently,Research & Development,28,3,Medical,1,999,Male,1,Healthcare Representative,Married,29790,4.0,Y,12,8,1,9.0,3,6,0,5,No
7.766702365015556,4,4,3,2.0,3.0,3.0,41,Travel_Rarely,Sales,1,4,Life Sciences,1,1996,Female,1,Research Director,Married,52570,1.0,Y,14,8,0,10.0,2,10,0,8,No
6.223263052208611,21,1,3,4.0,2.0,3.0,24,Travel_Rarely,Sales,7,3,Medical,1,3159,Female,1,Laboratory Technician,Married,12320,1.0,Y,12,8,0,1.0,4,1,0,0,No
5.850073627844444,22,3,3,1.0,4.0,3.0,28,Travel_Rarely,Sales,24,5,Life Sciences,1,402,Female,1,Research Scientist,Single,23280,1.0,Y,11,8,2,4.0,3,4,0,2,No
10.175447344935277,6,3,3,4.0,3.0,3.0,38,Travel_Rarely,Research & Development,7,4,Life Sciences,1,4295,Female,2,Research Director,Single,50420,3.0,Y,16,8,1,19.0,4,3,2,2,No
6.140572289156389,16,3,3,2.0,2.0,2.0,30,Travel_Rarely,Research & Development,4,3,Medical,1,884,Female,1,Research Director,Married,21210,1.0,Y,13,8,1,6.0,2,6,1,1,No
5.568410307898056,22,2,3,3.0,1.0,4.0,55,Non-Travel,Research & Development,2,3,Medical,1,517,Female,2,Manager,Single,75470,7.0,Y,16,8,0,31.0,2,9,6,2,No
6.418354529227778,17,4,3,4.0,2.0,2.0,44,Travel_Rarely,Research & Development,5,1,Other,1,3729,Male,3,Research Scientist,Single,52280,1.0,Y,13,8,0,6.0,2,5,1,3,No
6.5353023203925,13,3,4,1.0,3.0,1.0,28,Travel_Rarely,Research & Development,11,2,Medical,1,2947,Male,2,Sales Executive,Single,58130,2.0,Y,20,8,1,5.0,2,0,0,0,Yes
7.072532351628611,17,3,3,3.0,2.0,1.0,26,Travel_Frequently,Research & Development,1,4,Other,1,21,Male,2,Laboratory Technician,Divorced,104470,1.0,Y,18,8,0,6.0,3,6,1,4,No
7.785269968763889,7,2,3,3.0,3.0,4.0,30,Travel_Rarely,Sales,3,4,Marketing,1,1915,Male,1,Sales Executive,Divorced,64340,5.0,Y,14,8,1,10.0,3,8,7,7,No
7.398280901383056,8,2,3,3.0,1.0,3.0,26,Travel_Frequently,Sales,11,3,Marketing,1,428,Male,2,Healthcare Representative,Single,22670,1.0,Y,19,8,3,7.0,2,7,0,7,No
5.520288933511667,23,2,3,4.0,2.0,2.0,30,Travel_Rarely,Human Resources,20,4,Life Sciences,1,1155,Male,2,Research Scientist,Married,46610,1.0,Y,11,8,0,12.0,3,12,1,7,No
6.570606871931944,6,2,3,2.0,2.0,4.0,44,Non-Travel,Research & Development,23,2,Medical,1,1312,Female,1,Research Scientist,Married,195860,4.0,Y,16,8,0,17.0,3,3,1,2,No
8.663879964301389,6,3,3,3.0,1.0,3.0,22,Travel_Rarely,Research & Development,1,3,Other,1,1016,Male,4,Research Scientist,Married,49680,1.0,Y,14,8,0,1.0,3,1,0,0,Yes
5.8801204819275,4,3,3,1.0,3.0,3.0,39,Travel_Rarely,Research & Development,26,1,Medical,1,2162,Male,2,Healthcare Representative,Single,34470,0.0,Y,14,8,0,9.0,5,8,1,7,No
8.486426818384444,6,2,3,1.0,1.0,3.0,29,Travel_Rarely,Research & Development,8,2,Medical,1,1056,Male,1,Manager,Divorced,28530,4.0,Y,14,8,1,4.0,5,2,2,0,Yes
7.125872378402223,9,2,3,3.0,2.0,2.0,40,Travel_Frequently,Research & Development,6,3,Medical,1,2773,Male,1,Healthcare Representative,Married,60770,1.0,Y,16,8,2,22.0,2,22,11,11,No
8.575352521195834,9,3,3,4.0,2.0,3.0,58,Travel_Rarely,Research & Development,24,3,Other,1,1808,Female,2,Research Scientist,Single,43170,7.0,Y,17,8,0,40.0,2,31,13,8,Yes
9.572527889335,17,3,3,3.0,4.0,2.0,36,Travel_Rarely,Research & Development,26,4,Medical,1,1877,Male,1,Laboratory Technician,Married,84740,0.0,Y,14,8,0,17.0,3,16,4,11,No
6.5847043730475,15,4,3,4.0,1.0,1.0,48,Travel_Rarely,Research & Development,8,1,Medical,1,1705,Male,2,Laboratory Technician,Married,53760,7.0,Y,13,8,1,21.0,3,3,0,2,No
7.697535698348889,6,3,3,4.0,3.0,3.0,33,Travel_Frequently,Research & Development,2,4,Medical,1,4081,Female,4,Sales Executive,Divorced,168800,1.0,Y,14,8,3,9.0,2,9,2,8,No
6.248623382418334,23,2,3,1.0,2.0,3.0,38,Travel_Rarely,Research & Development,5,2,Life Sciences,1,2990,Female,3,Research Scientist,Married,63840,3.0,Y,19,8,2,19.0,4,10,0,1,No
6.450876840696111,17,3,4,1.0,3.0,1.0,28,Travel_Rarely,Research & Development,11,2,Medical,1,7,Male,2,Sales Executive,Single,58130,2.0,Y,20,8,1,5.0,2,0,0,0,Yes
6.580320169566945,9,3,4,1.0,1.0,3.0,31,Travel_Rarely,Sales,7,4,Marketing,1,2993,Male,2,Sales Executive,Married,132250,3.0,Y,21,8,1,9.0,2,2,1,0,No
9.859254796965555,15,2,3,1.0,3.0,3.0,30,Travel_Rarely,Sales,2,3,Life Sciences,1,3403,Male,2,Healthcare Representative,Married,40000,4.0,Y,12,8,0,7.0,5,5,0,1,Yes
8.754585006693333,17,2,4,2.0,3.0,3.0,50,Travel_Frequently,Research & Development,3,3,Other,1,2351,Male,2,Research Scientist,Married,42940,2.0,Y,20,8,0,32.0,2,30,12,13,No
6.7140573404727775,13,3,3,2.0,1.0,3.0,44,Travel_Rarely,Sales,1,2,Medical,1,4035,Male,4,Manager,Married,187110,2.0,Y,12,8,1,10.0,0,2,2,2,No
6.3651026327530555,9,3,3,1.0,2.0,4.0,43,Travel_Rarely,Sales,7,4,Marketing,1,1874,Male,2,Sales Executive,Divorced,48760,4.0,Y,16,8,2,4.0,4,1,0,0,No
6.437441990182778,17,3,3,4.0,2.0,2.0,28,Travel_Rarely,Human Resources,1,3,Human Resources,1,2022,Female,4,Laboratory Technician,Divorced,67810,0.0,Y,15,8,1,10.0,2,9,1,7,No
6.565710620258611,12,3,3,3.0,2.0,4.0,35,Travel_Rarely,Research & Development,18,5,Medical,1,589,Female,2,Research Scientist,Divorced,65380,2.0,Y,16,8,1,15.0,3,7,6,4,No
6.011289602855833,9,2,3,3.0,4.0,3.0,32,Non-Travel,Sales,2,4,Marketing,1,1454,Male,4,Research Scientist,Married,21090,0.0,Y,13,8,1,4.0,3,3,2,2,No
7.5085809906291665,3,3,4,3.0,4.0,2.0,39,Travel_Rarely,Sales,5,4,Marketing,1,2987,Female,2,Human Resources,Divorced,21050,0.0,Y,20,8,0,19.0,3,18,3,7,No
6.453641231592778,13,2,3,1.0,3.0,2.0,59,Travel_Frequently,Research & Development,10,4,Life Sciences,1,2753,Male,3,Research Scientist,Single,23080,7.0,Y,19,8,1,20.0,4,4,1,3,No
7.3002744310575,21,1,3,1.0,4.0,2.0,25,Travel_Rarely,Research & Development,1,4,Medical,1,746,Male,2,Sales Executive,Married,25000,4.0,Y,14,8,2,7.0,2,3,0,2,No
7.975767514502222,13,3,3,3.0,2.0,3.0,28,Travel_Rarely,Human Resources,1,3,Medical,1,3819,Female,2,Laboratory Technician,Married,24130,1.0,Y,16,8,1,,2,1,0,0,Yes
5.856610887996389,14,3,3,2.0,3.0,2.0,33,Non-Travel,Research & Development,1,3,Life Sciences,1,2628,Male,2,Research Scientist,Divorced,140260,1.0,Y,12,8,0,1.0,4,1,0,0,No
7.004972110664722,22,3,3,3.0,2.0,1.0,47,Non-Travel,Research & Development,3,2,Life Sciences,1,2447,Female,2,Sales Executive,Married,39550,7.0,Y,12,8,1,4.0,5,1,0,0,No
6.208456046407778,8,1,3,3.0,3.0,3.0,49,Travel_Rarely,Research & Development,21,3,Medical,1,2408,Male,2,Manufacturing Director,Single,23800,4.0,Y,13,8,0,23.0,3,8,0,0,No
6.413265283355556,21,3,3,2.0,2.0,3.0,40,Travel_Frequently,Research & Development,26,4,Medical,1,1363,Male,2,Manufacturing Director,Divorced,54400,1.0,Y,12,8,1,20.0,2,20,2,13,No
10.026699018295277,2,3,3,2.0,4.0,3.0,37,Travel_Frequently,Sales,2,4,Life Sciences,1,4375,Male,2,Laboratory Technician,Divorced,52380,1.0,Y,15,8,1,10.0,5,10,0,7,No
5.858063364569166,5,2,3,3.0,4.0,3.0,40,Travel_Rarely,Sales,4,3,Medical,1,702,Male,2,Sales Executive,Single,94340,1.0,Y,13,8,1,9.0,3,9,8,8,No
5.828119143239444,6,2,3,3.0,3.0,3.0,31,Non-Travel,Sales,4,1,Medical,1,2907,Female,3,Research Scientist,Married,96100,0.0,Y,11,8,1,6.0,2,5,1,4,No
8.219972110664722,9,3,3,4.0,2.0,2.0,22,Travel_Rarely,Research & Development,1,3,Life Sciences,1,1419,Female,4,Healthcare Representative,Divorced,129360,1.0,Y,11,8,2,4.0,3,4,2,2,No
10.268588799642778,3,3,4,4.0,4.0,1.0,35,Travel_Rarely,Research & Development,2,1,Life Sciences,1,1889,Male,3,Healthcare Representative,Married,106090,1.0,Y,22,8,0,10.0,3,10,0,7,No
5.786551762605833,21,3,3,1.0,4.0,2.0,57,Travel_Rarely,Research & Development,2,2,Life Sciences,1,3107,Male,4,Research Scientist,Divorced,63060,3.0,Y,12,8,1,32.0,3,1,0,0,No
7.169061802766389,20,3,3,1.0,3.0,3.0,33,Travel_Frequently,Research & Development,1,2,Life Sciences,1,535,Female,1,Sales Executive,Single,62140,1.0,Y,19,8,2,14.0,3,13,3,8,Yes
8.576400044622778,19,4,3,3.0,2.0,2.0,44,Travel_Frequently,Sales,10,4,Life Sciences,1,1022,Male,1,Research Scientist,Divorced,28440,1.0,Y,12,8,0,6.0,2,5,2,3,Yes
9.5693652387325,15,3,3,4.0,3.0,1.0,32,Travel_Rarely,Sales,23,1,Life Sciences,1,2922,Male,3,Healthcare Representative,Single,24680,0.0,Y,11,8,0,4.0,2,3,1,2,Yes
6.681176929941945,19,1,3,3.0,3.0,3.0,21,Travel_Rarely,Sales,16,2,Life Sciences,1,239,Male,3,Sales Executive,Single,87260,1.0,Y,11,8,1,3.0,2,3,1,2,No
9.760771976795834,4,2,3,3.0,2.0,2.0,37,Travel_Rarely,Sales,9,1,Marketing,1,132,Male,3,Sales Executive,Single,44400,2.0,Y,11,8,1,18.0,3,1,0,1,No
7.114956492636945,16,3,4,3.0,3.0,1.0,37,Non-Travel,Sales,8,4,Medical,1,765,Male,1,Healthcare Representative,Single,75870,0.0,Y,22,8,1,7.0,5,6,1,3,No
6.447809013833056,6,4,3,4.0,4.0,3.0,31,Travel_Rarely,Sales,24,3,Life Sciences,1,64,Male,2,Healthcare Representative,Divorced,10810,4.0,Y,11,8,3,13.0,4,7,1,7,No
5.538792949575833,19,2,3,3.0,3.0,3.0,31,Non-Travel,Sales,4,1,Medical,1,4377,Female,3,Research Scientist,Married,96100,0.0,Y,11,8,1,6.0,2,5,1,4,No
8.775866800535278,7,2,3,2.0,4.0,3.0,24,Travel_Rarely,Sales,1,3,Marketing,1,3157,Female,1,Sales Executive,Married,34070,1.0,Y,15,8,2,6.0,2,6,1,4,No
9.716358768406945,5,2,3,4.0,4.0,3.0,34,Travel_Rarely,Research & Development,1,2,Medical,1,3935,Female,2,Healthcare Representative,Married,176650,0.0,Y,11,8,0,6.0,5,5,1,2,No
10.695008924587222,3,3,4,1.0,3.0,3.0,24,Travel_Frequently,Research & Development,2,3,Medical,1,222,Male,2,Research Scientist,Married,39190,1.0,Y,21,8,0,6.0,3,6,1,2,Yes
8.67521753681389,12,2,3,2.0,1.0,4.0,36,Travel_Rarely,Research & Development,25,1,Life Sciences,1,4191,Female,4,Sales Executive,Married,170070,9.0,Y,12,8,1,6.0,2,1,0,0,No
7.665615796519167,10,3,4,2.0,3.0,3.0,35,Travel_Rarely,Research & Development,9,3,Medical,1,4107,Female,2,Sales Executive,Single,131420,1.0,Y,25,8,2,10.0,4,10,0,8,No
6.367730923694722,13,3,3,1.0,3.0,3.0,51,Travel_Rarely,Research & Development,3,2,Other,1,2806,Female,2,Sales Representative,Single,190490,7.0,Y,14,8,1,23.0,2,20,15,15,No
9.534225792056944,11,4,3,4.0,2.0,,35,Travel_Frequently,Sales,8,2,Marketing,1,1849,Female,1,Laboratory Technician,Divorced,36900,1.0,Y,13,8,1,10.0,2,10,7,8,Yes
6.421151271753611,23,2,3,4.0,4.0,2.0,54,Travel_Rarely,Sales,27,4,Medical,1,2518,Male,1,Research Scientist,Married,31310,4.0,Y,14,8,0,14.0,3,7,1,7,No
9.422215528781667,10,3,3,2.0,1.0,3.0,40,Travel_Rarely,Research & Development,22,2,Technical Degree,1,3912,Male,1,Healthcare Representative,Married,23230,2.0,Y,16,8,1,18.0,2,1,0,0,No
6.083810798750555,17,3,3,4.0,3.0,3.0,35,Travel_Rarely,Research & Development,15,2,Medical,1,1643,Female,2,Laboratory Technician,Single,54060,0.0,Y,12,8,1,6.0,2,5,4,3,No
7.754089692101667,10,3,3,4.0,4.0,3.0,54,Non-Travel,Research & Development,9,3,Life Sciences,1,4265,Male,1,Laboratory Technician,Single,196130,2.0,Y,17,8,0,23.0,5,5,4,4,No
5.67755243195,19,3,3,1.0,2.0,2.0,40,Travel_Rarely,Research & Development,1,4,Medical,1,1897,Male,2,Research Scientist,Divorced,192320,2.0,Y,14,8,1,11.0,3,1,0,0,No
6.239250334671945,17,3,3,1.0,4.0,3.0,55,Travel_Rarely,Research & Development,2,3,Life Sciences,1,4235,Female,2,Laboratory Technician,Married,74410,3.0,Y,12,8,1,24.0,4,1,1,0,No
7.248066711289445,15,2,3,1.0,3.0,3.0,26,Travel_Frequently,Research & Development,3,3,Medical,1,3452,Male,2,Laboratory Technician,Divorced,139640,1.0,Y,11,8,2,5.0,1,5,1,3,No
5.8098393574294445,12,2,3,4.0,2.0,3.0,48,Travel_Rarely,Research & Development,2,3,Life Sciences,1,1074,Female,2,Manager,Married,62720,4.0,Y,14,8,0,29.0,3,22,12,9,No
6.762868139223333,12,2,4,3.0,4.0,2.0,23,Travel_Rarely,Research & Development,20,4,Life Sciences,1,88,Male,1,Manufacturing Director,Divorced,53990,1.0,Y,23,8,0,4.0,2,4,0,2,No
6.0823014279338885,10,3,3,1.0,4.0,2.0,57,Travel_Rarely,Research & Development,2,2,Life Sciences,1,1637,Male,4,Research Scientist,Divorced,63060,3.0,Y,12,8,1,32.0,3,1,0,0,No
6.631502677376111,23,4,3,3.0,1.0,3.0,31,Travel_Rarely,Sales,24,1,Marketing,1,3579,Female,1,Sales Executive,Single,38940,1.0,Y,12,8,0,10.0,3,10,1,8,No
6.430226461401111,18,2,3,3.0,4.0,3.0,45,Travel_Rarely,Research & Development,18,1,Life Sciences,1,4397,Female,2,Sales Representative,Married,58110,0.0,Y,14,8,0,25.0,4,24,1,7,No
6.3923371262827775,9,3,4,1.0,1.0,3.0,50,Non-Travel,Research & Development,17,3,Medical,1,3336,Female,1,Laboratory Technician,Divorced,42980,1.0,Y,20,8,1,31.0,6,31,14,7,No
6.474336233824166,9,3,3,4.0,1.0,3.0,30,Travel_Rarely,Research & Development,1,3,Medical,1,4298,Female,3,Sales Executive,Divorced,103060,5.0,Y,13,8,0,8.0,5,3,2,2,No
7.3424843819722225,17,1,3,4.0,4.0,2.0,32,Travel_Rarely,Research & Development,2,3,Life Sciences,1,3210,Male,5,Research Scientist,Single,30380,1.0,Y,11,8,0,10.0,5,10,0,8,No
8.333743864346111,18,2,3,2.0,4.0,3.0,24,Travel_Rarely,Sales,1,3,Marketing,1,217,Female,1,Sales Executive,Married,34070,1.0,Y,15,8,2,6.0,2,6,1,4,No
7.331230477465278,9,3,3,3.0,3.0,3.0,54,Travel_Rarely,Research & Development,5,3,Medical,1,3454,Female,2,Manufacturing Director,Married,24780,6.0,Y,11,8,0,13.0,0,9,7,0,No
7.039492414100834,9,3,3,2.0,3.0,3.0,31,Travel_Frequently,Sales,4,3,Life Sciences,1,755,Male,2,Manager,Single,30570,1.0,Y,19,8,0,1.0,3,1,0,0,Yes
5.980609103078889,12,4,3,4.0,2.0,1.0,27,Non-Travel,Research & Development,3,3,Medical,1,4314,Male,1,Healthcare Representative,Divorced,27830,6.0,Y,16,8,1,6.0,2,2,2,2,No
6.785148371262777,8,3,3,4.0,4.0,3.0,45,Travel_Rarely,Research & Development,26,1,Medical,1,456,Female,3,Healthcare Representative,Divorced,27940,3.0,Y,19,8,1,8.0,2,5,0,2,No
6.996695671575,10,3,3,3.0,3.0,2.0,38,Travel_Rarely,Research & Development,5,3,Technical Degree,1,1997,Male,1,Sales Executive,Married,63490,,Y,11,8,0,20.0,3,19,1,9,No
8.842529004908334,10,3,3,4.0,4.0,2.0,34,Travel_Rarely,Research & Development,8,1,Life Sciences,1,1102,Female,3,Laboratory Technician,Married,25850,3.0,Y,12,8,0,9.0,5,4,0,1,No
6.045324631860556,10,1,3,3.0,4.0,2.0,36,Travel_Rarely,Human Resources,1,4,Life Sciences,1,2433,Female,3,Research Scientist,Single,41070,3.0,Y,11,8,1,17.0,2,13,6,7,No
8.214293842034722,14,3,3,2.0,4.0,3.0,42,Travel_Rarely,Sales,1,3,Life Sciences,1,2591,Female,1,Sales Executive,Divorced,23720,3.0,Y,12,8,1,14.0,3,0,0,0,No
5.863692547969444,6,3,3,3.0,3.0,4.0,40,Travel_Rarely,Research & Development,1,1,Life Sciences,1,2027,Male,1,Healthcare Representative,Single,22130,1.0,Y,17,8,0,21.0,4,20,4,9,No
7.4793295403836115,8,2,3,4.0,4.0,3.0,43,Travel_Frequently,Sales,14,3,Life Sciences,1,1608,Female,1,Manufacturing Director,Married,37480,7.0,Y,14,8,2,8.0,3,3,1,2,No
5.749068496206944,23,4,3,3.0,4.0,3.0,29,Travel_Rarely,Research & Development,8,3,Medical,1,3491,Female,4,Research Scientist,Divorced,52960,4.0,Y,14,8,0,11.0,3,7,1,7,No
7.644056224899445,4,3,3,4.0,3.0,3.0,39,Travel_Rarely,Sales,2,2,Medical,1,867,Female,1,Sales Executive,Married,20080,2.0,Y,12,8,0,11.0,3,7,7,6,No
8.596386657741945,9,2,3,3.0,1.0,3.0,34,Travel_Rarely,Sales,13,4,Medical,1,660,Male,3,Sales Representative,Single,74910,0.0,Y,14,8,1,4.0,3,3,0,2,No
6.9431526104416665,16,2,3,2.0,1.0,2.0,28,Non-Travel,Research & Development,19,4,Life Sciences,1,523,Female,4,Laboratory Technician,Single,52380,1.0,Y,17,8,1,10.0,4,10,1,9,Yes
7.445729585006666,8,2,3,3.0,1.0,3.0,41,Travel_Frequently,Sales,1,4,Other,1,3643,Female,2,Healthcare Representative,Divorced,55610,0.0,Y,11,8,0,10.0,2,9,1,7,No
7.3814457831325,7,3,3,2.0,2.0,3.0,30,Travel_Frequently,Research & Development,8,4,Medical,1,1945,Male,1,Sales Executive,Single,191440,0.0,Y,11,8,0,4.0,3,3,1,2,Yes
7.114261490405833,6,3,3,3.0,2.0,3.0,32,Travel_Frequently,Sales,10,3,Life Sciences,1,3563,Female,1,Sales Executive,Married,102660,1.0,Y,11,8,0,2.0,3,2,2,2,No
5.794523650156111,9,3,3,1.0,3.0,2.0,36,Travel_Rarely,Research & Development,2,2,Technical Degree,1,3882,Male,3,Sales Executive,Married,199730,6.0,Y,12,8,0,10.0,2,3,0,2,No
5.6618540829986115,15,3,3,1.0,4.0,2.0,34,Travel_Rarely,Sales,2,3,Marketing,1,1127,Male,4,Healthcare Representative,Single,46950,1.0,Y,16,8,1,14.0,2,14,2,1,No
7.160384872824444,7,3,3,1.0,2.0,3.0,55,Travel_Rarely,Research & Development,1,3,Medical,1,1658,Female,1,Sales Executive,Single,120310,3.0,Y,11,8,0,37.0,5,10,7,7,No
6.917404060686945,11,3,4,4.0,4.0,2.0,46,Travel_Rarely,Human Resources,1,3,Life Sciences,1,1065,Female,1,Laboratory Technician,Divorced,190810,3.0,Y,21,8,0,12.0,2,9,4,7,No
8.79332775546611,13,2,4,3.0,3.0,3.0,40,Travel_Rarely,Research & Development,8,3,Medical,1,3051,Female,1,Healthcare Representative,Married,86280,2.0,Y,20,8,0,8.0,2,6,1,0,Yes
10.099602855867778,5,3,3,2.0,2.0,3.0,46,Travel_Rarely,Research & Development,9,3,Medical,1,4232,Male,3,Manager,Divorced,164370,8.0,Y,15,8,1,16.0,0,4,0,2,No
5.899153279785556,20,3,3,4.0,3.0,4.0,22,Travel_Rarely,Human Resources,12,1,Human Resources,1,4106,Male,2,Sales Executive,Single,25340,0.0,Y,11,8,0,4.0,1,3,1,2,No
6.457864792503333,12,3,3,4.0,2.0,3.0,33,Travel_Frequently,Research & Development,9,3,Life Sciences,1,56,Male,4,Research Director,Married,193920,6.0,Y,12,8,1,12.0,3,10,8,8,No
6.857009147701667,11,3,4,4.0,4.0,3.0,26,Non-Travel,Research & Development,18,2,Medical,1,2419,Male,1,Human Resources,Single,108800,1.0,Y,23,8,1,7.0,5,7,5,7,No
10.263045515394722,10,2,3,3.0,3.0,3.0,38,Travel_Rarely,Research & Development,6,2,Medical,1,2020,Male,1,Research Scientist,Divorced,47360,0.0,Y,11,8,1,9.0,3,8,2,7,No
6.2492090584558335,6,2,3,3.0,4.0,3.0,55,Travel_Rarely,Research & Development,11,1,Medical,1,3799,Female,1,Laboratory Technician,Married,26930,1.0,Y,18,8,0,36.0,6,36,2,13,No
7.75026215975,7,2,3,2.0,2.0,3.0,37,Travel_Rarely,Research & Development,24,1,Life Sciences,1,1019,Male,2,Sales Executive,Married,32910,1.0,Y,16,8,3,5.0,2,5,0,3,No
7.198370147255556,20,3,3,2.0,1.0,4.0,23,Travel_Rarely,Sales,13,3,Marketing,1,3233,Male,5,Sales Executive,Married,42210,1.0,Y,11,8,1,5.0,4,4,0,2,No
6.687266845158334,5,2,3,1.0,3.0,3.0,42,Travel_Frequently,Sales,10,3,Marketing,1,1622,Female,2,Healthcare Representative,Divorced,28370,2.0,Y,13,8,1,19.0,0,5,0,2,No
5.978937974118611,20,3,3,4.0,1.0,3.0,28,Travel_Rarely,Research & Development,1,2,Technical Degree,1,3724,Female,1,Research Scientist,Single,176390,0.0,Y,13,8,1,6.0,0,5,1,3,No
9.777105087014721,16,4,3,2.0,4.0,2.0,41,Travel_Rarely,Research & Development,23,3,Life Sciences,1,1880,Female,2,Sales Executive,Divorced,26570,4.0,Y,11,8,0,10.0,3,7,1,0,Yes
6.819887327086111,22,3,4,3.0,4.0,1.0,33,Travel_Frequently,Research & Development,8,3,Technical Degree,1,3192,Male,2,Laboratory Technician,Divorced,90690,3.0,Y,25,8,1,15.0,3,13,4,7,No
6.681327532351389,11,3,3,4.0,4.0,2.0,52,Travel_Rarely,Research & Development,5,4,Other,1,442,Male,1,Laboratory Technician,Married,29110,2.0,Y,17,8,2,26.0,3,9,7,8,No
9.910139446675556,9,2,3,3.0,3.0,4.0,41,Travel_Rarely,Research & Development,1,1,Technical Degree,1,2508,Male,3,Laboratory Technician,Divorced,25150,0.0,Y,18,8,0,23.0,2,22,13,5,No
10.025427264613889,16,3,3,4.0,1.0,3.0,41,Travel_Rarely,Research & Development,1,4,Medical,1,429,Male,1,Research Scientist,Single,195170,2.0,Y,13,8,0,20.0,5,18,2,17,No
6.326800535475,21,3,4,,3.0,1.0,28,Travel_Rarely,Research & Development,11,2,Medical,1,1477,Male,2,Sales Executive,Single,58130,2.0,Y,20,8,1,5.0,2,0,0,0,Yes
5.507896028558611,23,3,3,3.0,2.0,2.0,37,Travel_Rarely,Research & Development,19,2,Technical Degree,1,3963,Male,2,Sales Executive,Divorced,27030,2.0,Y,14,8,0,19.0,2,10,4,7,No
8.038722668451388,11,2,4,3.0,3.0,3.0,34,Travel_Rarely,Research & Development,13,4,Life Sciences,1,3177,Female,1,Laboratory Technician,Divorced,23410,1.0,Y,20,8,2,8.0,3,8,0,6,No
5.9845470771975,20,3,3,3.0,3.0,4.0,53,Travel_Rarely,Research & Development,9,3,Technical Degree,1,1914,Male,1,Manager,Divorced,39200,6.0,Y,16,8,1,22.0,3,17,15,2,No
5.970400490852223,12,3,3,3.0,1.0,3.0,31,Travel_Frequently,Research & Development,5,2,Technical Degree,1,1939,Male,2,Sales Executive,Married,65020,1.0,Y,12,8,0,4.0,3,4,0,3,No
5.863039937527778,14,3,4,3.0,4.0,3.0,46,Travel_Rarely,Sales,1,2,Medical,1,2772,Female,2,Research Scientist,Single,97140,1.0,Y,22,8,0,9.0,0,9,4,7,Yes
7.456358768406944,17,3,3,3.0,1.0,3.0,30,Travel_Rarely,Sales,7,3,Life Sciences,1,3934,Male,3,Sales Executive,Divorced,23130,2.0,Y,11,8,0,12.0,5,7,1,7,No
8.108385765283334,11,2,3,4.0,1.0,3.0,30,Travel_Rarely,Research & Development,10,4,Life Sciences,1,2897,Female,2,Research Scientist,Single,55620,5.0,Y,13,8,0,8.0,3,5,0,4,Yes
5.831803882195278,18,2,3,1.0,2.0,3.0,22,Travel_Rarely,Research & Development,16,5,Other,1,126,Male,1,Research Scientist,Married,29910,1.0,Y,19,8,2,2.0,3,2,1,2,No
6.526073181615278,18,3,3,4.0,3.0,3.0,41,Travel_Rarely,Sales,6,4,Marketing,1,961,Male,1,Research Scientist,Single,28210,1.0,Y,17,8,0,10.0,3,10,8,7,No
6.662631637661667,15,3,3,3.0,4.0,3.0,27,Travel_Rarely,Research & Development,2,3,Life Sciences,1,3653,Female,2,Laboratory Technician,Married,48510,8.0,Y,18,8,0,5.0,2,1,0,0,No
6.544084114234445,6,3,4,2.0,2.0,3.0,45,Travel_Rarely,Research & Development,16,1,Medical,1,1972,Male,2,Sales Executive,Single,54840,1.0,Y,20,8,3,6.0,6,6,0,4,No
9.596241633199444,15,3,3,1.0,2.0,3.0,33,Travel_Rarely,Research & Development,8,2,Life Sciences,1,541,Male,4,Manufacturing Director,Single,29040,4.0,Y,13,8,0,5.0,2,2,2,2,Yes
6.905394912985,19,1,3,4.0,3.0,3.0,58,Travel_Rarely,Sales,9,2,Medical,1,443,Female,4,Sales Executive,Single,59570,4.0,Y,14,8,1,7.0,2,1,0,0,Yes
6.3086958946897225,11,3,3,3.0,3.0,3.0,54,Travel_Rarely,Sales,23,3,Medical,1,1941,Female,1,Laboratory Technician,Married,136030,8.0,Y,13,8,1,22.0,2,10,0,8,No
7.3402309236947225,10,2,3,4.0,3.0,1.0,32,Travel_Rarely,Research & Development,6,3,Technical Degree,1,2454,Male,1,Research Scientist,Married,36600,3.0,Y,11,8,2,10.0,0,4,0,2,No
7.523045515394722,11,3,3,1.0,1.0,3.0,46,Travel_Rarely,Research & Development,23,1,Life Sciences,1,1070,Male,2,Laboratory Technician,Divorced,34910,2.0,Y,14,8,0,25.0,0,19,2,8,No
6.050373717090555,11,3,3,1.0,3.0,4.0,47,Travel_Rarely,Research & Development,3,2,Medical,1,3707,Male,2,Laboratory Technician,Married,43640,3.0,Y,11,8,1,26.0,3,20,5,6,No
7.136758143685833,18,2,4,2.0,1.0,4.0,42,Travel_Rarely,Research & Development,1,2,Life Sciences,1,2052,Male,4,Laboratory Technician,Single,30340,7.0,Y,21,8,1,9.0,3,6,1,5,No
5.787734270414722,8,2,3,2.0,1.0,4.0,24,Travel_Rarely,Research & Development,3,3,Life Sciences,1,3913,Female,1,Research Scientist,Divorced,14160,1.0,Y,15,8,1,6.0,3,6,1,2,No
6.399309460062222,15,3,3,3.0,3.0,3.0,53,Travel_Rarely,Research & Development,7,1,Life Sciences,1,3217,Male,2,Laboratory Technician,Married,28590,3.0,Y,18,8,1,32.0,2,5,1,3,No
8.4869176706825,9,1,3,3.0,4.0,3.0,35,Travel_Rarely,Research & Development,5,3,Life Sciences,1,2605,Male,2,Sales Representative,Married,48830,1.0,Y,18,8,1,10.0,1,10,0,9,No
6.548405845604444,13,3,4,2.0,4.0,3.0,29,Travel_Rarely,Human Resources,8,3,Medical,1,1550,Male,3,Sales Representative,Single,25870,0.0,Y,22,8,2,4.0,3,3,2,2,No
8.585777554663055,14,2,3,3.0,4.0,2.0,36,Travel_Rarely,Sales,9,3,Marketing,1,2315,Female,4,Research Scientist,Single,142750,3.0,Y,18,8,1,7.0,5,3,1,2,No
5.959581659973056,9,3,3,3.0,4.0,3.0,59,Travel_Rarely,Research & Development,5,3,Life Sciences,1,1438,Female,3,Manager,Married,198330,3.0,Y,13,8,0,7.0,2,1,0,0,No
6.564154395359167,21,3,3,4.0,3.0,3.0,30,Travel_Rarely,Research & Development,20,3,Medical,1,324,Male,1,Laboratory Technician,Married,25230,3.0,Y,13,8,1,7.0,2,2,0,2,No
6.098596608656667,8,2,3,1.0,2.0,3.0,22,Travel_Rarely,Research & Development,16,5,Other,1,3066,Male,1,Research Scientist,Married,29910,1.0,Y,19,8,2,2.0,3,2,1,2,No
6.852899375278889,14,3,3,2.0,1.0,3.0,31,Non-Travel,Research & Development,8,4,Life Sciences,1,2676,Female,4,Sales Executive,Single,147320,0.0,Y,12,8,0,10.0,3,9,1,7,No
8.088962516733334,20,2,3,4.0,3.0,3.0,35,Travel_Rarely,Research & Development,9,2,Life Sciences,1,378,Female,1,Healthcare Representative,Married,31400,1.0,Y,13,8,1,17.0,2,17,5,15,No
6.168944667558889,21,2,3,2.0,2.0,4.0,44,Non-Travel,Research & Development,23,2,Medical,1,4252,Female,1,Research Scientist,Married,195860,4.0,Y,16,8,0,17.0,3,3,1,2,No
7.376985720660278,16,2,3,3.0,4.0,1.0,30,Non-Travel,Research & Development,15,3,Medical,1,1632,Female,2,Sales Executive,Married,23800,4.0,Y,18,8,3,9.0,2,5,1,4,No
6.453415885765278,6,4,3,3.0,3.0,4.0,28,Travel_Rarely,Research & Development,1,3,Life Sciences,1,531,Male,2,Healthcare Representative,Single,74570,3.0,Y,11,8,2,10.0,1,8,1,7,No
9.593167112895832,3,2,3,3.0,3.0,2.0,42,Non-Travel,Research & Development,4,3,Life Sciences,1,2167,Male,2,Laboratory Technician,Married,20830,0.0,Y,12,8,2,21.0,3,20,2,10,No
7.270711735831944,17,4,3,2.0,4.0,2.0,42,Travel_Frequently,Research & Development,9,4,Medical,1,3267,Male,1,Manufacturing Director,Divorced,92080,1.0,Y,15,8,1,24.0,2,24,14,9,No
5.988766175814167,16,3,3,3.0,1.0,3.0,49,Travel_Rarely,Research & Development,5,4,Life Sciences,1,814,Female,1,Research Scientist,Married,34240,4.0,Y,11,8,0,10.0,3,3,1,2,No
6.442976349843611,21,4,3,1.0,3.0,3.0,40,Travel_Rarely,Research & Development,28,3,Medical,1,1470,Male,2,Laboratory Technician,Divorced,54680,0.0,Y,12,8,0,22.0,6,21,3,9,No
5.6010040160641665,17,2,3,4.0,3.0,3.0,47,Travel_Rarely,Research & Development,25,4,Medical,1,2367,Male,2,Research Scientist,Married,148520,3.0,Y,19,8,3,27.0,3,5,1,0,No
6.020758589915,12,3,3,2.0,4.0,3.0,18,Non-Travel,Sales,5,4,Other,1,3410,Male,2,Manager,Single,32300,1.0,Y,12,8,1,0.0,3,0,0,0,No
7.3514212405175,5,3,3,4.0,2.0,3.0,32,Travel_Rarely,Sales,1,3,Life Sciences,1,3888,Male,2,Research Scientist,Single,27430,1.0,Y,19,8,1,1.0,2,1,0,0,Yes
7.845583444890556,8,3,3,2.0,4.0,1.0,59,Travel_Rarely,Research & Development,5,3,Life Sciences,1,501,Male,2,Research Scientist,Married,56740,3.0,Y,12,8,0,14.0,6,6,0,4,No
8.618530789825833,3,4,3,4.0,1.0,3.0,37,Travel_Rarely,Research & Development,7,2,Medical,1,4027,Male,1,Manufacturing Director,Married,20110,5.0,Y,13,8,0,16.0,4,5,0,4,No
6.030360330209723,22,2,3,4.0,3.0,3.0,35,Travel_Rarely,Sales,7,4,Other,1,2272,Female,4,Healthcare Representative,Married,25530,1.0,Y,14,8,1,1.0,4,1,0,0,No
10.869326193663333,3,3,3,1.0,4.0,3.0,37,Non-Travel,Research & Development,1,3,Medical,1,2958,Male,2,Sales Executive,Divorced,41270,2.0,Y,13,8,1,15.0,2,5,0,2,No
5.680271084337222,13,3,3,3.0,1.0,3.0,46,Travel_Rarely,Research & Development,2,3,Life Sciences,1,604,Male,2,Research Scientist,Married,165550,8.0,Y,14,8,2,28.0,4,26,15,9,No
6.65875167336,14,4,3,2.0,3.0,3.0,27,Travel_Rarely,Sales,2,3,Life Sciences,1,4011,Female,5,Research Scientist,Married,45410,1.0,Y,14,8,2,9.0,4,9,5,8,No
6.448560910307778,22,4,3,2.0,2.0,3.0,39,Travel_Rarely,Sales,6,1,Technical Degree,1,3762,Female,2,Laboratory Technician,Single,51750,4.0,Y,17,8,1,9.0,2,2,2,2,No
6.524197902721944,21,4,3,2.0,2.0,3.0,39,Travel_Rarely,Sales,6,1,Technical Degree,1,822,Female,2,Laboratory Technician,Single,51750,4.0,Y,17,8,1,9.0,2,2,2,2,No
5.832092815707222,8,2,3,4.0,3.0,3.0,53,Travel_Rarely,Research & Development,6,4,Life Sciences,1,3541,Male,1,Research Director,Divorced,40310,3.0,Y,12,8,1,26.0,3,7,4,7,No
7.638162650602222,8,3,3,4.0,4.0,2.0,21,Travel_Rarely,Research & Development,1,3,Medical,1,3346,Male,2,Sales Executive,Single,104000,1.0,Y,13,8,1,1.0,2,1,0,0,Yes
7.376327532351389,16,3,3,4.0,3.0,3.0,33,Non-Travel,Sales,15,3,Other,1,3393,Male,4,Research Director,Single,194360,1.0,Y,19,8,2,10.0,4,10,6,0,No
6.30718875502,20,3,3,3.0,4.0,3.0,35,Travel_Rarely,Human Resources,14,1,Life Sciences,1,4141,Male,2,Research Scientist,Married,79880,1.0,Y,18,8,0,4.0,3,4,1,1,No
6.195159526996667,15,3,4,4.0,4.0,2.0,59,Travel_Rarely,Research & Development,4,2,Life Sciences,1,662,Male,2,Research Scientist,Single,165950,6.0,Y,21,8,1,25.0,2,9,5,4,No
7.814649709950833,7,1,3,3.0,1.0,2.0,42,Travel_Frequently,Sales,2,4,Life Sciences,1,2051,Male,1,Laboratory Technician,Single,22850,0.0,Y,16,8,0,22.0,3,21,13,14,Yes
6.204471218206111,11,3,3,4.0,3.0,3.0,32,Travel_Rarely,Research & Development,5,3,Technical Degree,1,682,Female,1,Sales Executive,Married,96020,1.0,Y,13,8,1,10.0,3,10,1,1,Yes
8.48146140116,9,4,3,2.0,4.0,3.0,38,Non-Travel,Sales,11,1,Marketing,1,2766,Male,2,Laboratory Technician,Divorced,24300,7.0,Y,13,8,2,17.0,2,13,1,9,No
8.383818607764166,19,3,3,4.0,2.0,4.0,31,Travel_Frequently,Research & Development,3,1,Life Sciences,1,3635,Male,1,Sales Executive,Single,71040,1.0,Y,14,8,1,3.0,3,3,2,2,Yes
5.895585676037222,16,3,3,1.0,2.0,3.0,28,Travel_Frequently,Research & Development,7,3,Life Sciences,1,3483,Male,2,Manager,Divorced,29760,1.0,Y,14,8,0,1.0,3,1,0,0,Yes
6.263409192324723,5,3,3,2.0,3.0,2.0,35,Travel_Rarely,Sales,4,3,Medical,1,873,Female,2,Laboratory Technician,Married,74030,1.0,Y,12,8,1,10.0,4,10,6,8,No
6.768606648817222,8,4,3,2.0,2.0,3.0,28,Travel_Rarely,Research & Development,29,2,Life Sciences,1,2550,Male,2,Laboratory Technician,Married,68520,1.0,Y,18,8,1,1.0,2,1,0,0,No
5.487791164658611,22,3,3,3.0,2.0,3.0,34,Travel_Rarely,Sales,4,3,Marketing,1,2797,Female,2,Sales Representative,Divorced,50630,6.0,Y,12,8,1,12.0,2,1,0,0,No
7.133418116911945,21,3,3,3.0,3.0,4.0,45,Travel_Rarely,Research & Development,19,4,Medical,1,3926,Male,1,Sales Representative,Married,71190,4.0,Y,15,8,0,9.0,2,5,0,3,No
5.984557117358055,6,3,3,4.0,2.0,2.0,34,Travel_Rarely,Research & Development,9,2,Medical,1,2240,Male,1,Sales Executive,Married,32800,5.0,Y,13,8,0,7.0,3,5,0,2,No
6.567569165550833,10,3,4,4.0,3.0,3.0,27,Travel_Frequently,Sales,24,3,Life Sciences,1,1256,Male,4,Healthcare Representative,Single,31720,1.0,Y,20,8,1,9.0,1,9,1,7,No
6.427013609995278,20,3,3,2.0,3.0,2.0,51,Travel_Frequently,Sales,21,4,Medical,1,673,Male,2,Research Scientist,Single,182000,0.0,Y,17,8,0,8.0,3,7,7,7,No
6.601643239625,7,3,3,1.0,4.0,2.0,45,Travel_Rarely,Research & Development,2,3,Medical,1,3090,Female,1,Sales Executive,Married,50980,3.0,Y,14,8,1,8.0,4,2,0,2,No
7.158298750557778,20,3,3,2.0,4.0,4.0,33,Travel_Frequently,Research & Development,2,3,Medical,1,3673,Female,1,Sales Executive,Married,87930,6.0,Y,17,8,0,8.0,2,5,1,2,No
6.073192771084167,6,4,3,3.0,2.0,3.0,50,Travel_Rarely,Research & Development,4,3,Life Sciences,1,2848,Female,2,Manufacturing Director,Single,43740,3.0,Y,15,8,1,21.0,5,5,4,4,No
7.069731146809445,14,3,3,1.0,1.0,3.0,31,Travel_Frequently,Sales,8,4,Other,1,1049,Female,3,Manufacturing Director,Married,25520,2.0,Y,18,8,0,9.0,2,3,2,2,No
7.344911869700834,14,3,3,3.0,1.0,4.0,25,Travel_Rarely,Sales,5,3,Marketing,1,1851,Female,4,Research Scientist,Married,27560,1.0,Y,12,8,2,5.0,2,5,0,3,No
7.117379518072222,9,3,3,2.0,1.0,2.0,28,Travel_Rarely,Research & Development,23,3,Life Sciences,1,894,Male,3,Manufacturing Director,Divorced,46010,0.0,Y,15,8,2,6.0,2,5,0,0,No
6.872578090138056,8,3,3,1.0,1.0,4.0,33,Travel_Rarely,Sales,1,3,Life Sciences,1,2919,Male,2,Manager,Married,51470,7.0,Y,11,8,0,13.0,2,9,1,7,Yes
9.318259705488611,10,3,3,4.0,3.0,3.0,24,Travel_Rarely,Research & Development,5,1,Other,1,3708,Male,1,Manufacturing Director,Married,43350,1.0,Y,15,8,1,5.0,5,5,0,3,No
6.870228692547777,17,3,3,3.0,4.0,2.0,51,Travel_Rarely,Sales,6,2,Life Sciences,1,1,Female,1,Healthcare Representative,Married,131160,1.0,Y,11,8,0,1.0,6,1,0,0,No
6.450489736724444,6,2,3,1.0,3.0,3.0,31,Travel_Frequently,Research & Development,22,2,Medical,1,1652,Female,2,Sales Executive,Married,56890,3.0,Y,15,8,2,12.0,2,1,0,0,Yes
7.0891030789825,18,3,3,4.0,4.0,2.0,43,Travel_Frequently,Research & Development,1,3,Medical,1,1863,Male,1,Laboratory Technician,Married,52650,4.0,Y,11,8,1,12.0,4,5,2,2,No
6.460488621151111,11,2,3,4.0,4.0,3.0,51,Travel_Rarely,Research & Development,29,4,Life Sciences,1,1300,Female,5,Manufacturing Director,Married,24510,3.0,Y,17,8,0,10.0,2,4,0,3,No
6.934036144578055,9,2,3,1.0,3.0,2.0,25,Travel_Rarely,Research & Development,7,4,Life Sciences,1,3676,Male,1,Sales Executive,Married,22160,2.0,Y,13,8,3,6.0,2,3,1,2,No
9.808628960285555,9,3,3,4.0,3.0,1.0,32,Travel_Rarely,Sales,23,1,Life Sciences,1,4392,Male,3,Healthcare Representative,Single,24680,0.0,Y,11,8,0,4.0,2,3,1,2,Yes
6.465042391789167,16,2,3,3.0,3.0,3.0,39,Travel_Rarely,Sales,3,4,Marketing,1,2497,Female,2,Laboratory Technician,Single,26100,7.0,Y,12,8,0,9.0,2,4,2,2,No
8.195287817938333,6,2,3,2.0,4.0,4.0,18,Travel_Frequently,Research & Development,3,5,Medical,1,896,Male,1,Research Director,Single,24790,1.0,Y,12,8,1,0.0,2,0,0,0,Yes
5.687317045961389,23,3,3,3.0,3.0,3.0,52,Travel_Rarely,Research & Development,2,4,Medical,1,2873,Female,2,Sales Representative,Married,35370,0.0,Y,11,8,1,34.0,3,33,11,9,No
6.727218875501944,13,3,3,4.0,4.0,3.0,43,Travel_Frequently,Research & Development,26,1,Life Sciences,1,291,Male,1,Laboratory Technician,Married,135490,3.0,Y,11,8,2,7.0,3,2,2,2,No
5.977699687639444,15,4,3,3.0,2.0,3.0,40,Travel_Frequently,Research & Development,10,4,Medical,1,3265,Male,2,Manufacturing Director,Married,65670,1.0,Y,13,8,1,8.0,3,8,3,7,No
5.847835787594722,14,3,3,4.0,3.0,3.0,27,Travel_Frequently,Research & Development,18,2,Medical,1,4365,Female,1,Laboratory Technician,Single,65160,1.0,Y,19,8,1,7.0,4,7,0,7,No
6.243351182507777,14,3,3,3.0,3.0,3.0,20,Travel_Rarely,Research & Development,18,4,Medical,1,3861,Female,2,Sales Executive,Single,37430,1.0,Y,13,8,1,2.0,2,2,2,2,No
5.8811925479694445,13,3,3,1.0,1.0,1.0,60,Travel_Rarely,Research & Development,10,3,Life Sciences,1,3094,Female,1,Manufacturing Director,Married,22690,5.0,Y,18,8,1,33.0,4,29,11,10,No
6.531731369923889,6,3,3,2.0,2.0,3.0,46,Non-Travel,Research & Development,9,2,Life Sciences,1,1028,Male,2,Manufacturing Director,Single,57310,8.0,Y,17,8,0,6.0,2,2,2,2,No
6.849926372155278,19,3,3,3.0,1.0,4.0,42,Travel_Rarely,Research & Development,7,3,Technical Degree,1,2570,Female,2,Sales Executive,Married,182650,9.0,Y,12,8,1,18.0,4,13,5,7,No
7.167636099955278,16,2,3,2.0,1.0,3.0,26,Non-Travel,Research & Development,21,1,Life Sciences,1,491,Female,1,Manufacturing Director,Single,135250,8.0,Y,17,8,1,7.0,4,2,2,2,Yes
7.0409281570725,16,4,3,2.0,2.0,3.0,21,Travel_Rarely,Sales,1,2,Marketing,1,2484,Male,5,Healthcare Representative,Single,27910,1.0,Y,14,8,0,1.0,3,1,1,0,Yes
6.936626506023889,15,3,3,4.0,1.0,2.0,32,Non-Travel,Research & Development,10,4,Life Sciences,1,856,Female,5,Research Scientist,Married,23800,4.0,Y,13,8,0,9.0,5,6,1,2,No
6.183159303881944,20,4,3,3.0,3.0,3.0,35,Non-Travel,Research & Development,2,1,Medical,1,3198,Male,1,Research Scientist,Married,187400,1.0,Y,19,8,1,1.0,2,1,0,0,No
6.023237394020278,7,3,4,3.0,4.0,3.0,46,Travel_Rarely,Sales,1,2,Medical,1,1302,Female,2,Research Scientist,Single,97140,1.0,Y,22,8,0,9.0,0,9,4,7,Yes
8.695412762159723,15,2,3,3.0,4.0,2.0,40,Travel_Rarely,Research & Development,8,3,Technical Degree,1,3847,Female,2,Healthcare Representative,Single,24040,6.0,Y,17,8,0,18.0,2,4,3,3,No
6.212379518072222,21,3,3,3.0,2.0,4.0,34,Travel_Frequently,Sales,14,4,Medical,1,2133,Female,3,Research Scientist,Divorced,88340,4.0,Y,13,8,1,15.0,1,11,5,10,No
6.221309683176944,15,2,4,3.0,3.0,2.0,56,Non-Travel,Research & Development,8,1,Life Sciences,1,2654,Male,1,Sales Executive,Divorced,54670,1.0,Y,20,8,0,13.0,6,13,1,9,No
7.1335296742525,15,3,3,2.0,3.0,3.0,54,Travel_Rarely,Sales,24,3,Marketing,1,3867,Male,1,Laboratory Technician,Married,26000,3.0,Y,14,8,0,36.0,5,10,4,7,No
5.503881079875,20,3,3,1.0,1.0,4.0,44,Travel_Rarely,Sales,5,3,Life Sciences,1,696,Male,1,Laboratory Technician,Married,63220,4.0,Y,11,8,1,10.0,2,3,1,2,Yes
6.3046954484602775,14,4,3,1.0,3.0,2.0,30,Travel_Rarely,Sales,13,3,Marketing,1,1356,Female,2,Laboratory Technician,Single,57700,1.0,Y,16,8,1,5.0,2,5,0,4,No
7.467976349843611,13,3,3,2.0,3.0,3.0,35,Travel_Rarely,Research & Development,20,4,Life Sciences,1,4234,Female,3,Human Resources,Single,40690,1.0,Y,13,8,0,6.0,5,6,0,4,No
9.987248995983888,17,3,4,3.0,3.0,2.0,28,Travel_Rarely,Research & Development,10,1,Medical,1,4204,Male,1,Sales Executive,Single,25610,1.0,Y,22,8,1,2.0,3,2,2,2,Yes
6.847280232039167,16,2,3,1.0,3.0,1.0,48,Travel_Rarely,Sales,13,4,Medical,1,95,Male,4,Sales Executive,Married,98540,3.0,Y,16,8,1,15.0,2,0,0,0,No
6.875706157965,11,4,3,1.0,4.0,3.0,51,Travel_Frequently,Research & Development,6,3,Life Sciences,1,2819,Female,1,Manager,Single,15690,2.0,Y,11,8,0,18.0,2,4,0,3,Yes
7.570064703257223,4,3,3,2.0,2.0,3.0,34,Travel_Rarely,Research & Development,12,2,Technical Degree,1,3354,Male,2,Human Resources,Divorced,88650,1.0,Y,11,8,1,1.0,0,1,1,0,No
6.623029897367222,14,3,3,1.0,4.0,3.0,37,Travel_Frequently,Sales,2,3,Marketing,1,4379,Female,2,Laboratory Technician,Divorced,97560,4.0,Y,19,8,0,13.0,2,9,5,8,No
5.861314145470556,7,2,3,4.0,4.0,3.0,24,Travel_Frequently,Sales,22,3,Life Sciences,1,213,Female,1,Healthcare Representative,Married,29350,0.0,Y,14,8,2,3.0,5,2,2,1,No
10.429572735385833,11,3,3,3.0,4.0,1.0,57,Travel_Rarely,Research & Development,3,3,Life Sciences,1,4316,Male,2,Manufacturing Director,Divorced,20130,3.0,Y,14,8,1,12.0,5,5,1,4,No
7.516054216867222,3,3,3,3.0,,3.0,29,Travel_Frequently,Research & Development,29,1,Life Sciences,1,1910,Male,1,Sales Representative,Married,192020,1.0,Y,12,8,0,3.0,5,3,0,2,No
6.6986345381525,7,3,3,3.0,4.0,1.0,34,Travel_Rarely,Sales,2,5,Life Sciences,1,356,Male,4,Research Scientist,Married,23230,0.0,Y,17,8,0,4.0,2,3,0,2,No
7.629476796073056,11,3,4,4.0,2.0,2.0,25,Travel_Rarely,Research & Development,18,2,Life Sciences,1,2147,Male,1,Research Scientist,Single,36220,1.0,Y,25,8,0,2.0,0,2,2,1,No
6.647918340026667,6,3,3,1.0,4.0,2.0,52,Non-Travel,Research & Development,2,4,Other,1,2647,Male,1,Manager,Divorced,46140,2.0,Y,16,8,1,16.0,3,9,0,0,No
7.716131191432222,6,2,3,2.0,2.0,2.0,40,Travel_Rarely,Sales,6,3,Life Sciences,1,985,Male,3,Manufacturing Director,Single,104820,1.0,Y,11,8,1,21.0,6,21,12,8,No
7.125979473449167,15,3,4,3.0,3.0,1.0,37,Non-Travel,Sales,8,4,Medical,1,3705,Male,1,Healthcare Representative,Single,75870,0.0,Y,22,8,1,7.0,5,6,1,3,No
9.015610218652222,10,3,3,4.0,3.0,3.0,28,Travel_Rarely,Research & Development,25,3,Technical Degree,1,2582,Male,1,Research Director,Single,187890,3.0,Y,16,8,1,6.0,4,2,2,2,Yes
10.24720883534111,2,3,3,3.0,4.0,2.0,36,Travel_Rarely,Research & Development,26,4,Medical,1,3347,Male,1,Laboratory Technician,Married,84740,0.0,Y,14,8,0,17.0,3,16,4,11,No
7.206897590361389,12,3,3,3.0,3.0,3.0,54,Travel_Rarely,Research & Development,5,3,Medical,1,514,Female,2,Manufacturing Director,Married,24780,6.0,Y,11,8,0,13.0,0,9,7,0,No
6.052336010709444,9,3,4,1.0,4.0,3.0,26,Travel_Rarely,Research & Development,2,2,Other,1,3681,Male,3,Laboratory Technician,Single,53040,0.0,Y,20,8,1,5.0,2,4,1,1,No
6.832400713966944,22,3,3,4.0,2.0,2.0,51,Travel_Rarely,Research & Development,4,1,Medical,1,2184,Female,3,Manufacturing Director,Single,40280,3.0,Y,14,8,0,29.0,3,5,0,3,No
6.598115796519167,4,3,3,3.0,3.0,3.0,24,Travel_Rarely,Research & Development,6,3,Life Sciences,1,3900,Male,3,Sales Executive,Married,10520,1.0,Y,13,8,0,5.0,3,5,0,4,No
7.2405031236052775,8,3,3,4.0,3.0,3.0,23,Travel_Rarely,Sales,2,3,Medical,1,3593,Male,3,Laboratory Technician,Married,18780,1.0,Y,13,8,1,1.0,2,1,0,1,No
5.93510821062,11,3,3,3.0,4.0,2.0,40,Travel_Rarely,Research & Development,11,2,Technical Degree,1,4311,Male,4,Laboratory Technician,Married,52950,7.0,Y,18,8,0,15.0,4,12,2,11,No
6.299080767514444,18,3,3,3.0,4.0,4.0,33,Travel_Rarely,Research & Development,2,2,Medical,1,1389,Male,1,Sales Executive,Single,24400,0.0,Y,18,8,3,4.0,4,3,0,2,No
9.721956715751666,6,4,3,4.0,2.0,2.0,35,Travel_Frequently,Sales,8,2,Marketing,1,3319,Female,1,Laboratory Technician,Divorced,36900,1.0,Y,13,8,1,10.0,2,10,7,8,Yes
9.090969433288612,18,3,4,3.0,4.0,2.0,46,Travel_Rarely,Research & Development,1,4,Technical Degree,1,978,Female,3,Sales Executive,Divorced,99570,4.0,Y,20,8,0,13.0,1,10,0,3,No
7.0416220437302774,18,2,4,1.0,3.0,,27,Travel_Rarely,Research & Development,4,3,Technical Degree,1,1093,Male,2,Manufacturing Director,Single,51710,0.0,Y,20,8,1,9.0,1,8,0,7,No
6.653576528335556,15,3,3,2.0,1.0,3.0,25,Non-Travel,Research & Development,7,4,Medical,1,10,Female,4,Laboratory Technician,Divorced,134640,1.0,Y,13,8,1,6.0,2,6,1,5,No
5.821021865238611,12,2,3,3.0,4.0,3.0,26,Travel_Rarely,Sales,8,3,Marketing,1,2522,Female,1,Healthcare Representative,Single,30330,1.0,Y,12,8,0,5.0,2,5,1,2,No
6.521339803658889,21,3,3,1.0,4.0,3.0,26,Travel_Frequently,Research & Development,2,2,Life Sciences,1,3254,Male,1,Manufacturing Director,Divorced,28350,3.0,Y,11,8,1,5.0,2,2,2,0,No
7.714578313252778,4,1,3,2.0,3.0,3.0,33,Travel_Rarely,Research & Development,28,4,Life Sciences,1,2076,Female,1,Manager,Married,60910,1.0,Y,15,8,0,5.0,6,5,1,4,No
6.066065372601389,9,3,3,2.0,3.0,2.0,29,Travel_Rarely,Research & Development,10,2,Medical,1,315,Male,3,Manufacturing Director,Married,169590,4.0,Y,14,8,3,11.0,5,8,1,1,No
9.9060051316375,11,4,3,1.0,4.0,3.0,53,Travel_Rarely,Sales,6,3,Marketing,1,1837,Male,4,Sales Executive,Married,23250,7.0,Y,18,8,1,35.0,1,5,0,4,No
5.468940205265278,22,2,4,1.0,1.0,2.0,54,Travel_Rarely,Human Resources,9,3,Life Sciences,1,135,Female,2,Manufacturing Director,Married,63230,4.0,Y,23,8,1,24.0,2,4,1,2,No
6.236465863453611,12,3,3,4.0,3.0,3.0,24,Travel_Rarely,Sales,28,3,Life Sciences,1,1937,Female,1,Healthcare Representative,Divorced,118490,1.0,Y,16,8,1,5.0,3,4,3,2,No
8.583017626059723,8,2,3,3.0,2.0,3.0,25,Travel_Rarely,Research & Development,1,2,Life Sciences,1,3366,Male,1,Sales Executive,Married,32120,1.0,Y,15,8,1,1.0,3,1,0,0,Yes
9.622736501561667,14,3,3,4.0,3.0,2.0,25,Travel_Rarely,Research & Development,7,2,Medical,1,4096,Male,5,Sales Executive,Divorced,41030,6.0,Y,15,8,1,7.0,2,2,0,2,No
5.719563810798611,19,2,3,4.0,4.0,3.0,41,Non-Travel,Research & Development,3,2,Life Sciences,1,189,Female,2,Research Scientist,Single,99360,7.0,Y,17,8,1,16.0,2,14,1,10,No
5.731242748772778,22,2,3,1.0,3.0,3.0,43,Travel_Rarely,Research & Development,1,3,Life Sciences,1,2543,Male,1,Manufacturing Director,Married,73790,7.0,Y,13,8,2,21.0,3,16,6,14,No
5.914865015617778,5,3,3,4.0,3.0,3.0,36,Travel_Rarely,Sales,15,2,Life Sciences,1,3060,Male,1,Sales Executive,Married,96790,4.0,Y,12,8,0,6.0,1,2,2,2,No
6.110232039268055,21,3,3,1.0,4.0,2.0,34,Travel_Frequently,Sales,29,4,Marketing,1,3477,Male,1,Research Scientist,Single,115100,0.0,Y,14,8,1,7.0,5,6,0,4,No
6.5325959393127775,20,1,3,3.0,3.0,3.0,36,Travel_Rarely,Research & Development,9,3,Life Sciences,1,1900,Female,2,Healthcare Representative,Single,24360,4.0,Y,13,8,0,16.0,3,11,3,9,No
5.671687862561111,14,2,4,4.0,3.0,3.0,32,Non-Travel,Research & Development,7,2,Life Sciences,1,1682,Female,2,Research Director,Married,32980,8.0,Y,22,8,0,6.0,4,4,1,2,Yes
8.113614457831112,14,2,3,3.0,2.0,3.0,55,Travel_Frequently,Research & Development,26,2,Life Sciences,1,3428,Female,2,Sales Executive,Married,27890,3.0,Y,13,8,1,17.0,2,8,6,7,No
6.5562226684513885,9,3,4,4.0,3.0,1.0,56,Travel_Rarely,Sales,10,4,Other,1,4127,Male,2,Sales Executive,Married,40780,8.0,Y,24,8,1,14.0,3,10,9,8,Yes
7.045547746541667,19,2,4,1.0,3.0,1.0,54,Travel_Rarely,Research & Development,25,1,Medical,1,4248,Female,1,Laboratory Technician,Married,48550,9.0,Y,25,8,1,16.0,2,4,0,3,No
7.525021195894444,6,1,3,3.0,4.0,4.0,31,Travel_Frequently,Research & Development,2,2,Medical,1,3663,Female,2,Manufacturing Director,Single,53960,7.0,Y,17,8,1,3.0,2,1,0,0,Yes
10.496800535475,7,3,3,4.0,4.0,3.0,31,Travel_Rarely,Sales,6,3,Other,1,2615,Male,1,Manufacturing Director,Divorced,45340,1.0,Y,13,8,0,1.0,2,1,0,0,No
6.120848951360833,18,3,3,2.0,1.0,2.0,42,Travel_Rarely,Research & Development,7,4,Other,1,1030,Female,2,Laboratory Technician,Married,57140,5.0,Y,11,8,0,10.0,2,0,0,0,No
9.0981938866575,15,1,3,1.0,1.0,3.0,35,Travel_Rarely,Research & Development,2,3,Medical,1,2323,Female,1,Research Scientist,Divorced,25320,1.0,Y,13,8,0,1.0,2,1,0,0,Yes
8.722841365461667,7,2,3,3.0,2.0,3.0,33,Travel_Frequently,Sales,1,3,Marketing,1,1928,Male,2,Human Resources,Married,21760,1.0,Y,14,8,1,6.0,2,6,1,2,No
6.259219098616667,20,2,4,3.0,1.0,3.0,26,Travel_Rarely,Research & Development,29,4,Life Sciences,1,747,Male,1,Research Scientist,Single,63890,0.0,Y,22,8,0,8.0,2,7,0,7,No
7.1347713074519445,20,3,3,1.0,2.0,3.0,38,Non-Travel,Sales,6,4,Marketing,1,2502,Male,3,Sales Executive,Divorced,73360,5.0,Y,11,8,0,13.0,3,11,3,8,No
6.522922802320278,12,3,3,4.0,1.0,2.0,28,Travel_Rarely,Sales,1,4,Life Sciences,1,3616,Female,2,Sales Representative,Single,20330,2.0,Y,15,8,1,5.0,5,3,1,2,No
6.061619812583611,20,3,3,4.0,3.0,3.0,42,Non-Travel,Research & Development,10,4,Life Sciences,1,1147,Female,2,Research Scientist,Single,61510,1.0,Y,13,8,1,20.0,3,20,3,7,No
8.547379518072223,20,2,3,1.0,3.0,3.0,41,Non-Travel,Research & Development,23,3,Life Sciences,1,3142,Male,2,Manufacturing Director,Single,26700,2.0,Y,15,8,2,10.0,2,8,0,7,No
9.78356202588111,14,2,3,2.0,1.0,3.0,30,Travel_Rarely,Research & Development,6,4,Medical,1,3631,Female,1,Sales Executive,Married,30410,1.0,Y,11,8,1,9.0,2,9,0,8,No
5.802856983489445,23,3,3,1.0,3.0,3.0,46,Travel_Rarely,Research & Development,6,4,Medical,1,2023,Male,3,Sales Executive,Married,21740,3.0,Y,11,8,1,23.0,3,12,4,9,No
5.887591477019167,13,3,3,3.0,3.0,,40,Travel_Rarely,Sales,10,4,Life Sciences,1,1198,Male,1,Research Scientist,Single,93620,2.0,Y,11,8,1,8.0,6,2,2,2,No
7.655568942436389,8,4,3,2.0,3.0,3.0,41,Travel_Rarely,Sales,1,4,Life Sciences,1,3466,Female,1,Research Director,Married,52570,1.0,Y,14,8,0,10.0,2,10,0,8,No
6.5220504239177775,14,3,3,4.0,3.0,3.0,41,Travel_Rarely,Research & Development,2,3,Life Sciences,1,3420,Male,2,Research Scientist,Single,47410,6.0,Y,16,8,0,8.0,3,2,2,1,No
6.039698795180556,11,4,3,3.0,3.0,3.0,39,Travel_Rarely,Sales,26,4,Life Sciences,1,1453,Male,2,Research Director,Divorced,81610,7.0,Y,12,8,1,7.0,2,3,1,2,No
9.777776662204166,17,3,3,2.0,3.0,3.0,34,Travel_Rarely,Sales,25,5,Marketing,1,830,Female,1,Research Scientist,Married,41940,0.0,Y,17,8,2,12.0,3,11,5,7,No
7.6582463186075,10,3,3,4.0,1.0,3.0,55,Travel_Rarely,Human Resources,7,3,Human Resources,1,311,Male,4,Laboratory Technician,Married,74280,5.0,Y,12,8,0,24.0,2,5,1,4,Yes
7.218372378402222,13,2,3,4.0,3.0,3.0,30,Travel_Rarely,Research & Development,10,3,Life Sciences,1,1551,Male,2,Research Scientist,Divorced,55070,1.0,Y,12,8,2,10.0,2,10,1,2,No
8.047624944221111,8,3,3,4.0,1.0,3.0,20,Travel_Rarely,Research & Development,2,2,Life Sciences,1,474,Female,2,Research Scientist,Single,63970,1.0,Y,17,8,1,1.0,3,1,0,0,Yes
7.345769745649167,14,1,3,1.0,4.0,3.0,32,Travel_Frequently,Sales,4,4,Life Sciences,1,3241,Male,2,Sales Executive,Married,188440,1.0,Y,19,8,0,10.0,3,10,4,7,No
8.115662650602221,5,2,4,4.0,3.0,2.0,47,Travel_Frequently,Research & Development,27,3,Life Sciences,1,3227,Male,1,Research Scientist,Divorced,54410,9.0,Y,22,8,1,28.0,6,22,11,13,No
6.124945336903056,21,3,3,1.0,4.0,3.0,55,Travel_Rarely,Research & Development,2,3,Life Sciences,1,2765,Female,2,Laboratory Technician,Married,74410,3.0,Y,12,8,1,24.0,4,1,1,0,No
6.931892012494167,13,4,3,2.0,3.0,3.0,31,Travel_Frequently,Research & Development,7,4,Medical,1,1458,Male,1,Research Scientist,Divorced,24370,9.0,Y,14,8,1,9.0,3,2,2,2,No
7.369561579651666,20,3,3,2.0,2.0,3.0,52,Travel_Rarely,Sales,1,3,Life Sciences,1,2019,Male,1,Sales Executive,Single,59740,7.0,Y,18,8,1,18.0,6,8,4,0,No
6.381927710843334,19,3,3,3.0,4.0,3.0,34,Travel_Frequently,Research & Development,7,4,Life Sciences,1,1819,Male,3,Laboratory Technician,Single,23480,1.0,Y,14,8,1,6.0,3,5,1,3,No
6.7609571619811115,8,3,3,3.0,3.0,4.0,33,Travel_Rarely,Research & Development,3,4,Life Sciences,1,333,Male,4,Manufacturing Director,Married,59020,0.0,Y,12,8,1,14.0,2,13,3,7,No
5.966742525658056,6,3,3,3.0,3.0,4.0,46,Non-Travel,Sales,2,4,Marketing,1,1578,Female,2,Laboratory Technician,Married,30650,2.0,Y,11,8,0,7.0,3,1,0,0,No
8.53712851405611,10,2,3,1.0,3.0,3.0,50,Travel_Rarely,Research & Development,12,4,Medical,1,2719,Male,1,Research Director,Married,49000,1.0,Y,11,8,0,3.0,3,3,0,2,Yes
5.765429495760555,10,3,3,2.0,3.0,3.0,41,Travel_Rarely,Sales,20,4,Marketing,1,2728,Male,2,Sales Executive,Married,102090,1.0,Y,13,8,1,23.0,2,22,15,8,Yes
6.792039268183611,14,2,3,2.0,3.0,3.0,50,Travel_Frequently,Sales,4,2,Life Sciences,1,2665,Female,2,Laboratory Technician,Divorced,167990,7.0,Y,14,8,1,12.0,2,6,0,1,Yes
9.029596162427222,4,4,3,2.0,2.0,3.0,18,Travel_Frequently,Research & Development,2,3,Technical Degree,1,1670,Male,1,Sales Executive,Single,34680,1.0,Y,18,8,2,0.0,4,0,0,0,Yes
7.800978357875834,9,1,3,4.0,4.0,3.0,43,Travel_Rarely,Research & Development,25,4,Life Sciences,1,959,Male,2,Sales Executive,Married,22200,1.0,Y,11,8,0,10.0,2,10,8,8,No
6.691262829093889,15,2,3,4.0,1.0,3.0,29,Travel_Rarely,Research & Development,5,5,Life Sciences,1,1086,Female,1,Sales Executive,Single,105020,3.0,Y,12,8,0,11.0,4,3,1,2,No
7.5039602855866665,13,2,4,3.0,4.0,3.0,43,Travel_Rarely,Sales,25,2,Life Sciences,1,1988,Male,3,Research Scientist,Divorced,50550,5.0,Y,22,8,0,18.0,2,1,0,0,No
5.7108801874161115,23,3,3,4.0,1.0,3.0,29,Travel_Rarely,Research & Development,3,4,Other,1,1001,Female,2,Sales Representative,Divorced,55930,1.0,Y,13,8,1,1.0,3,1,0,0,No
5.854330655956945,14,2,3,3.0,1.0,3.0,28,Travel_Rarely,Research & Development,7,3,Medical,1,3087,Male,3,Healthcare Representative,Divorced,119570,1.0,Y,13,8,0,10.0,2,10,1,8,No
6.0442135207494445,21,3,3,4.0,3.0,3.0,55,Travel_Rarely,Sales,11,3,Technical Degree,1,698,Male,2,Manufacturing Director,Married,83810,4.0,Y,15,8,1,23.0,3,19,9,11,No
10.907254573850834,2,4,3,4.0,3.0,3.0,41,Travel_Rarely,Research & Development,24,4,Life Sciences,1,3879,Female,4,Manager,Single,137260,3.0,Y,12,8,0,21.0,6,2,0,2,No
7.3977175368138886,19,2,3,2.0,4.0,3.0,42,Travel_Frequently,Sales,13,4,Life Sciences,1,375,Female,2,Laboratory Technician,Single,22880,5.0,Y,16,8,1,8.0,4,2,2,2,No
6.643232931726667,6,2,4,4.0,4.0,3.0,38,Travel_Rarely,Research & Development,16,3,Life Sciences,1,1731,Male,5,Research Scientist,Single,147560,0.0,Y,20,8,1,8.0,3,7,0,5,No
7.5738933511825,14,2,3,3.0,3.0,3.0,30,Non-Travel,Research & Development,17,4,Life Sciences,1,2894,Male,2,Healthcare Representative,Single,64300,1.0,Y,12,8,1,12.0,2,11,5,8,No
7.567716421240278,14,3,3,1.0,3.0,3.0,48,Travel_Rarely,Human Resources,2,4,Medical,1,1948,Male,2,Sales Executive,Single,45540,2.0,Y,11,8,2,19.0,3,2,2,2,No
5.800312360553056,9,4,3,1.0,4.0,3.0,52,Travel_Rarely,Research & Development,5,4,Medical,1,1962,Female,4,Human Resources,Married,14200,1.0,Y,13,8,1,33.0,2,32,6,9,Yes
7.828470548861945,17,3,3,3.0,3.0,2.0,53,Travel_Rarely,Research & Development,11,4,Life Sciences,1,23,Female,2,Research Scientist,Married,21480,3.0,Y,11,8,0,21.0,2,5,1,3,No
6.683171575189444,11,3,3,4.0,3.0,3.0,18,Travel_Rarely,Sales,7,3,Life Sciences,1,1514,Male,1,Research Scientist,Single,38120,1.0,Y,15,8,0,0.0,3,0,0,0,No
6.313373493975833,13,3,3,4.0,1.0,3.0,32,Travel_Rarely,Sales,9,4,Life Sciences,1,4132,Female,2,Research Scientist,Single,57690,1.0,Y,11,8,0,4.0,3,4,1,2,No
6.459363007585833,12,3,3,3.0,3.0,1.0,47,Travel_Frequently,Research & Development,1,3,Medical,1,966,Female,2,Sales Executive,Married,196270,7.0,Y,11,8,2,25.0,1,23,14,10,Yes
10.106541722445277,10,4,3,3.0,2.0,3.0,32,Travel_Rarely,Research & Development,1,3,Life Sciences,1,3002,Male,3,Research Scientist,Married,26620,1.0,Y,11,8,1,13.0,6,13,11,9,No
7.808023203926667,7,2,3,4.0,2.0,3.0,40,Non-Travel,Research & Development,25,4,Other,1,783,Female,1,Sales Executive,Divorced,31490,2.0,Y,15,8,1,16.0,1,9,4,8,No
9.43854194556,4,3,3,4.0,4.0,3.0,49,Non-Travel,Research & Development,23,1,Other,1,2884,Female,2,Sales Executive,Divorced,92410,1.0,Y,19,8,1,7.0,5,7,1,7,No
8.083406961177777,8,3,3,1.0,2.0,3.0,37,Non-Travel,Research & Development,1,5,Medical,1,3335,Female,2,Research Scientist,Single,62610,1.0,Y,12,8,0,10.0,1,10,0,9,No
6.256866354306111,6,3,3,3.0,2.0,4.0,31,Travel_Rarely,Research & Development,7,3,Life Sciences,1,1647,Male,2,Research Director,Divorced,53430,1.0,Y,14,8,1,13.0,3,13,0,8,No
8.546979027219722,12,2,3,3.0,2.0,3.0,33,Travel_Frequently,Sales,1,3,Marketing,1,3398,Male,2,Human Resources,Married,21760,1.0,Y,14,8,1,6.0,2,6,1,2,No
6.478288710396945,5,3,3,3.0,4.0,3.0,40,Travel_Rarely,Sales,27,2,Medical,1,2512,Female,3,Sales Executive,Divorced,102740,4.0,Y,18,8,0,12.0,3,5,0,3,No
8.397965194109723,17,1,3,2.0,2.0,3.0,56,Travel_Rarely,Research & Development,15,3,Life Sciences,1,1335,Male,2,Laboratory Technician,Married,33120,9.0,Y,19,8,0,7.0,1,5,4,3,Yes
6.733176037483055,13,3,3,4.0,4.0,3.0,35,Travel_Rarely,Sales,2,4,Marketing,1,2720,Male,3,Manufacturing Director,Married,104660,1.0,Y,13,8,0,2.0,1,2,2,2,No
8.566289602855834,10,3,3,3.0,2.0,2.0,27,Travel_Rarely,Research & Development,5,4,Medical,1,2853,Male,2,Healthcare Representative,Married,47350,0.0,Y,13,8,0,6.0,2,5,1,1,No
6.9881414547075,19,4,3,,3.0,3.0,34,Travel_Rarely,Sales,8,2,Life Sciences,1,3115,Male,1,Laboratory Technician,Divorced,24390,3.0,Y,11,8,2,14.0,2,7,5,7,No
9.243672467648333,17,3,3,1.0,2.0,3.0,45,Travel_Rarely,Human Resources,12,3,Human Resources,1,3596,Male,2,Laboratory Technician,Single,43060,2.0,Y,11,8,2,26.0,3,24,1,11,Yes
7.27375167336,8,2,3,2.0,2.0,3.0,32,Travel_Rarely,Sales,3,4,Life Sciences,1,4226,Male,2,Manufacturing Director,Married,97150,1.0,Y,15,8,1,10.0,1,10,0,9,No
10.172547969656389,4,1,3,3.0,4.0,2.0,28,Travel_Rarely,Research & Development,15,4,Life Sciences,1,3525,Male,2,Sales Executive,Married,41970,1.0,Y,13,8,0,1.0,3,1,0,0,Yes
6.121540606871666,22,3,3,4.0,3.0,3.0,23,Travel_Rarely,Research & Development,7,2,Life Sciences,1,2340,Female,3,Manager,Married,105520,2.0,Y,11,8,0,4.0,2,2,2,2,No
7.088198348951111,14,3,3,4.0,4.0,2.0,32,Travel_Rarely,Sales,4,3,Marketing,1,2239,Male,1,Research Scientist,Married,53260,4.0,Y,14,8,1,7.0,2,4,0,3,No
7.438930165104722,18,1,3,3.0,1.0,2.0,42,Travel_Frequently,Sales,2,4,Life Sciences,1,581,Male,1,Laboratory Technician,Single,22850,0.0,Y,16,8,0,22.0,3,21,13,14,Yes
6.2884248103525,12,2,3,1.0,3.0,3.0,31,Travel_Frequently,Research & Development,22,2,Medical,1,3122,Female,2,Sales Executive,Married,56890,3.0,Y,15,8,2,12.0,2,1,0,0,Yes
7.40286702365,13,2,3,2.0,3.0,3.0,42,Travel_Frequently,Research & Development,2,4,Medical,1,184,Female,1,Research Scientist,Married,29770,4.0,Y,15,8,3,8.0,3,2,2,0,No
7.124975457385,13,3,3,3.0,1.0,3.0,49,Travel_Rarely,Sales,9,3,Technical Degree,1,1852,Female,2,Sales Representative,Married,190330,2.0,Y,18,8,1,7.0,5,4,0,2,No
8.349715528781667,15,3,3,3.0,2.0,2.0,27,Travel_Rarely,Research & Development,5,4,Medical,1,1383,Male,2,Healthcare Representative,Married,47350,0.0,Y,13,8,0,6.0,2,5,1,1,No
7.947584783578611,16,2,3,4.0,1.0,3.0,30,Travel_Rarely,Research & Development,10,4,Life Sciences,1,4367,Female,2,Research Scientist,Single,55620,5.0,Y,13,8,0,8.0,3,5,0,4,Yes
9.113384649709722,8,1,3,3.0,3.0,3.0,50,Travel_Rarely,Research & Development,4,2,Medical,1,3809,Female,1,Laboratory Technician,Married,27990,4.0,Y,12,8,1,27.0,0,1,0,0,No
9.602573627844444,17,2,4,2.0,3.0,2.0,44,Travel_Frequently,Research & Development,5,2,Medical,1,3745,Female,2,Research Scientist,Single,171590,5.0,Y,22,8,1,16.0,1,2,2,2,No
6.114008255243055,14,3,3,3.0,1.0,1.0,52,Travel_Rarely,Research & Development,5,2,Life Sciences,1,743,Female,1,Healthcare Representative,Married,27590,9.0,Y,18,8,1,12.0,6,5,0,4,No
5.743501784917222,17,3,3,1.0,1.0,1.0,60,Travel_Rarely,Research & Development,10,3,Life Sciences,1,154,Female,1,Manufacturing Director,Married,22690,5.0,Y,18,8,1,33.0,4,29,11,10,No
7.726300758589722,14,2,3,3.0,2.0,3.0,55,Travel_Rarely,Sales,9,3,Marketing,1,1144,Male,2,Laboratory Technician,Married,119160,4.0,Y,15,8,1,35.0,3,10,1,4,No
7.791584114234444,12,2,3,3.0,4.0,3.0,30,Travel_Frequently,Sales,3,2,Marketing,1,1598,Male,3,Research Scientist,Single,11290,9.0,Y,19,8,0,3.0,2,1,0,0,Yes
6.846163543061111,5,3,3,3.0,2.0,3.0,32,Travel_Rarely,Research & Development,3,2,Technical Degree,1,1169,Male,3,Manufacturing Director,Single,53630,1.0,Y,13,8,0,6.0,4,6,4,1,No
8.971625390450555,11,3,3,2.0,1.0,2.0,44,Travel_Rarely,Research & Development,1,1,Medical,1,1265,Female,3,Research Scientist,Divorced,15630,5.0,Y,12,8,2,9.0,3,4,1,3,No
6.803930165104722,20,3,3,3.0,4.0,4.0,28,Travel_Rarely,Sales,9,3,Medical,1,1026,Female,2,Sales Executive,Married,47660,1.0,Y,12,8,0,5.0,3,5,0,3,No
6.290203034359444,12,4,4,1.0,1.0,3.0,60,Travel_Rarely,Research & Development,8,2,Life Sciences,1,279,Female,5,Laboratory Technician,Single,53290,8.0,Y,20,8,0,10.0,3,2,2,2,No
5.848063364569167,7,3,3,2.0,4.0,3.0,33,Travel_Rarely,Research & Development,1,4,Medical,1,3377,Female,4,Manufacturing Director,Single,44650,0.0,Y,13,8,0,6.0,3,5,1,4,No
7.2924620705041665,7,1,3,1.0,3.0,3.0,24,Travel_Rarely,Research & Development,17,2,Life Sciences,1,1738,Female,1,Healthcare Representative,Single,25010,9.0,Y,12,8,0,4.0,3,2,2,0,Yes
8.117154172244444,8,3,3,3.0,4.0,3.0,40,Travel_Rarely,Sales,5,5,Life Sciences,1,2309,Male,1,Manufacturing Director,Single,52310,1.0,Y,12,8,2,21.0,4,21,7,7,No
9.258164881749167,11,3,3,4.0,2.0,3.0,41,Travel_Rarely,Research & Development,9,2,Life Sciences,1,3029,Female,1,Laboratory Technician,Single,54870,6.0,Y,19,8,2,8.0,0,5,1,2,No
7.6939491298525,3,2,3,4.0,1.0,3.0,50,Travel_Rarely,Research & Development,2,2,Medical,1,3860,Male,3,Sales Executive,Divorced,43770,5.0,Y,12,8,1,19.0,2,14,1,11,No
5.819590584560277,16,2,3,3.0,3.0,2.0,28,Travel_Rarely,Research & Development,19,4,Medical,1,1811,Female,2,Sales Executive,Single,32040,6.0,Y,16,8,1,5.0,4,2,2,1,Yes
7.562011378848611,8,2,3,2.0,3.0,3.0,34,Non-Travel,Research & Development,7,2,Technical Degree,1,4199,Female,1,Research Scientist,Single,86200,0.0,Y,13,8,1,10.0,2,9,8,7,No
7.169859437750834,17,3,3,4.0,4.0,3.0,54,Travel_Rarely,Research & Development,9,4,Life Sciences,1,2107,Male,2,Sales Executive,Married,20930,3.0,Y,19,8,0,36.0,2,10,0,9,No
6.479802543507223,18,2,3,2.0,2.0,2.0,35,Travel_Rarely,Sales,7,4,Life Sciences,1,1489,Male,1,Sales Representative,Divorced,24380,7.0,Y,16,8,0,10.0,5,7,6,2,No
6.995734047300278,7,3,3,4.0,4.0,4.0,38,Travel_Frequently,Research & Development,19,2,Life Sciences,1,930,Male,2,Research Scientist,Married,24510,7.0,Y,12,8,1,19.0,3,13,2,9,No
7.900343596608611,15,3,3,2.0,3.0,3.0,29,Travel_Rarely,Research & Development,29,4,Technical Degree,1,675,Female,1,Sales Representative,Divorced,28860,3.0,Y,13,8,0,10.0,4,7,7,7,Yes
7.124085229808055,10,3,3,1.0,4.0,1.0,34,Travel_Rarely,Research & Development,3,3,Life Sciences,1,858,Male,2,Sales Executive,Single,20440,1.0,Y,11,8,0,1.0,2,1,0,0,No
5.684637438643334,18,3,4,4.0,3.0,2.0,30,Travel_Rarely,Sales,1,2,Technical Degree,1,2262,Male,1,Laboratory Technician,Married,25060,8.0,Y,22,8,0,4.0,3,2,2,2,No
6.7746240517625,15,2,3,2.0,3.0,3.0,50,Travel_Frequently,Sales,4,2,Life Sciences,1,1195,Female,2,Laboratory Technician,Divorced,167990,7.0,Y,14,8,1,12.0,2,6,0,1,Yes
9.898292057117223,5,4,3,4.0,3.0,3.0,27,Travel_Rarely,Research & Development,13,2,Medical,1,1533,Female,4,Research Director,Single,28560,1.0,Y,12,8,2,5.0,5,5,0,4,No
5.5711445783130555,20,3,3,3.0,2.0,2.0,36,Travel_Frequently,Sales,5,2,Marketing,1,3583,Female,1,Laboratory Technician,Married,47170,1.0,Y,19,8,1,12.0,3,11,0,7,No
6.284557117358055,23,2,3,3.0,3.0,3.0,42,Travel_Rarely,Sales,11,1,Technical Degree,1,3355,Male,2,Human Resources,Single,59400,7.0,Y,16,8,0,10.0,2,5,0,3,No
7.765192994198889,13,3,3,3.0,1.0,3.0,21,Travel_Rarely,Sales,10,5,Medical,1,4119,Male,3,Research Scientist,Single,66870,1.0,Y,19,8,3,2.0,0,2,1,2,No
7.110085899151945,9,2,3,2.0,3.0,3.0,34,Travel_Rarely,Research & Development,2,3,Life Sciences,1,2513,Male,2,Laboratory Technician,Married,53430,1.0,Y,14,8,0,10.0,5,10,4,8,No
5.922618250780833,7,2,3,3.0,2.0,3.0,55,Travel_Rarely,Research & Development,6,1,Life Sciences,1,2870,Female,2,Laboratory Technician,Single,26550,8.0,Y,17,8,0,36.0,0,24,2,15,No
7.184928603301945,13,2,3,3.0,3.0,2.0,46,Travel_Rarely,Sales,19,4,Marketing,1,3095,Female,1,Sales Executive,Divorced,41080,2.0,Y,14,8,0,19.0,5,10,0,8,No
5.866442436412222,12,3,3,1.0,1.0,1.0,60,Travel_Rarely,Research & Development,10,3,Life Sciences,1,1624,Female,1,Manufacturing Director,Married,22690,5.0,Y,18,8,1,33.0,4,29,11,10,No
10.280517626059723,12,3,3,1.0,1.0,3.0,38,Travel_Frequently,Sales,2,4,Life Sciences,1,3261,Female,2,Research Scientist,Single,23680,6.0,Y,11,8,1,17.0,3,15,4,12,No
6.760519857206389,15,3,3,2.0,3.0,3.0,29,Travel_Rarely,Research & Development,8,3,Medical,1,1633,Female,3,Manufacturing Director,Married,194310,1.0,Y,11,8,0,10.0,3,10,0,7,No
7.246830655956945,18,4,3,3.0,3.0,2.0,29,Travel_Rarely,Research & Development,23,4,Life Sciences,1,3787,Female,2,Healthcare Representative,Married,45370,6.0,Y,18,8,1,5.0,5,1,0,0,No
6.541269522534445,6,3,3,2.0,4.0,3.0,35,Non-Travel,Sales,10,1,Life Sciences,1,2501,Female,2,Research Director,Divorced,43230,2.0,Y,18,8,3,15.0,3,7,1,7,No
6.139275992860278,6,2,3,3.0,4.0,2.0,28,Travel_Rarely,Sales,7,5,Life Sciences,1,4073,Female,2,Sales Representative,Divorced,171230,5.0,Y,15,8,1,6.0,2,4,0,3,Yes
7.164219098616667,11,2,3,2.0,3.0,3.0,40,Travel_Rarely,Sales,6,2,Life Sciences,1,134,Female,1,Laboratory Technician,Married,26470,6.0,Y,13,8,0,20.0,2,1,0,0,No
6.776868585452778,8,3,3,3.0,2.0,3.0,32,Travel_Rarely,Research & Development,3,2,Technical Degree,1,2639,Male,3,Manufacturing Director,Single,53630,1.0,Y,13,8,0,6.0,4,6,4,1,No
9.541850736278333,7,2,3,4.0,2.0,3.0,29,Travel_Rarely,Research & Development,1,3,Medical,1,1202,Male,3,Sales Executive,Married,42840,4.0,Y,11,8,0,10.0,5,4,0,3,No
8.065306782686111,7,2,3,3.0,1.0,3.0,56,Travel_Rarely,Research & Development,4,3,Life Sciences,1,2858,Male,4,Manager,Divorced,25870,4.0,Y,12,8,0,19.0,2,2,2,2,No
6.390895805443889,7,2,3,4.0,3.0,3.0,35,Travel_Rarely,Sales,7,4,Other,1,3742,Female,4,Healthcare Representative,Married,25530,1.0,Y,14,8,1,1.0,4,1,0,0,No
7.608975903614445,12,4,3,2.0,3.0,3.0,43,Travel_Frequently,Sales,2,2,Life Sciences,1,4283,Male,1,Sales Executive,Single,32110,4.0,Y,13,8,0,18.0,2,3,1,2,No
6.468837572512222,19,1,3,1.0,4.0,3.0,27,Travel_Rarely,Sales,9,3,Marketing,1,255,Male,5,Research Director,Single,59930,0.0,Y,14,8,1,5.0,3,4,1,1,No
5.978549754573611,12,3,3,1.0,2.0,3.0,28,Travel_Frequently,Research & Development,7,3,Life Sciences,1,2013,Male,2,Manager,Divorced,29760,1.0,Y,14,8,0,1.0,3,1,0,0,Yes
7.320381526104167,18,3,3,4.0,1.0,3.0,56,Travel_Rarely,Research & Development,4,3,Technical Degree,1,1114,Female,2,Sales Executive,Married,198470,4.0,Y,14,8,0,6.0,6,0,0,0,No
5.755578982596944,22,3,3,,3.0,2.0,31,Travel_Rarely,Research & Development,2,2,Medical,1,1225,Male,2,Laboratory Technician,Divorced,39750,1.0,Y,15,8,1,5.0,3,5,4,3,No
7.319170013386667,9,2,3,4.0,3.0,3.0,30,Travel_Rarely,Research & Development,10,3,Life Sciences,1,3021,Male,2,Research Scientist,Divorced,55070,1.0,Y,12,8,2,10.0,2,10,1,2,No
6.254037260151667,13,3,3,4.0,2.0,1.0,24,Travel_Rarely,Human Resources,28,4,Human Resources,1,3554,Male,3,Manufacturing Director,Married,28860,1.0,Y,19,8,1,1.0,5,1,0,0,Yes
6.943260821061944,9,3,4,3.0,1.0,2.0,43,Travel_Rarely,Research & Development,7,2,Life Sciences,1,1546,Female,2,Manager,Married,65000,8.0,Y,23,8,0,10.0,3,1,0,0,No
6.326625390450555,7,3,3,1.0,3.0,3.0,38,Travel_Frequently,Research & Development,1,4,Other,1,1161,Male,2,Research Scientist,Married,36690,2.0,Y,19,8,0,10.0,2,8,7,7,No
5.58198237394,17,2,3,2.0,1.0,4.0,24,Travel_Rarely,Research & Development,3,3,Life Sciences,1,973,Female,1,Research Scientist,Divorced,14160,1.0,Y,15,8,1,6.0,3,6,1,2,No
9.675976126728889,15,2,4,2.0,3.0,2.0,44,Travel_Frequently,Research & Development,5,2,Medical,1,2275,Female,2,Research Scientist,Single,171590,5.0,Y,22,8,1,16.0,1,2,2,2,No
6.7370515394911115,19,3,3,3.0,3.0,2.0,38,Travel_Rarely,Research & Development,5,3,Technical Degree,1,527,Male,1,Sales Executive,Married,63490,0.0,Y,11,8,0,20.0,3,19,1,9,No
5.696564033913333,20,3,3,3.0,4.0,2.0,40,Travel_Rarely,Research & Development,11,2,Technical Degree,1,2841,Male,4,Laboratory Technician,Married,52950,7.0,Y,18,8,0,15.0,4,12,2,11,No
6.356690093708056,6,3,3,3.0,4.0,2.0,37,Travel_Frequently,Research & Development,13,3,Life Sciences,1,954,Male,1,Laboratory Technician,Divorced,119040,1.0,Y,12,8,1,6.0,4,6,1,3,No
10.176985720660278,6,1,3,3.0,3.0,3.0,44,Travel_Rarely,Human Resources,6,2,Human Resources,1,2070,Male,3,Sales Executive,Single,45580,1.0,Y,13,8,1,6.0,2,6,0,2,Yes
7.095702811244722,17,2,3,3.0,2.0,3.0,46,Travel_Rarely,Research & Development,6,3,Medical,1,3914,Male,4,Sales Executive,Single,46150,6.0,Y,12,8,0,19.0,3,10,0,9,No
6.891488174921666,11,2,3,2.0,2.0,4.0,38,Travel_Rarely,Research & Development,2,3,Life Sciences,1,2333,Female,1,Manufacturing Director,Single,27780,2.0,Y,13,8,0,8.0,5,3,1,2,No
5.976567380633611,23,3,4,1.0,1.0,3.0,50,Non-Travel,Research & Development,17,3,Medical,1,1866,Female,1,Laboratory Technician,Divorced,42980,1.0,Y,20,8,1,31.0,6,31,14,7,No
10.152815707273334,3,3,4,2.0,4.0,1.0,31,Travel_Frequently,Research & Development,7,4,Life Sciences,1,2249,Male,1,Laboratory Technician,Married,65000,6.0,Y,23,8,1,7.0,5,2,2,2,Yes
7.167754350736111,14,2,3,4.0,2.0,3.0,51,Travel_Rarely,Research & Development,2,3,Life Sciences,1,42,Male,2,Laboratory Technician,Divorced,56750,5.0,Y,13,8,0,13.0,2,4,1,2,No
7.199443328870833,10,3,4,4.0,3.0,3.0,26,Travel_Rarely,Research & Development,11,4,Medical,1,1207,Male,2,Manager,Single,92780,0.0,Y,20,8,0,5.0,3,4,0,0,No
6.917115127175278,19,3,4,4.0,3.0,3.0,26,Travel_Rarely,Research & Development,11,4,Medical,1,4147,Male,2,Manager,Single,92780,0.0,Y,20,8,0,5.0,3,4,0,0,No
8.106145693886388,3,2,3,2.0,3.0,3.0,50,Travel_Frequently,Research & Development,4,2,Medical,1,271,Male,4,Sales Representative,Married,44240,3.0,Y,14,8,1,18.0,2,4,1,3,Yes
7.165268853190278,14,3,4,1.0,4.0,2.0,24,Non-Travel,Research & Development,2,5,Technical Degree,1,1853,Male,2,Healthcare Representative,Married,187220,0.0,Y,22,8,1,6.0,3,5,3,4,No
6.218881079875,9,3,3,4.0,1.0,2.0,37,Travel_Rarely,Research & Development,10,1,Technical Degree,1,129,Male,1,Sales Executive,Divorced,133410,1.0,Y,14,8,1,18.0,3,18,12,17,No
6.368572066041945,18,3,4,1.0,4.0,3.0,56,Travel_Rarely,Human Resources,1,2,Medical,1,1097,Female,5,Sales Executive,Single,25590,1.0,Y,21,8,0,5.0,3,4,1,0,Yes
6.518444890673611,11,4,3,4.0,3.0,2.0,34,Travel_Frequently,Human Resources,7,4,Other,1,2871,Female,1,Research Scientist,Married,13930,1.0,Y,11,8,2,10.0,4,10,1,9,No
6.668268630075834,19,3,3,2.0,3.0,3.0,50,Travel_Rarely,Sales,10,4,Life Sciences,1,3108,Female,3,Manager,Married,47870,0.0,Y,12,8,0,28.0,3,27,15,7,No
8.79314591700111,13,3,3,1.0,4.0,3.0,46,Travel_Frequently,Research & Development,20,3,Technical Degree,1,4201,Male,3,Sales Executive,Single,40350,4.0,Y,14,8,1,14.0,2,9,0,8,No
6.573231816153333,7,3,3,1.0,4.0,3.0,36,Non-Travel,Sales,28,1,Life Sciences,1,1921,Male,2,Research Scientist,Divorced,48980,4.0,Y,13,8,1,12.0,3,7,0,7,No
6.495205265506389,15,3,3,3.0,2.0,4.0,35,Travel_Rarely,Research & Development,18,5,Medical,1,3529,Female,2,Research Scientist,Divorced,65380,2.0,Y,16,8,1,15.0,3,7,6,4,No
7.197913877733056,14,3,3,2.0,4.0,2.0,33,Non-Travel,Sales,9,2,Technical Degree,1,497,Male,5,Sales Representative,Single,12000,0.0,Y,11,8,1,3.0,3,2,2,2,No
6.992243418116667,14,1,3,3.0,4.0,3.0,37,Travel_Frequently,Research & Development,13,4,Life Sciences,1,391,Female,3,Human Resources,Married,35640,5.0,Y,11,8,0,10.0,1,5,0,0,No
9.431834002677222,2,2,3,3.0,3.0,3.0,35,Travel_Frequently,Sales,1,2,Technical Degree,1,2174,Male,2,Manager,Single,66460,1.0,Y,13,8,1,9.0,2,9,1,1,No
8.421539491298333,5,3,3,3.0,1.0,2.0,31,Travel_Rarely,Research & Development,21,3,Life Sciences,1,2108,Male,2,Laboratory Technician,Married,99800,1.0,Y,12,8,0,6.0,1,6,0,1,No
9.005943775100278,5,3,3,,3.0,2.0,26,Travel_Frequently,Research & Development,2,1,Life Sciences,1,196,Female,2,Laboratory Technician,Divorced,59930,0.0,Y,12,8,0,8.0,3,7,1,0,Yes
10.681424587237778,5,1,4,2.0,4.0,2.0,29,Travel_Rarely,Sales,4,2,Other,1,3508,Female,2,Healthcare Representative,Married,65400,1.0,Y,22,8,0,10.0,2,10,1,2,No
6.596010709504444,7,1,3,4.0,2.0,3.0,24,Travel_Rarely,Sales,7,3,Medical,1,1689,Female,1,Laboratory Technician,Married,12320,1.0,Y,12,8,0,1.0,4,1,0,0,No
6.736420124944167,21,3,3,1.0,2.0,3.0,43,Travel_Rarely,Sales,10,2,Life Sciences,1,1603,Female,1,Sales Executive,Divorced,46170,1.0,Y,11,8,0,25.0,2,25,3,9,No
6.506015171798055,14,3,3,1.0,3.0,2.0,32,Travel_Frequently,Sales,1,1,Marketing,1,2439,Male,2,Laboratory Technician,Married,88580,6.0,Y,16,8,1,10.0,2,5,1,3,No
7.87010821062,4,3,3,4.0,1.0,2.0,23,Travel_Frequently,Research & Development,2,4,Life Sciences,1,4121,Female,2,Manufacturing Director,Married,61790,1.0,Y,11,8,0,1.0,3,1,1,0,Yes
5.929968763944444,7,3,3,3.0,3.0,4.0,30,Travel_Rarely,Research & Development,1,2,Life Sciences,1,807,Male,3,Sales Executive,Divorced,102210,0.0,Y,19,8,1,6.0,2,5,1,3,No
6.719871709058333,16,3,3,2.0,3.0,3.0,29,Travel_Rarely,Research & Development,8,3,Medical,1,3103,Female,3,Manufacturing Director,Married,194310,1.0,Y,11,8,0,10.0,3,10,0,7,No
5.827238955823056,21,2,3,4.0,4.0,3.0,33,Travel_Rarely,Research & Development,7,3,Medical,1,2402,Male,5,Sales Executive,Divorced,109990,1.0,Y,18,8,3,6.0,3,6,0,4,No
7.308800758589722,7,3,3,1.0,3.0,3.0,43,Travel_Rarely,Research & Development,3,3,Medical,1,4082,Male,1,Research Scientist,Married,90940,1.0,Y,12,8,1,10.0,0,10,0,9,No
8.683329986613055,13,3,4,1.0,1.0,2.0,27,Travel_Rarely,Research & Development,7,3,Life Sciences,1,3572,Male,3,Manufacturing Director,Married,34080,1.0,Y,24,8,0,9.0,2,9,6,8,No
6.097379518072223,11,3,3,1.0,3.0,3.0,34,Non-Travel,Sales,1,2,Life Sciences,1,2190,Male,2,Research Scientist,Divorced,86210,1.0,Y,17,8,1,5.0,1,5,0,0,No
8.374997768853056,12,3,3,3.0,4.0,3.0,29,Travel_Rarely,Sales,17,4,Medical,1,2116,Male,1,Laboratory Technician,Divorced,65820,1.0,Y,19,8,1,6.0,3,6,1,0,No
8.653279785809723,7,2,3,3.0,1.0,3.0,34,Travel_Rarely,Sales,13,4,Medical,1,3600,Male,3,Sales Representative,Single,74910,0.0,Y,14,8,1,4.0,3,3,0,2,No
8.894717759928334,13,3,3,1.0,2.0,3.0,36,Travel_Rarely,Research & Development,1,3,Medical,1,3694,Male,2,Sales Executive,Single,53090,3.0,Y,13,8,0,15.0,5,5,0,1,No
5.504354082998611,20,3,3,4.0,1.0,3.0,46,Travel_Rarely,Research & Development,25,1,Medical,1,1422,Male,5,Research Scientist,Divorced,34330,7.0,Y,18,8,0,17.0,3,4,0,3,No
10.059407630521944,17,3,4,1.0,3.0,3.0,24,Travel_Frequently,Research & Development,2,3,Medical,1,1692,Male,2,Research Scientist,Married,39190,1.0,Y,21,8,0,6.0,3,6,1,2,Yes
7.4667358322175,20,1,3,3.0,3.0,3.0,41,Travel_Rarely,Research & Development,17,2,Other,1,1346,Male,1,Manufacturing Director,Divorced,52080,3.0,Y,11,8,3,12.0,2,9,0,7,No
7.420206381079722,13,4,3,1.0,3.0,2.0,26,Travel_Rarely,Sales,8,2,Marketing,1,3480,Male,2,Sales Executive,Divorced,80950,1.0,Y,15,8,0,1.0,3,1,0,0,Yes
7.289137661758056,16,4,3,1.0,3.0,2.0,26,Travel_Rarely,Sales,8,2,Marketing,1,2010,Male,2,Sales Executive,Divorced,80950,1.0,Y,15,8,0,1.0,3,1,0,0,Yes
6.934367469879445,19,3,4,,4.0,3.0,29,Travel_Rarely,Research & Development,26,1,Life Sciences,1,3535,Male,1,Laboratory Technician,Married,22180,1.0,Y,24,8,1,10.0,1,10,0,8,No
6.878937974118611,12,3,3,2.0,1.0,3.0,40,Travel_Rarely,Research & Development,1,4,Life Sciences,1,1047,Male,2,Manager,Divorced,199430,2.0,Y,13,8,1,15.0,3,7,7,7,No
8.07588799643,4,3,3,1.0,4.0,3.0,33,Travel_Frequently,Sales,29,4,Life Sciences,1,1268,Female,1,Human Resources,Single,31800,1.0,Y,14,8,1,15.0,2,15,8,12,No
10.385687193217223,3,4,3,3.0,1.0,3.0,54,Travel_Rarely,Research & Development,1,3,Medical,1,1149,Female,2,Human Resources,Single,23620,6.0,Y,13,8,1,9.0,2,5,1,4,No
6.1903145917,16,3,3,4.0,4.0,4.0,42,Travel_Frequently,Research & Development,18,4,Technical Degree,1,3096,Male,4,Sales Executive,Married,132060,0.0,Y,13,8,2,7.0,2,6,0,4,No
6.060496430165,18,2,3,3.0,4.0,1.0,28,Travel_Rarely,Sales,4,4,Life Sciences,1,1375,Male,2,Healthcare Representative,Married,54330,1.0,Y,13,8,1,5.0,4,5,0,2,No
5.624191209281389,17,3,3,4.0,1.0,3.0,46,Travel_Rarely,Research & Development,25,1,Medical,1,4362,Male,5,Research Scientist,Divorced,34330,7.0,Y,18,8,0,17.0,3,4,0,3,No
10.591713520749444,7,2,3,4.0,3.0,3.0,58,Non-Travel,Research & Development,2,3,Life Sciences,1,2991,Male,2,Manufacturing Director,Divorced,39680,2.0,Y,13,8,2,12.0,3,5,1,2,No
6.9337639446675,6,3,4,3.0,4.0,3.0,34,Non-Travel,Sales,1,1,Marketing,1,2016,Female,2,Research Director,Married,26960,3.0,Y,23,8,0,6.0,3,0,0,0,No
6.555451807228889,19,3,3,1.0,1.0,4.0,33,Travel_Rarely,Sales,1,3,Life Sciences,1,4389,Male,2,Manager,Married,51470,7.0,Y,11,8,0,13.0,2,9,1,7,Yes
6.0967715305666665,15,2,3,4.0,3.0,2.0,43,Travel_Rarely,Sales,9,5,Technical Degree,1,1248,Female,1,Research Director,Divorced,12740,1.0,Y,19,8,0,6.0,3,5,1,4,No
6.934087460954722,13,3,3,1.0,1.0,3.0,45,Travel_Frequently,Research & Development,3,1,Medical,1,54,Female,1,Sales Executive,Divorced,35400,1.0,Y,13,8,0,24.0,6,24,9,11,No
6.072937304774444,16,2,3,3.0,4.0,1.0,28,Travel_Rarely,Sales,4,4,Life Sciences,1,2845,Male,2,Healthcare Representative,Married,54330,1.0,Y,13,8,1,5.0,4,5,0,2,No
10.63076639892889,8,3,3,1.0,4.0,2.0,44,Travel_Rarely,Research & Development,22,3,Medical,1,374,Female,1,Laboratory Technician,Married,104530,2.0,Y,11,8,1,10.0,2,3,0,2,No
6.479837126282778,9,2,3,4.0,3.0,3.0,36,Travel_Rarely,Sales,1,3,Marketing,1,685,Male,2,Sales Executive,Married,166270,3.0,Y,12,8,0,10.0,5,7,1,7,No
9.495967202141667,13,3,3,3.0,4.0,1.0,30,Travel_Rarely,Research & Development,21,1,Medical,1,4292,Male,2,Laboratory Technician,Married,104350,0.0,Y,11,8,0,12.0,5,11,4,7,No
7.684524765729445,7,2,3,3.0,4.0,1.0,30,Non-Travel,Research & Development,15,3,Medical,1,3102,Female,2,Sales Executive,Married,23800,4.0,Y,18,8,3,9.0,2,5,1,4,No
10.298895582329166,16,3,3,4.0,2.0,2.0,51,Travel_Frequently,Research & Development,14,3,Life Sciences,1,2131,Male,2,Research Director,Divorced,105270,4.0,Y,14,8,0,31.0,3,29,11,10,No
10.110542168674444,12,2,4,4.0,4.0,3.0,37,Travel_Rarely,Research & Development,7,4,Life Sciences,1,3478,Male,4,Sales Executive,Divorced,71430,2.0,Y,21,8,0,8.0,6,1,0,0,No
8.479609549308334,12,1,4,4.0,3.0,3.0,35,Travel_Rarely,Research & Development,12,2,Medical,1,1651,Female,2,Sales Representative,Married,28090,4.0,Y,23,8,1,10.0,2,8,0,0,No
6.881899821508055,17,3,3,3.0,4.0,2.0,52,Travel_Rarely,Research & Development,1,2,Medical,1,2913,Female,4,Manager,Single,83460,7.0,Y,14,8,0,6.0,5,2,2,2,No
7.7444444444444445,8,3,3,1.0,3.0,3.0,27,Travel_Rarely,Research & Development,6,4,Life Sciences,1,2115,Male,2,Laboratory Technician,Divorced,37550,1.0,Y,19,8,0,5.0,2,5,0,3,No
8.711897590361389,5,3,3,3.0,1.0,3.0,22,Travel_Rarely,Research & Development,1,3,Other,1,2486,Male,4,Research Scientist,Married,49680,1.0,Y,14,8,0,1.0,3,1,0,0,Yes
7.361606425702778,14,1,3,2.0,2.0,1.0,41,Travel_Rarely,Research & Development,3,3,Life Sciences,1,1037,Male,3,Research Scientist,Single,35970,3.0,Y,13,8,1,11.0,2,3,1,2,No
6.1229562695225,17,2,4,3.0,3.0,2.0,56,Non-Travel,Research & Development,8,1,Life Sciences,1,4124,Male,1,Sales Executive,Divorced,54670,1.0,Y,20,8,0,13.0,6,13,1,9,No
7.966945560017778,15,2,4,2.0,3.0,4.0,33,Travel_Rarely,Research & Development,10,3,Life Sciences,1,178,Female,4,Research Director,Married,67280,7.0,Y,22,8,0,15.0,2,7,7,7,Yes
9.899479027219723,12,2,3,3.0,4.0,4.0,40,Travel_Rarely,Research & Development,23,3,Medical,1,1416,Female,1,Laboratory Technician,Married,45020,8.0,Y,12,8,2,15.0,0,7,3,7,No
6.937025881302778,9,3,4,2.0,4.0,2.0,19,Travel_Rarely,Research & Development,8,2,Life Sciences,1,2860,Male,2,Sales Executive,Single,159720,1.0,Y,21,8,0,1.0,2,1,1,0,Yes
5.503106871931944,22,4,3,3.0,1.0,3.0,35,Travel_Rarely,Research & Development,2,4,Medical,1,2759,Male,2,Healthcare Representative,Single,101240,0.0,Y,14,8,1,16.0,2,15,2,8,No
7.233784024988611,19,3,4,2.0,4.0,2.0,32,Travel_Rarely,Research & Development,3,4,Medical,1,1835,Female,4,Sales Executive,Divorced,30380,2.0,Y,20,8,0,8.0,3,5,0,3,No
6.315707273538333,16,3,3,3.0,2.0,3.0,24,Non-Travel,Sales,1,5,Marketing,1,1799,Female,1,Manufacturing Director,Divorced,81890,1.0,Y,14,8,1,1.0,3,1,0,0,No
6.771321954484445,9,3,3,4.0,4.0,4.0,23,Travel_Rarely,Research & Development,7,3,Life Sciences,1,4091,Male,2,Research Scientist,Single,191870,1.0,Y,11,8,1,5.0,2,5,1,4,No
8.18005243195,12,3,3,2.0,4.0,1.0,41,Travel_Rarely,Research & Development,7,2,Life Sciences,1,2683,Female,1,Research Scientist,Single,20990,8.0,Y,12,8,1,8.0,2,6,0,5,Yes
7.0393395805441665,19,4,3,4.0,1.0,1.0,40,Travel_Rarely,Research & Development,2,3,Medical,1,826,Male,2,Research Director,Single,47750,3.0,Y,15,8,1,15.0,3,5,1,0,Yes
7.406271753681389,20,1,3,3.0,1.0,2.0,42,Travel_Frequently,Sales,2,4,Life Sciences,1,3521,Male,1,Laboratory Technician,Single,22850,0.0,Y,16,8,0,22.0,3,21,13,14,Yes
6.668002008031944,5,3,3,1.0,4.0,2.0,52,Non-Travel,Research & Development,2,4,Other,1,1177,Male,1,Manager,Divorced,46140,2.0,Y,16,8,1,16.0,3,9,0,0,No
6.487044846050833,14,3,3,3.0,4.0,3.0,34,Travel_Frequently,Research & Development,7,4,Life Sciences,1,349,Male,3,Laboratory Technician,Single,23480,1.0,Y,14,8,1,6.0,3,5,1,3,No
5.529138777331389,23,4,4,4.0,4.0,1.0,40,Non-Travel,Research & Development,28,2,Life Sciences,1,1421,Male,1,Manufacturing Director,Married,167040,9.0,Y,22,8,0,5.0,2,3,0,2,No
9.522832440874444,18,1,3,3.0,4.0,2.0,28,Travel_Rarely,Research & Development,15,4,Life Sciences,1,2055,Male,2,Sales Executive,Married,41970,1.0,Y,13,8,0,1.0,3,1,0,0,Yes
6.4150401606425,10,2,3,2.0,1.0,1.0,31,Travel_Rarely,Research & Development,9,1,Medical,1,225,Female,1,Sales Representative,Divorced,189470,2.0,Y,12,8,2,9.0,2,3,1,2,Yes
5.766157965193889,14,2,3,4.0,3.0,3.0,52,Travel_Rarely,Research & Development,29,3,Life Sciences,1,3270,Male,2,Manufacturing Director,Married,29420,8.0,Y,11,8,1,9.0,1,5,1,4,No
10.269859437750833,10,3,3,1.0,2.0,2.0,32,Travel_Rarely,Human Resources,22,3,Human Resources,1,4169,Female,2,Research Director,Divorced,74460,0.0,Y,19,8,0,7.0,3,6,0,5,No
9.960273315483889,10,3,4,2.0,1.0,3.0,36,Travel_Rarely,Research & Development,1,3,Medical,1,979,Male,2,Manufacturing Director,Divorced,33760,5.0,Y,20,8,0,16.0,3,2,2,2,Yes
5.8663431503791665,5,2,3,3.0,2.0,2.0,28,Travel_Rarely,Research & Development,5,1,Technical Degree,1,2286,Male,2,Laboratory Technician,Married,25590,1.0,Y,11,8,0,8.0,3,8,1,7,No
7.334724453368889,21,2,3,1.0,3.0,3.0,45,Travel_Frequently,Sales,21,1,Marketing,1,1462,Male,3,Research Scientist,Married,22890,4.0,Y,13,8,0,9.0,3,3,0,2,No
6.521971218206111,6,3,3,3.0,1.0,3.0,28,Travel_Rarely,Research & Development,2,3,Life Sciences,1,2197,Female,2,Healthcare Representative,Married,111590,1.0,Y,12,8,0,5.0,2,5,0,4,No
7.252322623828611,20,3,3,4.0,4.0,3.0,32,Non-Travel,Research & Development,21,3,Life Sciences,1,380,Male,1,Sales Executive,Divorced,44500,0.0,Y,13,8,0,4.0,3,3,0,2,No
5.724021642123889,19,3,3,4.0,3.0,3.0,44,Non-Travel,Research & Development,20,3,Life Sciences,1,2075,Male,1,Sales Representative,Single,45560,2.0,Y,13,8,0,6.0,4,0,0,0,No
10.30958389112,7,2,4,3.0,2.0,3.0,36,Travel_Rarely,Research & Development,2,4,Medical,1,2140,Male,1,Healthcare Representative,Single,27250,9.0,Y,21,8,1,18.0,4,16,5,12,No
7.483652387326944,7,3,3,1.0,3.0,2.0,26,Travel_Rarely,Sales,4,3,Marketing,1,2725,Male,2,Manager,Single,24040,1.0,Y,12,8,0,1.0,6,1,0,1,Yes
7.281392235608889,14,3,3,3.0,4.0,3.0,35,Travel_Frequently,Research & Development,6,4,Medical,1,3685,Female,2,Research Director,Single,61420,2.0,Y,15,8,1,10.0,2,2,2,2,No
6.284019410977222,20,1,3,4.0,4.0,2.0,37,Travel_Rarely,Research & Development,14,4,Life Sciences,1,3538,Male,3,Research Scientist,Married,65770,1.0,Y,13,8,0,14.0,1,14,3,11,No
7.568842034805833,13,3,3,4.0,4.0,4.0,35,Travel_Frequently,Research & Development,3,3,Medical,1,2061,Female,2,Laboratory Technician,Married,22580,1.0,Y,11,8,1,2.0,2,2,2,2,No
6.428858768406944,17,2,3,1.0,3.0,2.0,24,Non-Travel,Research & Development,1,5,Life Sciences,1,4173,Male,3,Research Scientist,Divorced,93800,0.0,Y,16,8,0,5.0,2,4,1,3,No
6.545668228469166,16,3,3,4.0,3.0,3.0,41,Travel_Rarely,Sales,6,4,Marketing,1,3901,Male,1,Research Scientist,Single,28210,1.0,Y,17,8,0,10.0,3,10,8,7,No
5.724621820615556,11,3,3,2.0,3.0,3.0,41,Travel_Rarely,Sales,20,4,Marketing,1,4198,Male,2,Sales Executive,Married,102090,1.0,Y,13,8,1,23.0,2,22,15,8,Yes
9.102631637661666,11,3,3,3.0,2.0,3.0,51,Travel_Rarely,Sales,18,2,Life Sciences,1,705,Male,4,Manufacturing Director,Divorced,77250,1.0,Y,13,8,1,33.0,2,33,0,10,No
8.295401606425555,7,4,3,3.0,4.0,3.0,44,Travel_Rarely,Human Resources,1,3,Life Sciences,1,3897,Male,1,Research Scientist,Married,48340,1.0,Y,14,8,0,9.0,1,8,6,7,No
8.402130745202777,20,3,3,4.0,2.0,4.0,31,Travel_Frequently,Research & Development,3,1,Life Sciences,1,2165,Male,1,Sales Executive,Single,71040,1.0,Y,14,8,1,3.0,3,3,2,2,Yes
8.393314368585278,21,3,3,3.0,4.0,3.0,25,Travel_Frequently,Research & Development,1,1,Life Sciences,1,2124,Male,1,Manufacturing Director,Single,109320,1.0,Y,11,8,1,1.0,3,1,1,0,Yes
8.633544176706666,10,4,3,2.0,3.0,3.0,35,Travel_Rarely,Research & Development,2,4,Life Sciences,1,1405,Female,2,Research Director,Married,108830,3.0,Y,12,8,0,8.0,3,1,0,1,Yes
5.9263152610441665,12,4,3,1.0,4.0,3.0,30,Travel_Rarely,Sales,9,1,Marketing,1,684,Male,4,Research Director,Married,40890,0.0,Y,18,8,0,10.0,2,9,6,7,No
7.590754127621389,12,2,3,3.0,1.0,3.0,23,Travel_Rarely,Sales,2,3,Medical,1,328,Female,4,Manufacturing Director,Married,45590,1.0,Y,18,8,1,1.0,2,0,0,0,Yes
10.175152833556389,3,3,3,4.0,3.0,3.0,34,Travel_Rarely,Human Resources,2,3,Human Resources,1,3767,Male,2,Manufacturing Director,Married,28180,1.0,Y,13,8,1,10.0,2,10,8,6,No
6.066388888888889,21,3,4,4.0,2.0,3.0,45,Travel_Rarely,Research & Development,1,4,Life Sciences,1,2438,Male,1,Research Director,Single,29420,1.0,Y,22,8,1,21.0,4,21,8,6,No
6.341740294511111,20,2,4,3.0,1.0,2.0,35,Travel_Rarely,Sales,6,4,Medical,1,1833,Female,2,Manager,Single,94190,1.0,Y,24,8,1,6.0,5,6,1,1,No
5.725187416331944,19,2,3,4.0,4.0,2.0,54,Travel_Rarely,Sales,1,3,Medical,1,751,Female,2,Manager,Single,22970,6.0,Y,18,8,2,29.0,2,20,12,7,No
6.202559125390278,15,4,3,4.0,4.0,,31,Travel_Rarely,Sales,24,3,Life Sciences,1,1534,Male,2,Healthcare Representative,Divorced,10810,4.0,Y,11,8,3,13.0,4,7,1,7,No
6.685585676037222,16,3,4,4.0,1.0,3.0,31,Travel_Frequently,Research & Development,7,3,Medical,1,887,Male,2,Research Scientist,Single,36170,7.0,Y,21,8,1,10.0,5,5,0,3,No
6.278371262828889,9,3,3,3.0,3.0,4.0,40,Travel_Rarely,Research & Development,2,4,Life Sciences,1,788,Male,3,Laboratory Technician,Divorced,167520,2.0,Y,18,8,1,8.0,3,3,1,2,No
8.8714212405175,14,2,3,1.0,2.0,2.0,47,Non-Travel,Research & Development,1,1,Medical,1,14,Male,1,Research Scientist,Married,57620,1.0,Y,11,8,2,10.0,4,10,9,9,Yes
6.750371485943611,17,2,3,2.0,2.0,4.0,38,Travel_Rarely,Research & Development,2,3,Life Sciences,1,863,Female,1,Manufacturing Director,Single,27780,2.0,Y,13,8,0,8.0,5,3,1,2,No
5.4816030789825,21,3,3,1.0,2.0,3.0,36,Travel_Rarely,Research & Development,1,3,Life Sciences,1,923,Female,2,Healthcare Representative,Single,10510,2.0,Y,14,8,0,15.0,2,4,1,3,No
7.534968763944445,8,2,3,1.0,3.0,3.0,25,Travel_Rarely,Sales,29,1,Medical,1,2821,Female,3,Research Scientist,Married,30690,2.0,Y,14,8,1,6.0,3,2,2,2,No
7.332550200803055,12,3,4,3.0,3.0,3.0,28,Travel_Rarely,Research & Development,10,3,Life Sciences,1,3351,Female,3,Manager,Divorced,135910,5.0,Y,20,8,1,6.0,2,2,2,2,No
5.978026550646945,16,3,3,4.0,3.0,3.0,30,Travel_Rarely,Research & Development,11,4,Medical,1,4160,Male,2,Laboratory Technician,Divorced,171690,1.0,Y,17,8,2,1.0,2,1,0,0,No
7.463161535028889,10,2,3,2.0,4.0,3.0,29,Travel_Frequently,Sales,2,4,Life Sciences,1,1732,Male,4,Healthcare Representative,Divorced,64990,1.0,Y,18,8,3,10.0,3,10,2,8,No
8.522660642570278,11,3,3,3.0,2.0,2.0,27,Travel_Rarely,Research & Development,5,4,Medical,1,4323,Male,2,Healthcare Representative,Married,47350,0.0,Y,13,8,0,6.0,2,5,1,1,No
6.257835787594722,19,2,3,3.0,3.0,2.0,50,Travel_Rarely,Sales,19,4,Marketing,1,4336,Male,3,Sales Executive,Married,31950,2.0,Y,11,8,0,5.0,4,3,0,2,No
5.924933065595556,10,3,3,3.0,3.0,2.0,30,Non-Travel,Research & Development,8,3,Life Sciences,1,2265,Male,1,Manufacturing Director,Divorced,21430,1.0,Y,17,8,1,1.0,2,1,0,0,No
10.417978580990555,9,3,3,1.0,1.0,2.0,53,Travel_Rarely,Research & Development,18,3,Medical,1,4079,Male,1,Research Scientist,Single,34230,6.0,Y,15,8,1,15.0,4,2,2,2,Yes
6.424226907630278,11,3,3,1.0,4.0,2.0,34,Travel_Frequently,Sales,29,4,Marketing,1,2007,Male,1,Research Scientist,Single,115100,0.0,Y,14,8,1,7.0,5,6,0,4,No
7.122269076305,16,3,3,4.0,4.0,4.0,32,Travel_Frequently,Sales,9,4,Life Sciences,1,4002,Male,4,Sales Executive,Single,43270,8.0,Y,13,8,0,4.0,4,0,0,0,No
9.95758478357861,4,3,4,2.0,2.0,2.0,41,Travel_Rarely,Research & Development,18,4,Life Sciences,1,1395,Male,5,Laboratory Technician,Single,53470,1.0,Y,24,8,1,4.0,1,4,0,2,Yes
7.321365461847222,12,1,3,4.0,4.0,3.0,41,Travel_Rarely,Sales,2,2,Medical,1,2633,Male,1,Healthcare Representative,Married,23870,3.0,Y,17,8,1,12.0,1,5,1,0,No
7.658051093261666,10,3,3,1.0,2.0,3.0,34,Travel_Rarely,Research & Development,8,2,Medical,1,4237,Male,1,Research Scientist,Married,58780,1.0,Y,14,8,0,5.0,1,5,1,3,No
5.543419232485277,19,2,3,3.0,3.0,3.0,40,Travel_Rarely,Sales,26,4,Marketing,1,160,Female,1,Sales Executive,Married,34820,0.0,Y,18,8,1,21.0,2,20,1,12,No
6.310013386880834,19,2,3,4.0,4.0,3.0,38,Travel_Rarely,Sales,2,3,Marketing,1,30,Female,1,Manager,Divorced,44480,9.0,Y,12,8,0,10.0,3,2,1,2,No
8.103776215975,20,1,3,3.0,4.0,3.0,35,Travel_Rarely,Research & Development,5,3,Life Sciences,1,4075,Male,2,Sales Representative,Married,48830,1.0,Y,18,8,1,10.0,1,10,0,9,No
6.758566488174722,12,3,3,4.0,1.0,3.0,38,Travel_Rarely,Sales,6,3,Other,1,1894,Male,2,Sales Executive,Married,87890,1.0,Y,11,8,3,15.0,4,15,5,11,No
5.830213074520278,19,3,3,2.0,4.0,3.0,22,Travel_Rarely,Research & Development,2,1,Life Sciences,1,2792,Male,1,Sales Representative,Single,193310,1.0,Y,12,8,1,1.0,2,0,0,0,No
8.696306336456667,8,2,3,1.0,1.0,3.0,33,Travel_Rarely,Research & Development,3,2,Life Sciences,1,3512,Male,1,Sales Executive,Single,49360,0.0,Y,14,8,0,6.0,2,5,0,3,Yes
6.743695894689722,12,3,3,3.0,1.0,2.0,48,Travel_Rarely,Research & Development,2,5,Life Sciences,1,3797,Male,1,Sales Executive,Married,47650,8.0,Y,12,8,1,10.0,4,8,7,6,No
7.006826193663334,6,2,3,1.0,1.0,2.0,38,Travel_Rarely,Research & Development,9,2,Technical Degree,1,1134,Male,3,Sales Representative,Single,23720,4.0,Y,12,8,0,20.0,3,1,0,0,No
8.89083110218639,11,2,3,2.0,3.0,2.0,26,Travel_Rarely,Research & Development,26,2,Life Sciences,1,1092,Male,2,Human Resources,Married,68120,1.0,Y,13,8,0,1.0,2,1,1,0,No
6.37260821062,11,3,3,1.0,4.0,4.0,46,Travel_Rarely,Research & Development,18,1,Medical,1,774,Male,1,Manufacturing Director,Divorced,59800,4.0,Y,11,8,1,28.0,2,7,4,3,Yes
7.962261267291111,13,3,3,3.0,2.0,3.0,39,Travel_Rarely,Sales,29,1,Marketing,1,2150,Female,1,Laboratory Technician,Divorced,54600,6.0,Y,13,8,2,21.0,3,19,15,2,No
9.307755466309445,5,3,3,4.0,3.0,3.0,33,Travel_Frequently,Research & Development,10,2,Medical,1,4156,Male,2,Research Scientist,Married,34200,1.0,Y,14,8,0,8.0,3,8,3,0,No
7.9833846497097225,10,2,4,3.0,4.0,3.0,31,Travel_Rarely,Sales,9,4,Life Sciences,1,2571,Female,1,Sales Executive,Divorced,161240,2.0,Y,23,8,1,8.0,2,5,1,4,No
5.5754105310127775,17,3,3,2.0,2.0,3.0,32,Non-Travel,Research & Development,10,4,Life Sciences,1,2473,Female,1,Laboratory Technician,Single,87400,2.0,Y,11,8,1,12.0,2,7,0,7,No
6.0629495760819445,18,3,3,4.0,4.0,3.0,39,Travel_Rarely,Research & Development,2,3,Technical Degree,1,2548,Male,3,Healthcare Representative,Divorced,102520,8.0,Y,13,8,1,7.0,3,2,2,2,No
7.136569611780278,12,3,3,1.0,4.0,2.0,32,Travel_Rarely,Research & Development,7,3,Technical Degree,1,65,Male,2,Healthcare Representative,Single,24720,7.0,Y,13,8,0,10.0,2,7,0,7,No
10.677810129406389,3,3,3,4.0,2.0,3.0,38,Travel_Frequently,Research & Development,4,2,Medical,1,1116,Female,1,Manager,Divorced,44440,1.0,Y,13,8,0,20.0,2,20,0,7,No
7.2587204373047225,12,2,3,4.0,4.0,2.0,58,Travel_Rarely,Sales,2,2,Medical,1,4279,Female,1,Research Scientist,Married,43850,1.0,Y,13,8,1,40.0,2,40,15,6,Yes
6.362743195002222,16,3,3,4.0,1.0,2.0,28,Travel_Rarely,Sales,1,4,Life Sciences,1,676,Female,2,Sales Representative,Single,20330,2.0,Y,15,8,1,5.0,5,3,1,2,No
5.618854306113334,15,3,3,1.0,2.0,3.0,36,Travel_Rarely,Research & Development,1,3,Life Sciences,1,2393,Female,2,Healthcare Representative,Single,10510,2.0,Y,14,8,0,15.0,2,4,1,3,No
6.003563141454444,11,2,3,3.0,4.0,3.0,20,Travel_Rarely,Research & Development,18,4,Medical,1,619,Male,1,Human Resources,Single,84120,1.0,Y,13,8,0,2.0,2,2,2,2,No
5.771757028112222,16,3,3,4.0,3.0,3.0,41,Travel_Rarely,Research & Development,3,3,Medical,1,281,Male,1,Manufacturing Director,Married,72600,1.0,Y,16,8,0,22.0,2,22,2,10,No
8.58350066934389,19,2,3,1.0,3.0,3.0,41,Non-Travel,Research & Development,23,3,Life Sciences,1,202,Male,2,Manufacturing Director,Single,26700,2.0,Y,15,8,2,10.0,2,8,0,7,No
6.6295515394911115,10,3,4,2.0,4.0,3.0,29,Travel_Rarely,Human Resources,8,3,Medical,1,80,Male,3,Sales Representative,Single,25870,0.0,Y,22,8,2,4.0,3,3,2,2,No
6.811443551985556,19,3,4,3.0,4.0,2.0,45,Travel_Rarely,Research & Development,2,1,Technical Degree,1,1354,Female,2,Healthcare Representative,Single,57680,5.0,Y,23,8,1,9.0,4,6,0,3,No
6.651454707719722,7,3,3,2.0,2.0,1.0,45,Travel_Rarely,Sales,1,4,Technical Degree,1,2836,Male,1,Research Scientist,Divorced,25800,8.0,Y,17,8,3,20.0,3,17,0,15,No
6.448882195448333,22,2,3,2.0,2.0,3.0,51,Travel_Frequently,Research & Development,20,3,Medical,1,3670,Male,2,Sales Executive,Married,148140,2.0,Y,11,8,1,14.0,2,4,3,2,No
9.049416555109167,4,3,3,4.0,4.0,2.0,34,Travel_Rarely,Research & Development,8,1,Life Sciences,1,4042,Female,3,Laboratory Technician,Married,25850,3.0,Y,12,8,0,9.0,5,4,0,1,No
7.6499665327977775,13,3,3,3.0,2.0,2.0,30,Travel_Rarely,Research & Development,9,3,Life Sciences,1,1305,Male,1,Manufacturing Director,Divorced,92500,1.0,Y,12,8,3,11.0,0,11,2,7,No
10.067626059794723,17,3,3,2.0,4.0,3.0,44,Travel_Rarely,Research & Development,8,1,Life Sciences,1,1178,Female,1,Sales Representative,Single,26100,6.0,Y,15,8,0,6.0,2,4,1,2,No
6.944072958500556,21,3,3,2.0,3.0,3.0,51,Travel_Rarely,Research & Development,1,3,Other,1,2839,Female,3,Research Director,Married,80080,2.0,Y,15,8,1,10.0,4,1,0,0,No
10.168568719321666,14,3,3,4.0,1.0,2.0,42,Travel_Rarely,Research & Development,5,3,Medical,1,1664,Male,3,Sales Executive,Married,53900,1.0,Y,14,8,0,10.0,3,10,5,8,No
6.021651048638889,11,3,3,2.0,4.0,3.0,29,Travel_Frequently,Sales,15,4,Medical,1,4380,Female,1,Sales Executive,Married,49680,1.0,Y,19,8,3,11.0,4,11,4,1,No
7.0077744310575,20,2,3,4.0,1.0,3.0,27,Travel_Rarely,Sales,8,2,Marketing,1,1254,Female,3,Research Scientist,Divorced,45990,1.0,Y,15,8,1,1.0,3,1,0,0,No
6.044120928156945,18,3,3,2.0,3.0,3.0,24,Travel_Rarely,Research & Development,2,1,Life Sciences,1,4266,Male,2,Laboratory Technician,Married,34070,0.0,Y,13,8,1,6.0,4,5,1,2,No
6.094065149486667,15,3,3,3.0,4.0,2.0,37,Travel_Frequently,Research & Development,13,3,Life Sciences,1,2424,Male,1,Laboratory Technician,Divorced,119040,1.0,Y,12,8,1,6.0,4,6,1,3,No
8.864453369031667,4,1,4,2.0,3.0,3.0,39,Travel_Frequently,Research & Development,26,4,Technical Degree,1,143,Female,1,Sales Executive,Divorced,30670,1.0,Y,20,8,1,21.0,5,21,1,6,No
6.4133099062916665,11,3,3,1.0,4.0,3.0,55,Travel_Rarely,Research & Development,2,3,Life Sciences,1,1295,Female,2,Laboratory Technician,Married,74410,3.0,Y,12,8,1,24.0,4,1,1,0,No
7.337105087014722,15,3,4,3.0,3.0,2.0,36,Travel_Rarely,Research & Development,7,3,Life Sciences,1,4162,Male,1,Sales Executive,Married,92040,6.0,Y,23,8,1,17.0,2,7,7,7,No
7.360838911200278,11,2,3,4.0,1.0,4.0,46,Travel_Rarely,Sales,4,3,Medical,1,3626,Male,1,Research Scientist,Single,26190,6.0,Y,12,8,1,10.0,3,7,5,7,No
7.619672021418889,13,3,3,1.0,4.0,3.0,37,Travel_Rarely,Research & Development,2,2,Medical,1,2302,Male,1,Research Scientist,Married,20220,1.0,Y,12,8,0,10.0,1,10,3,7,No
7.225026773761667,12,1,3,4.0,4.0,3.0,44,Travel_Rarely,Research & Development,3,4,Medical,1,618,Male,2,Research Scientist,Single,25640,1.0,Y,12,8,3,20.0,3,20,13,17,No
9.2750680499775,9,4,4,4.0,2.0,3.0,55,Non-Travel,Research & Development,27,3,Life Sciences,1,657,Female,2,Manager,Divorced,48590,1.0,Y,24,8,1,34.0,3,33,15,0,No
7.343913431503611,11,3,4,4.0,1.0,2.0,27,Travel_Frequently,Research & Development,16,4,Medical,1,1077,Male,3,Healthcare Representative,Married,49980,0.0,Y,20,8,2,8.0,3,7,7,3,No
7.849819277108334,8,3,3,4.0,3.0,3.0,23,Travel_Rarely,Human Resources,6,3,Life Sciences,1,3884,Female,3,Laboratory Technician,Single,49690,1.0,Y,12,8,0,5.0,3,5,1,2,Yes
6.974590584560278,8,1,3,2.0,3.0,3.0,27,Travel_Rarely,Sales,10,4,Life Sciences,1,3852,Male,3,Sales Executive,Married,194190,7.0,Y,14,8,1,5.0,2,3,0,2,No
5.917273538598611,8,3,3,4.0,3.0,2.0,54,Travel_Frequently,Research & Development,1,4,Life Sciences,1,3015,Male,2,Research Scientist,Single,29330,3.0,Y,12,8,2,20.0,2,4,0,3,No
9.262873717090555,6,3,3,2.0,1.0,3.0,32,Travel_Frequently,Research & Development,10,3,Medical,1,2709,Female,2,Manufacturing Director,Single,165980,1.0,Y,13,8,0,10.0,2,10,6,7,Yes
6.872726461401111,14,3,3,3.0,3.0,3.0,33,Travel_Rarely,Sales,13,4,Marketing,1,242,Female,2,Manufacturing Director,Divorced,45680,0.0,Y,18,8,1,6.0,2,5,1,2,No
7.294038375725,18,3,4,3.0,1.0,3.0,34,Travel_Rarely,Sales,9,2,Medical,1,4269,Male,2,Healthcare Representative,Single,48760,2.0,Y,21,8,1,14.0,3,11,5,8,No
7.806171352074722,5,3,3,3.0,1.0,3.0,30,Travel_Rarely,Sales,7,3,Life Sciences,1,2464,Male,3,Sales Executive,Divorced,23130,2.0,Y,11,8,0,12.0,5,7,1,7,No
7.704568273092222,6,1,3,2.0,4.0,3.0,32,Travel_Frequently,Sales,2,2,Life Sciences,1,2837,Female,1,Manufacturing Director,Single,21660,1.0,Y,19,8,1,9.0,4,9,3,7,No
6.1137817938419445,18,3,3,3.0,2.0,3.0,36,Travel_Rarely,Research & Development,2,3,Life Sciences,1,1812,Male,2,Healthcare Representative,Married,27200,4.0,Y,14,8,1,8.0,3,5,0,4,No
6.809077420794167,10,1,3,4.0,2.0,4.0,20,Travel_Rarely,Research & Development,17,4,Medical,1,1700,Female,1,Sales Representative,Single,22930,1.0,Y,13,8,2,1.0,3,1,0,0,No
9.268681392235555,18,4,3,3.0,4.0,3.0,26,Travel_Rarely,Research & Development,7,2,Life Sciences,1,3188,Male,1,Manufacturing Director,Married,54540,1.0,Y,13,8,1,3.0,5,3,0,2,No
5.681395582329166,17,3,3,2.0,4.0,3.0,43,Travel_Rarely,Sales,16,2,Marketing,1,2482,Female,1,Laboratory Technician,Single,67820,0.0,Y,16,8,1,10.0,2,9,1,8,No
10.323172690762778,2,3,4,2.0,1.0,3.0,36,Travel_Rarely,Research & Development,1,3,Medical,1,2449,Male,2,Manufacturing Director,Divorced,33760,5.0,Y,20,8,0,16.0,3,2,2,2,Yes
7.059110887996389,11,3,3,4.0,2.0,2.0,33,Non-Travel,Research & Development,2,4,Medical,1,2466,Male,1,Sales Representative,Single,25960,8.0,Y,14,8,1,13.0,4,11,1,7,No
5.829957608210556,8,3,3,,2.0,3.0,45,Travel_Frequently,Research & Development,19,3,Medical,1,679,Male,3,Laboratory Technician,Single,36810,3.0,Y,17,8,1,22.0,2,0,0,0,No
7.645189647478611,21,3,3,3.0,3.0,2.0,53,Travel_Rarely,Research & Development,11,4,Life Sciences,1,2963,Female,2,Research Scientist,Married,21480,3.0,Y,11,8,0,21.0,2,5,1,3,No
6.257679607318056,23,3,3,3.0,3.0,3.0,39,Travel_Rarely,Sales,2,4,Life Sciences,1,2368,Male,1,Laboratory Technician,Divorced,72640,0.0,Y,17,8,0,,5,10,0,7,No
8.454171128960278,12,2,3,2.0,3.0,2.0,22,Non-Travel,Sales,17,2,Marketing,1,880,Male,3,Sales Executive,Married,97050,1.0,Y,18,8,2,4.0,3,4,1,3,No
6.5373940205263885,20,4,3,2.0,2.0,3.0,48,Travel_Rarely,Research & Development,16,3,Technical Degree,1,3203,Male,1,Sales Executive,Married,97240,3.0,Y,13,8,0,12.0,2,2,2,2,No
9.213722668451389,7,3,3,3.0,2.0,3.0,51,Travel_Rarely,Sales,18,2,Life Sciences,1,2175,Male,4,Manufacturing Director,Divorced,77250,1.0,Y,13,8,1,33.0,2,33,0,10,No
7.462296965640277,13,3,3,3.0,3.0,3.0,48,Travel_Rarely,Research & Development,12,4,Medical,1,2316,Male,1,Laboratory Technician,Divorced,55620,8.0,Y,13,8,1,18.0,2,8,7,7,No
7.575196340919167,13,2,3,1.0,3.0,3.0,27,Non-Travel,Sales,11,3,Technical Degree,1,3469,Female,2,Laboratory Technician,Married,99850,1.0,Y,14,8,1,3.0,3,3,1,2,No
9.978037706380833,19,3,4,3.0,2.0,3.0,31,Travel_Rarely,Research & Development,1,3,Life Sciences,1,1582,Male,4,Human Resources,Single,28670,0.0,Y,24,8,0,3.0,5,2,2,2,No
6.890616912092778,18,3,3,2.0,3.0,3.0,36,Travel_Rarely,Human Resources,1,3,Human Resources,1,864,Male,1,Research Scientist,Single,23770,6.0,Y,13,8,2,15.0,3,1,0,0,No
7.548742748772778,5,3,3,4.0,4.0,3.0,34,Travel_Rarely,Sales,10,2,Life Sciences,1,1013,Female,5,Sales Executive,Single,77790,5.0,Y,12,8,1,6.0,2,2,2,2,No
5.788684738955555,21,3,3,2.0,4.0,3.0,18,Non-Travel,Sales,5,4,Other,1,1940,Male,2,Manager,Single,32300,1.0,Y,12,8,1,0.0,3,0,0,0,No
7.576022980811945,8,3,4,2.0,4.0,2.0,32,Travel_Rarely,Research & Development,3,4,Medical,1,3305,Female,4,Sales Executive,Divorced,30380,2.0,Y,20,8,0,8.0,3,5,0,3,No
7.375247657295834,16,2,4,2.0,1.0,3.0,36,Travel_Rarely,Research & Development,23,3,Life Sciences,1,916,Female,3,Sales Executive,Married,21320,4.0,Y,20,8,0,9.0,1,3,0,2,No
6.250324631860556,13,3,3,3.0,3.0,3.0,39,Non-Travel,Research & Development,29,2,Life Sciences,1,2205,Male,2,Sales Executive,Married,38750,3.0,Y,15,8,0,13.0,3,6,0,5,No
5.874872824631667,23,2,3,4.0,4.0,1.0,22,Travel_Rarely,Research & Development,2,2,Life Sciences,1,1843,Male,1,Sales Representative,Married,11020,6.0,Y,19,8,0,4.0,3,2,2,2,No
7.748540829986389,7,3,4,1.0,3.0,2.0,25,Travel_Rarely,Research & Development,2,4,Medical,1,4116,Female,2,Manufacturing Director,Divorced,27850,0.0,Y,21,8,0,6.0,2,5,0,4,No
7.282734270414722,19,4,4,3.0,2.0,3.0,46,Travel_Rarely,Research & Development,4,4,Medical,1,1076,Female,2,Sales Representative,Married,27430,5.0,Y,25,8,1,14.0,1,8,0,7,Yes
7.290654841588333,11,2,4,1.0,1.0,3.0,36,Travel_Rarely,Research & Development,14,3,Other,1,3316,Male,2,Research Scientist,Married,39290,0.0,Y,24,8,0,6.0,6,5,0,3,No
6.056844042837778,20,3,3,3.0,3.0,3.0,39,Non-Travel,Research & Development,29,2,Life Sciences,1,3675,Male,2,Sales Executive,Married,38750,3.0,Y,15,8,0,13.0,3,6,0,5,No
5.840016733600834,7,3,3,3.0,3.0,2.0,30,Travel_Rarely,Sales,29,3,Marketing,1,617,Male,1,Sales Executive,Divorced,25460,1.0,Y,14,8,1,10.0,2,10,8,9,No
10.017597054886112,13,3,3,4.0,1.0,3.0,58,Travel_Rarely,Sales,22,3,Life Sciences,1,2222,Female,2,Laboratory Technician,Married,24500,3.0,Y,12,8,1,32.0,2,9,1,5,No
5.968224007139445,14,2,3,1.0,4.0,4.0,38,Travel_Rarely,Sales,1,1,Medical,1,1381,Male,2,Laboratory Technician,Single,176030,4.0,Y,16,8,0,12.0,0,8,0,7,No
10.116549531459167,2,2,3,4.0,4.0,3.0,39,Non-Travel,Research & Development,3,3,Life Sciences,1,983,Female,2,Manufacturing Director,Married,109760,1.0,Y,11,8,0,9.0,3,9,5,8,No
6.816898705934722,7,3,3,1.0,2.0,3.0,32,Travel_Rarely,Research & Development,26,3,Medical,1,980,Female,2,Research Director,Single,88230,6.0,Y,13,8,2,10.0,3,0,0,0,Yes
6.081030789825833,10,3,3,1.0,3.0,2.0,31,Travel_Rarely,Research & Development,2,2,Medical,1,2695,Male,2,Laboratory Technician,Divorced,39750,1.0,Y,15,8,1,5.0,3,5,4,3,No
6.064582775546389,18,1,3,2.0,4.0,2.0,36,Travel_Frequently,Research & Development,5,3,Medical,1,2560,Female,4,Manufacturing Director,Single,177790,1.0,Y,17,8,1,10.0,5,10,0,8,No
5.783932396251667,9,3,3,3.0,3.0,2.0,34,Travel_Rarely,Sales,9,4,Medical,1,2119,Female,2,Laboratory Technician,Married,27410,0.0,Y,15,8,1,2.0,3,1,0,0,No
6.232214413208333,21,3,4,4.0,3.0,3.0,27,Travel_Frequently,Sales,24,3,Life Sciences,1,4196,Male,4,Healthcare Representative,Single,31720,1.0,Y,20,8,1,9.0,1,9,1,7,No
5.801992414100833,10,2,4,4.0,4.0,3.0,45,Travel_Rarely,Sales,3,3,Life Sciences,1,835,Male,3,Laboratory Technician,Married,35800,4.0,Y,20,8,1,8.0,1,5,0,3,No
6.25094042838,20,3,3,3.0,3.0,1.0,47,Travel_Frequently,Research & Development,1,3,Medical,1,2436,Female,2,Sales Executive,Married,196270,7.0,Y,11,8,2,25.0,1,23,14,10,Yes
6.354145470771944,12,2,3,4.0,2.0,3.0,40,Travel_Rarely,Research & Development,6,2,Medical,1,1600,Male,3,Research Scientist,Divorced,43320,7.0,Y,14,8,2,8.0,3,5,1,3,No
6.793915662650556,15,1,4,4.0,3.0,3.0,32,Non-Travel,Research & Development,15,3,Medical,1,1969,Male,2,Manager,Single,69290,9.0,Y,20,8,0,10.0,6,8,7,7,No
7.7873940205263885,4,3,3,4.0,2.0,3.0,38,Travel_Rarely,Research & Development,19,3,Life Sciences,1,4099,Female,2,Sales Executive,Married,68930,0.0,Y,17,8,0,16.0,3,15,5,8,No
10.583075635876666,3,3,4,4.0,4.0,3.0,20,Travel_Frequently,Sales,4,4,Life Sciences,1,1315,Female,2,Healthcare Representative,Single,99240,1.0,Y,22,8,0,1.0,3,1,1,0,Yes
6.953226238286389,21,1,3,3.0,3.0,3.0,38,Travel_Frequently,Sales,9,4,Medical,1,3448,Male,2,Research Scientist,Married,26950,3.0,Y,14,8,1,8.0,4,2,2,2,No
5.677418563141389,14,3,3,3.0,3.0,2.0,30,Travel_Rarely,Sales,29,3,Marketing,1,3557,Male,1,Sales Executive,Divorced,25460,1.0,Y,14,8,1,10.0,2,10,8,9,No
5.936210397143889,14,3,3,2.0,4.0,3.0,32,Travel_Rarely,Research & Development,3,2,Life Sciences,1,2352,Male,3,Research Scientist,Married,47210,3.0,Y,14,8,1,6.0,3,3,0,2,No
7.094663096831667,16,3,3,3.0,3.0,3.0,43,Travel_Rarely,Research & Development,2,4,Life Sciences,1,2398,Female,1,Research Scientist,Married,24220,1.0,Y,11,8,1,14.0,2,14,6,11,No
6.369973226238056,15,3,3,1.0,4.0,2.0,45,Travel_Rarely,Research & Development,2,3,Medical,1,1620,Female,1,Sales Executive,Married,50980,3.0,Y,14,8,1,8.0,4,2,0,2,No
6.280645917001111,6,3,3,4.0,3.0,4.0,22,Travel_Rarely,Human Resources,12,1,Human Resources,1,2636,Male,2,Sales Executive,Single,25340,0.0,Y,11,8,0,4.0,1,3,1,2,No
8.038865461847223,11,3,3,1.0,2.0,4.0,19,Non-Travel,Sales,2,2,Other,1,3575,Male,3,Healthcare Representative,Single,98240,1.0,Y,18,8,0,1.0,2,1,0,0,Yes
7.250295626952222,5,2,4,1.0,3.0,2.0,42,Travel_Rarely,Research & Development,17,1,Life Sciences,1,1186,Male,3,Research Scientist,Married,99980,5.0,Y,24,8,2,24.0,3,22,4,14,No
8.515151717982778,21,4,3,1.0,3.0,3.0,35,Travel_Rarely,Sales,12,2,Life Sciences,1,866,Female,2,Sales Executive,Single,23180,3.0,Y,19,8,0,10.0,4,5,0,4,No
7.616043061133333,18,3,3,1.0,1.0,3.0,26,Travel_Frequently,Sales,2,3,Life Sciences,1,505,Male,2,Research Scientist,Married,48210,6.0,Y,14,8,2,6.0,2,3,1,2,Yes
5.907230031235834,19,3,3,1.0,4.0,3.0,28,Travel_Rarely,Sales,24,5,Life Sciences,1,3342,Female,1,Research Scientist,Single,23280,1.0,Y,11,8,2,4.0,3,4,0,2,No
7.255155064703056,11,1,3,3.0,3.0,3.0,38,Travel_Frequently,Sales,9,4,Medical,1,508,Male,2,Research Scientist,Married,26950,3.0,Y,14,8,1,8.0,4,2,2,2,No
8.840982820169444,17,3,3,1.0,1.0,3.0,42,Travel_Frequently,Human Resources,8,2,Medical,1,2100,Male,1,Sales Executive,Married,106480,3.0,Y,13,8,1,20.0,1,1,0,0,No
10.4656659973225,12,4,4,2.0,1.0,3.0,34,Travel_Frequently,Sales,17,1,Marketing,1,183,Male,1,Research Director,Divorced,20010,9.0,Y,22,8,1,11.0,5,3,0,2,Yes
9.74530678268611,2,3,3,2.0,1.0,3.0,40,Travel_Rarely,Research & Development,22,2,Technical Degree,1,2442,Male,1,Healthcare Representative,Married,23230,2.0,Y,16,8,1,18.0,2,1,0,0,No
6.005153949129722,19,3,3,3.0,3.0,3.0,48,Travel_Rarely,Sales,3,3,Medical,1,1949,Male,1,Research Director,Single,54150,7.0,Y,11,8,1,27.0,1,15,4,8,No
8.968299866131112,16,2,3,1.0,2.0,2.0,50,Travel_Frequently,Research & Development,3,4,Medical,1,1319,Male,4,Research Scientist,Married,61420,3.0,Y,13,8,2,28.0,3,8,0,7,No
6.350846720214166,17,2,3,3.0,3.0,3.0,18,Travel_Rarely,Research & Development,1,4,Life Sciences,1,1509,Male,1,Sales Executive,Single,23350,1.0,Y,14,8,2,0.0,3,0,0,0,Yes
7.636252788933334,17,3,3,1.0,3.0,3.0,34,Travel_Frequently,Human Resources,4,4,Life Sciences,1,2794,Female,5,Sales Executive,Single,55620,1.0,Y,15,8,0,9.0,3,9,0,6,Yes
5.789666443551944,20,4,3,1.0,1.0,4.0,40,Travel_Rarely,Sales,10,1,Life Sciences,1,2307,Female,1,Manufacturing Director,Married,65240,0.0,Y,13,8,1,9.0,2,8,7,1,No
6.728833110218611,16,4,3,1.0,4.0,3.0,51,Travel_Frequently,Research & Development,6,3,Life Sciences,1,4289,Female,1,Manager,Single,15690,2.0,Y,11,8,0,18.0,2,4,0,3,Yes
7.590100401606389,13,2,3,4.0,2.0,3.0,33,Travel_Frequently,Sales,9,3,Medical,1,2015,Female,2,Research Scientist,Married,46490,0.0,Y,12,8,0,4.0,2,3,0,2,No
5.985798750557778,10,3,3,4.0,3.0,3.0,41,Travel_Rarely,Research & Development,3,3,Medical,1,1751,Male,1,Manufacturing Director,Married,72600,1.0,Y,16,8,0,22.0,2,22,2,10,No
9.88458723784,15,3,3,3.0,1.0,3.0,49,Travel_Frequently,Research & Development,1,1,Medical,1,33,Female,2,Research Scientist,Single,35910,9.0,Y,13,8,0,22.0,2,3,1,2,No
8.128972556894167,19,2,3,1.0,3.0,4.0,52,Non-Travel,Research & Development,2,3,Technical Degree,1,2920,Male,1,Sales Executive,Single,45070,1.0,Y,14,8,0,33.0,3,33,15,12,No
6.529568273092222,17,2,3,3.0,1.0,2.0,30,Travel_Frequently,Sales,3,2,Medical,1,1429,Male,2,Healthcare Representative,Single,28620,5.0,Y,14,8,0,9.0,2,6,0,1,Yes
6.860615796519166,9,4,3,4.0,3.0,2.0,58,Travel_Rarely,Research & Development,8,4,Life Sciences,1,4251,Male,2,Sales Executive,Single,29720,0.0,Y,14,8,0,38.0,2,37,1,8,No
7.530053547523333,12,3,4,1.0,3.0,2.0,30,Travel_Frequently,Research & Development,10,3,Life Sciences,1,2803,Female,3,Healthcare Representative,Divorced,28140,1.0,Y,24,8,0,10.0,2,10,0,9,No
7.460327978580834,5,2,3,3.0,2.0,3.0,38,Travel_Rarely,Research & Development,2,3,Medical,1,2325,Female,3,Sales Executive,Married,49080,4.0,Y,19,8,1,7.0,3,5,1,4,Yes
6.632880410530833,19,3,3,1.0,3.0,3.0,31,Travel_Rarely,Research & Development,10,4,Medical,1,1160,Female,3,Sales Executive,Married,61250,0.0,Y,13,8,1,3.0,3,2,1,2,No
6.832245649263611,8,4,3,3.0,3.0,2.0,31,Travel_Frequently,Sales,10,3,Technical Degree,1,2044,Female,1,Research Director,Married,53040,1.0,Y,17,8,0,2.0,3,2,2,2,Yes
6.039949799196667,18,2,4,3.0,1.0,3.0,27,Travel_Rarely,Research & Development,10,3,Medical,1,273,Male,5,Research Scientist,Married,132450,1.0,Y,23,8,1,9.0,3,9,0,7,No
7.767505577866944,19,3,3,3.0,2.0,3.0,39,Travel_Rarely,Sales,29,1,Marketing,1,3620,Female,1,Laboratory Technician,Divorced,54600,6.0,Y,13,8,2,21.0,3,19,15,2,No
6.10937751004,8,3,3,4.0,4.0,2.0,56,Travel_Rarely,Human Resources,2,1,Medical,1,1298,Male,2,Sales Executive,Single,26440,4.0,Y,11,8,1,37.0,2,6,0,2,No
7.6113297634983335,13,3,3,1.0,4.0,3.0,53,Travel_Rarely,Research & Development,11,3,Medical,1,4171,Male,2,Manager,Married,21090,2.0,Y,13,8,0,31.0,3,25,3,7,No
7.300898036590556,9,3,3,1.0,3.0,1.0,21,Travel_Frequently,Research & Development,20,2,Medical,1,3598,Female,4,Research Scientist,Single,53370,1.0,Y,14,8,1,2.0,2,2,2,2,Yes
6.6327409638552774,17,3,3,4.0,4.0,3.0,43,Travel_Frequently,Research & Development,26,1,Life Sciences,1,1761,Male,1,Laboratory Technician,Married,135490,3.0,Y,11,8,2,7.0,3,2,2,2,No
8.15506358768389,7,3,4,2.0,3.0,2.0,31,Travel_Rarely,Research & Development,2,4,Technical Degree,1,4277,Female,3,Sales Executive,Married,21410,4.0,Y,20,8,0,12.0,2,7,7,7,Yes
6.926405622489722,6,3,3,3.0,,3.0,27,Travel_Rarely,Research & Development,2,3,Life Sciences,1,2183,Female,2,Laboratory Technician,Married,48510,8.0,Y,18,8,0,5.0,2,1,0,0,No
6.243510709504444,20,3,3,4.0,1.0,3.0,35,Travel_Rarely,Sales,7,2,Life Sciences,1,2321,Male,1,Sales Executive,Single,22770,1.0,Y,12,8,1,3.0,2,3,1,2,No
5.8816655510930556,6,2,4,4.0,4.0,3.0,45,Travel_Rarely,Sales,3,3,Life Sciences,1,3775,Male,3,Laboratory Technician,Married,35800,4.0,Y,20,8,1,8.0,1,5,0,3,No
10.110446229361667,13,3,3,4.0,3.0,3.0,55,Travel_Rarely,Sales,20,3,Marketing,1,3748,Male,2,Research Scientist,Married,47790,0.0,Y,14,8,1,4.0,6,3,1,2,No
8.213222891566112,20,2,3,1.0,3.0,3.0,50,Travel_Rarely,Research & Development,12,4,Medical,1,4189,Male,1,Research Director,Married,49000,1.0,Y,11,8,0,3.0,3,3,0,2,Yes
5.689960954930833,24,3,4,1.0,4.0,3.0,26,Travel_Rarely,Research & Development,2,2,Other,1,741,Male,3,Laboratory Technician,Single,53040,0.0,Y,20,8,1,5.0,2,4,1,1,No
9.103285363676667,15,3,3,1.0,3.0,1.0,43,Travel_Rarely,Research & Development,2,2,Medical,1,2208,Male,1,Laboratory Technician,Single,78610,1.0,Y,14,8,2,20.0,1,20,1,8,No
9.400914770191667,3,2,3,4.0,,3.0,42,Travel_Rarely,Sales,18,2,Medical,1,1469,Male,1,Laboratory Technician,Divorced,23980,0.0,Y,14,8,1,10.0,2,9,7,8,No
5.849885095939166,6,3,3,3.0,3.0,3.0,26,Travel_Rarely,Sales,28,3,Medical,1,98,Female,5,Laboratory Technician,Married,51510,1.0,Y,15,8,3,8.0,3,8,7,7,No
5.790393797411666,13,2,3,1.0,3.0,1.0,28,Travel_Rarely,Sales,8,4,Marketing,1,2282,Male,1,Laboratory Technician,Divorced,163070,1.0,Y,16,8,0,1.0,3,1,0,0,No
6.960652610441667,18,3,3,1.0,1.0,2.0,51,Travel_Frequently,Research & Development,1,3,Life Sciences,1,4263,Female,1,Sales Executive,Single,20730,3.0,Y,14,8,1,23.0,4,13,12,8,No
9.150149486836112,17,2,3,4.0,2.0,3.0,29,Travel_Rarely,Research & Development,1,3,Medical,1,4142,Male,3,Sales Executive,Married,42840,4.0,Y,11,8,0,10.0,5,4,0,3,No
5.792482150825278,21,2,3,1.0,3.0,3.0,35,Travel_Rarely,Research & Development,16,4,Medical,1,204,Male,2,Human Resources,Single,95260,1.0,Y,15,8,0,5.0,2,5,0,3,No
6.899924141008333,19,1,3,4.0,3.0,3.0,58,Travel_Rarely,Sales,9,2,Medical,1,3383,Female,4,Sales Executive,Single,59570,4.0,Y,14,8,1,7.0,2,1,0,0,Yes
7.3498136992413885,7,3,4,3.0,3.0,1.0,37,Non-Travel,Sales,8,4,Medical,1,2235,Male,1,Healthcare Representative,Single,75870,0.0,Y,22,8,1,7.0,5,6,1,3,No
7.040577867023611,8,4,4,4.0,2.0,3.0,32,Travel_Rarely,Research & Development,22,4,Medical,1,844,Male,1,Sales Executive,Married,29730,3.0,Y,22,8,0,12.0,0,7,2,5,No
9.325343596608612,14,3,4,4.0,4.0,2.0,58,Travel_Rarely,Sales,5,3,Marketing,1,2587,Male,5,Sales Representative,Married,21540,4.0,Y,21,8,1,29.0,3,1,0,0,No
6.562157518964722,9,2,3,4.0,1.0,3.0,42,Travel_Rarely,Research & Development,11,1,Life Sciences,1,2012,Male,4,Research Scientist,Married,60320,0.0,Y,14,8,0,23.0,2,22,13,7,No
7.006570727353611,12,2,4,1.0,3.0,2.0,42,Travel_Rarely,Research & Development,17,1,Life Sciences,1,4126,Male,3,Research Scientist,Married,99980,5.0,Y,24,8,2,24.0,3,22,4,14,No
10.200648148148055,7,1,4,4.0,3.0,3.0,33,Travel_Rarely,Human Resources,28,2,Human Resources,1,1576,Female,5,Manager,Single,55610,1.0,Y,21,8,1,1.0,3,1,0,0,Yes
6.1852610441766664,9,2,3,4.0,2.0,2.0,49,Travel_Frequently,Research & Development,6,1,Medical,1,4151,Male,3,Healthcare Representative,Married,29960,2.0,Y,18,8,1,17.0,2,9,0,8,No
7.584955377063611,4,2,3,1.0,3.0,3.0,26,Travel_Frequently,Research & Development,3,3,Medical,1,512,Male,2,Laboratory Technician,Divorced,139640,1.0,Y,11,8,2,5.0,1,5,1,3,No
6.934381972333611,5,3,3,3.0,1.0,3.0,48,Travel_Rarely,Research & Development,24,3,Technical Degree,1,3721,Male,2,Research Scientist,Divorced,16010,4.0,Y,12,8,0,15.0,3,2,2,2,No
5.651794957608056,19,3,3,3.0,4.0,3.0,31,Travel_Rarely,Research & Development,27,3,Medical,1,4228,Female,2,Research Director,Single,21320,1.0,Y,18,8,0,11.0,3,11,1,8,No
7.436475903614444,5,3,3,3.0,1.0,2.0,28,Travel_Frequently,Sales,1,3,Marketing,1,811,Male,2,Laboratory Technician,Single,17060,7.0,Y,12,8,0,8.0,3,0,0,0,Yes
7.272782240071389,13,3,3,4.0,2.0,3.0,34,Travel_Rarely,Research & Development,10,3,Medical,1,2392,Male,3,Laboratory Technician,Divorced,41480,1.0,Y,11,8,0,11.0,3,11,7,9,No
6.099355198571945,19,4,4,1.0,1.0,3.0,60,Travel_Rarely,Research & Development,8,2,Life Sciences,1,1749,Female,5,Laboratory Technician,Single,53290,8.0,Y,20,8,0,10.0,3,2,2,2,No
5.7610285586788885,9,2,4,1.0,2.0,2.0,50,Travel_Rarely,Sales,8,4,Life Sciences,1,1492,Male,1,Research Scientist,Divorced,96670,3.0,Y,23,8,0,28.0,2,10,1,6,No
7.084760151717778,11,2,3,4.0,1.0,2.0,27,Travel_Frequently,Research & Development,29,1,Life Sciences,1,1750,Male,2,Manufacturing Director,Divorced,43250,1.0,Y,14,8,0,9.0,2,9,1,7,No
6.1116555109325,11,2,3,4.0,3.0,1.0,31,Travel_Frequently,Research & Development,29,3,Life Sciences,1,3768,Female,2,Healthcare Representative,Single,25150,1.0,Y,14,8,0,7.0,3,7,7,7,Yes
5.596083221775833,17,2,3,3.0,3.0,3.0,40,Travel_Rarely,Sales,26,4,Marketing,1,3100,Female,1,Sales Executive,Married,34820,0.0,Y,18,8,1,21.0,2,20,1,12,No
7.318124721106389,6,3,3,2.0,4.0,3.0,36,Travel_Frequently,Research & Development,1,3,Life Sciences,1,4360,Female,2,Laboratory Technician,Single,23050,1.0,Y,17,8,0,8.0,3,8,1,7,No
6.345967202141667,10,3,4,4.0,4.0,2.0,59,Travel_Rarely,Research & Development,4,2,Life Sciences,1,3602,Male,2,Research Scientist,Single,165950,6.0,Y,21,8,1,25.0,2,9,5,4,No
6.7463688085675,9,3,3,3.0,,3.0,26,Travel_Frequently,Sales,14,3,Life Sciences,1,125,Male,2,Manager,Single,75100,0.0,Y,18,8,3,7.0,3,6,0,4,Yes
6.426728023203889,14,4,3,2.0,2.0,3.0,40,Travel_Frequently,Sales,9,3,Medical,1,3549,Male,1,Manufacturing Director,Married,45230,5.0,Y,16,8,1,5.0,5,0,0,0,No
6.677385095939167,15,1,3,3.0,3.0,2.0,20,Travel_Rarely,Research & Development,11,3,Medical,1,405,Male,2,Sales Executive,Single,93960,1.0,Y,12,8,0,2.0,6,2,0,2,Yes
7.178524096385278,20,2,3,2.0,4.0,3.0,29,Travel_Frequently,Sales,2,4,Life Sciences,1,262,Male,4,Healthcare Representative,Divorced,64990,1.0,Y,18,8,3,10.0,3,10,2,8,No
8.43661088799639,16,1,4,2.0,3.0,3.0,39,Travel_Frequently,Research & Development,26,4,Technical Degree,1,1613,Female,1,Sales Executive,Divorced,30670,1.0,Y,20,8,1,21.0,5,21,1,6,No
7.750198572065833,17,3,3,4.0,1.0,3.0,20,Travel_Rarely,Research & Development,2,2,Life Sciences,1,3414,Female,2,Research Scientist,Single,63970,1.0,Y,17,8,1,1.0,3,1,0,0,Yes
6.233623382418333,11,3,3,3.0,3.0,4.0,53,Travel_Rarely,Research & Development,9,3,Technical Degree,1,3384,Male,1,Manager,Divorced,39200,6.0,Y,16,8,1,22.0,3,17,15,2,No
6.993070058009722,13,2,4,1.0,3.0,2.0,42,Travel_Rarely,Research & Development,17,1,Life Sciences,1,2656,Male,3,Research Scientist,Married,99980,5.0,Y,24,8,2,24.0,3,22,4,14,No
8.466709058455834,7,3,3,4.0,4.0,4.0,44,Travel_Rarely,Research & Development,2,2,Life Sciences,1,3180,Male,1,Laboratory Technician,Married,40110,4.0,Y,14,8,1,26.0,2,2,0,1,No
5.684096385541944,24,3,3,4.0,4.0,2.0,25,Travel_Rarely,Research & Development,6,2,Medical,1,2178,Female,4,Research Scientist,Married,20450,3.0,Y,19,8,0,7.0,3,3,1,2,No
6.0361590807675,21,3,3,1.0,3.0,4.0,37,Travel_Rarely,Research & Development,1,3,Life Sciences,1,2761,Female,3,Sales Executive,Single,52070,4.0,Y,17,8,3,16.0,3,5,0,2,No
8.204400937081388,14,3,3,2.0,4.0,3.0,42,Travel_Rarely,Sales,1,3,Life Sciences,1,4061,Female,1,Sales Executive,Divorced,23720,3.0,Y,12,8,1,14.0,3,0,0,0,No
6.631586345381389,16,1,3,3.0,3.0,2.0,20,Travel_Rarely,Research & Development,11,3,Medical,1,3345,Male,2,Sales Executive,Single,93960,1.0,Y,12,8,0,2.0,6,2,0,2,Yes
8.076647701918612,12,3,4,4.0,4.0,2.0,47,Travel_Rarely,Research & Development,2,3,Life Sciences,1,408,Male,2,Manufacturing Director,Single,99810,1.0,Y,21,8,1,3.0,3,3,1,2,No
7.754132083891111,5,3,3,3.0,3.0,3.0,48,Travel_Rarely,Research & Development,12,4,Medical,1,3786,Male,1,Laboratory Technician,Divorced,55620,8.0,Y,13,8,1,18.0,2,8,7,7,No
5.981423471664167,12,1,4,1.0,4.0,3.0,42,Travel_Rarely,Research & Development,3,4,Life Sciences,1,91,Male,1,Manager,Single,10910,2.0,Y,22,8,0,16.0,0,1,0,0,No
5.883766175814166,8,3,3,2.0,3.0,4.0,31,Travel_Rarely,Sales,1,3,Life Sciences,1,3358,Female,1,Sales Representative,Married,121850,3.0,Y,14,8,0,13.0,2,7,5,2,No
7.281504908522778,17,1,3,2.0,1.0,3.0,34,Travel_Rarely,Sales,15,2,Marketing,1,1237,Female,2,Research Scientist,Single,84630,2.0,Y,13,8,0,8.0,2,4,1,3,Yes
5.912626059794722,7,3,3,1.0,1.0,3.0,20,Travel_Rarely,Research & Development,29,3,Life Sciences,1,432,Female,3,Laboratory Technician,Single,27070,1.0,Y,11,8,0,1.0,2,1,0,0,Yes
6.177288041053056,22,2,3,3.0,3.0,3.0,18,Travel_Rarely,Research & Development,1,4,Life Sciences,1,39,Male,1,Sales Executive,Single,23350,1.0,Y,14,8,2,0.0,3,0,0,0,Yes
9.405869031682222,3,3,3,3.0,2.0,3.0,51,Travel_Rarely,Sales,18,2,Life Sciences,1,3645,Male,4,Manufacturing Director,Divorced,77250,1.0,Y,13,8,1,33.0,2,33,0,10,No
6.444581659973055,18,3,3,2.0,1.0,4.0,30,Travel_Frequently,Research & Development,9,3,Other,1,1693,Male,2,Healthcare Representative,Married,68250,1.0,Y,14,8,0,1.0,2,1,0,0,Yes
6.441674475680278,10,3,3,3.0,3.0,3.0,24,Travel_Rarely,Research & Development,6,3,Life Sciences,1,960,Male,3,Sales Executive,Married,10520,1.0,Y,13,8,0,5.0,3,5,0,4,No
5.938585452922778,22,3,3,3.0,2.0,3.0,30,Travel_Rarely,Research & Development,14,3,Technical Degree,1,2322,Male,5,Research Director,Married,27950,3.0,Y,13,8,0,9.0,4,4,1,3,No
6.2932005800980555,8,3,3,1.0,2.0,3.0,27,Travel_Frequently,Sales,8,1,Life Sciences,1,1122,Male,4,Laboratory Technician,Married,102310,1.0,Y,13,8,1,1.0,2,1,0,0,Yes
6.179670905845556,5,4,3,4.0,4.0,2.0,39,Non-Travel,Research & Development,3,4,Life Sciences,1,1180,Female,2,Research Director,Single,47240,2.0,Y,12,8,1,21.0,4,6,1,3,No
8.611816153502778,13,3,3,4.0,3.0,2.0,52,Travel_Frequently,Research & Development,2,1,Life Sciences,1,2207,Male,2,Sales Executive,Married,117130,2.0,Y,14,8,0,24.0,2,5,0,2,No
6.403830879071666,12,3,3,1.0,3.0,2.0,28,Travel_Rarely,Human Resources,1,1,Human Resources,1,3476,Male,2,Research Scientist,Divorced,63470,1.0,Y,15,8,1,4.0,2,4,2,2,No
8.026738063364444,11,3,3,3.0,2.0,3.0,28,Travel_Rarely,Human Resources,1,3,Medical,1,2349,Female,2,Laboratory Technician,Married,24130,1.0,Y,16,8,1,1.0,2,1,0,0,Yes
5.603549754573611,20,4,3,2.0,2.0,3.0,35,Travel_Frequently,Research & Development,1,3,Other,1,1409,Male,2,Research Director,Single,22750,5.0,Y,13,8,0,10.0,2,6,1,2,No
5.973612226684445,13,3,3,2.0,3.0,3.0,41,Non-Travel,Research & Development,19,1,Life Sciences,1,3429,Male,2,Research Scientist,Divorced,58280,1.0,Y,13,8,0,21.0,0,21,5,10,No
6.013259705488611,19,2,3,1.0,3.0,3.0,39,Travel_Rarely,Sales,1,1,Marketing,1,448,Male,2,Research Scientist,Single,23400,0.0,Y,11,8,1,9.0,2,8,0,7,No
5.758879964301389,14,2,3,3.0,1.0,4.0,55,Non-Travel,Research & Development,2,3,Medical,1,3457,Female,2,Manager,Single,75470,7.0,Y,16,8,0,31.0,2,9,6,2,No
5.604336233824166,21,3,4,4.0,3.0,2.0,30,Travel_Rarely,Sales,1,2,Technical Degree,1,3732,Male,1,Laboratory Technician,Married,25060,8.0,Y,22,8,0,4.0,3,2,2,2,No
9.979796965640277,11,2,4,4.0,1.0,3.0,50,Travel_Rarely,Research & Development,20,2,Medical,1,2158,Female,5,Laboratory Technician,Married,154020,4.0,Y,21,8,0,25.0,3,3,1,2,No
6.578286479250278,17,3,3,4.0,1.0,3.0,31,Travel_Rarely,Research & Development,24,1,Medical,1,142,Male,3,Laboratory Technician,Married,44400,1.0,Y,13,8,1,4.0,2,4,3,2,No
7.656813922355833,5,3,3,3.0,2.0,3.0,29,Travel_Rarely,Research & Development,28,4,Life Sciences,1,4224,Female,1,Sales Representative,Married,48410,0.0,Y,11,8,0,6.0,3,5,0,4,No
6.838612226684444,15,2,3,4.0,4.0,2.0,32,Travel_Frequently,Research & Development,9,2,Medical,1,1218,Female,2,Research Scientist,Single,35000,0.0,Y,16,8,1,8.0,2,7,3,6,No
6.910756358768333,13,3,3,1.0,2.0,4.0,31,Travel_Rarely,Research & Development,1,3,Medical,1,757,Male,1,Laboratory Technician,Single,168560,3.0,Y,12,8,1,9.0,3,3,1,0,No
5.865969433288611,20,2,3,3.0,3.0,3.0,35,Travel_Rarely,Human Resources,1,3,Human Resources,1,3381,Male,3,Laboratory Technician,Married,136750,1.0,Y,15,8,3,5.0,5,5,1,0,No
6.963431503792778,18,3,3,2.0,4.0,3.0,36,Travel_Frequently,Research & Development,1,3,Life Sciences,1,2890,Female,2,Laboratory Technician,Single,23050,1.0,Y,17,8,0,8.0,3,8,1,7,No
7.8463029897366665,10,2,4,4.0,3.0,3.0,34,Non-Travel,Research & Development,7,4,Medical,1,1010,Female,1,Research Scientist,Divorced,196260,1.0,Y,21,8,0,15.0,5,15,0,7,No
7.073958054439722,11,2,3,1.0,4.0,3.0,40,Travel_Rarely,Research & Development,2,3,Life Sciences,1,4396,Male,1,Manufacturing Director,Divorced,27180,,Y,14,8,1,9.0,4,9,4,7,No
6.6805365908075,15,2,4,1.0,1.0,1.0,33,Travel_Rarely,Research & Development,9,1,Medical,1,848,Male,1,Healthcare Representative,Married,76420,2.0,Y,20,8,1,8.0,2,2,2,2,No
8.054708835341112,13,2,4,3.0,1.0,3.0,35,Travel_Rarely,Sales,4,4,Marketing,1,613,Male,1,Laboratory Technician,Married,180410,3.0,Y,20,8,1,15.0,3,7,1,7,No
9.40254462293611,12,2,4,3.0,4.0,3.0,22,Travel_Frequently,Research & Development,22,4,Medical,1,603,Male,1,Sales Representative,Married,26540,0.0,Y,24,8,0,1.0,5,0,0,0,Yes
6.663051093261666,8,3,3,2.0,2.0,2.0,37,Travel_Rarely,Research & Development,1,4,Technical Degree,1,3155,Female,5,Research Scientist,Married,39440,6.0,Y,11,8,2,8.0,3,6,4,3,No
5.952551316376389,21,3,3,3.0,1.0,3.0,36,Travel_Rarely,Research & Development,1,3,Life Sciences,1,2704,Male,1,Research Director,Single,54860,7.0,Y,12,8,1,10.0,2,5,0,3,Yes
6.114340696117778,7,3,3,3.0,1.0,3.0,41,Travel_Rarely,Research & Development,5,3,Medical,1,3949,Male,1,Sales Representative,Divorced,121690,1.0,Y,19,8,0,5.0,2,5,0,4,No
6.6435274431055555,19,3,3,4.0,3.0,3.0,30,Travel_Rarely,Research & Development,20,3,Medical,1,1794,Male,1,Laboratory Technician,Married,25230,3.0,Y,13,8,1,7.0,2,2,0,2,No
7.6340751896472225,8,3,3,4.0,2.0,3.0,38,Travel_Rarely,Research & Development,19,3,Life Sciences,1,2629,Female,2,Sales Executive,Married,68930,0.0,Y,17,8,0,16.0,3,15,5,8,No
6.165533244087222,19,3,3,4.0,1.0,3.0,30,Travel_Rarely,Research & Development,1,3,Medical,1,2828,Female,3,Sales Executive,Divorced,103060,5.0,Y,13,8,0,8.0,5,3,2,2,No
6.206746987951667,11,3,3,4.0,4.0,3.0,39,Travel_Rarely,Research & Development,2,3,Technical Degree,1,4018,Male,3,Healthcare Representative,Divorced,102520,8.0,Y,13,8,1,7.0,3,2,2,2,No
7.079434404283611,8,3,3,3.0,1.0,2.0,36,Travel_Rarely,Research & Development,24,3,Other,1,2232,Female,3,Research Director,Married,63970,4.0,Y,14,8,1,11.0,3,3,0,2,No
7.6795816599730555,7,2,3,1.0,1.0,4.0,32,Travel_Rarely,Research & Development,2,4,Life Sciences,1,1353,Female,2,Research Director,Single,41480,7.0,Y,15,8,0,10.0,0,5,0,4,Yes
8.133493975903612,8,2,3,3.0,4.0,3.0,45,Travel_Rarely,Research & Development,17,2,Medical,1,11,Male,2,Laboratory Technician,Married,79910,0.0,Y,13,8,2,21.0,2,20,4,10,No
6.335101517179722,12,3,3,2.0,4.0,3.0,35,Travel_Rarely,Research & Development,10,5,Medical,1,251,Female,4,Laboratory Technician,Single,134580,1.0,Y,11,8,0,17.0,3,17,11,8,No
7.070031236055278,6,2,3,4.0,4.0,3.0,35,Travel_Rarely,Research & Development,1,4,Other,1,3656,Female,2,Research Director,Married,81200,0.0,Y,13,8,0,10.0,2,9,0,0,No
9.251910977242222,6,3,3,4.0,3.0,3.0,50,Travel_Rarely,Research & Development,1,3,Technical Degree,1,464,Female,2,Sales Executive,Married,134960,3.0,Y,18,8,1,22.0,3,12,1,5,No
8.219101963409166,5,3,3,4.0,2.0,3.0,29,Travel_Rarely,Research & Development,3,4,Life Sciences,1,86,Male,3,Sales Executive,Divorced,39780,1.0,Y,11,8,0,7.0,0,7,1,7,No
9.48016845158389,3,3,3,2.0,3.0,2.0,50,Travel_Rarely,Research & Development,5,4,Life Sciences,1,1979,Male,1,Sales Executive,Married,118780,2.0,Y,13,8,1,29.0,2,8,7,7,No
5.9314212405175,22,3,3,3.0,2.0,3.0,30,Travel_Rarely,Research & Development,14,3,Technical Degree,1,3792,Male,5,Research Director,Married,27950,3.0,Y,13,8,0,9.0,4,4,1,3,No
6.736903168228333,5,1,3,2.0,1.0,3.0,46,Travel_Rarely,Research & Development,10,3,Technical Degree,1,4331,Female,2,Laboratory Technician,Divorced,153790,1.0,Y,12,8,0,24.0,1,24,15,7,No
10.116121151271667,5,2,3,3.0,3.0,4.0,41,Travel_Rarely,Research & Development,1,1,Technical Degree,1,1038,Male,3,Laboratory Technician,Divorced,25150,0.0,Y,18,8,0,23.0,2,22,13,5,No
10.691539491298334,3,3,3,1.0,1.0,3.0,38,Travel_Frequently,Sales,2,4,Life Sciences,1,1791,Female,2,Research Scientist,Single,23680,6.0,Y,11,8,1,17.0,3,15,4,12,No
7.801307452030278,9,3,3,4.0,3.0,3.0,23,Travel_Rarely,Human Resources,6,3,Life Sciences,1,944,Female,3,Laboratory Technician,Single,49690,1.0,Y,12,8,0,5.0,3,5,1,2,Yes
6.556758143685833,19,4,3,2.0,2.0,3.0,48,Travel_Rarely,Research & Development,16,3,Technical Degree,1,263,Male,1,Sales Executive,Married,97240,3.0,Y,13,8,0,12.0,2,2,2,2,No
6.490570058009722,12,2,3,2.0,2.0,3.0,32,Travel_Frequently,Research & Development,12,5,Medical,1,1854,Male,1,Research Scientist,Married,95470,1.0,Y,13,8,1,10.0,3,10,5,3,No
6.444043953591945,13,4,4,2.0,2.0,3.0,36,Travel_Rarely,Human Resources,25,1,Human Resources,1,1348,Male,2,Research Scientist,Divorced,31170,6.0,Y,21,8,1,7.0,2,3,0,1,No
9.769775769745555,3,3,4,4.0,4.0,2.0,58,Travel_Rarely,Sales,5,3,Marketing,1,1117,Male,5,Sales Representative,Married,21540,4.0,Y,21,8,1,29.0,3,1,0,0,No
9.996780455153889,17,2,3,4.0,3.0,3.0,29,Travel_Rarely,Sales,29,4,Life Sciences,1,2694,Male,2,Laboratory Technician,Single,21270,0.0,Y,11,8,1,10.0,3,9,0,8,No
7.443253012048055,3,2,3,2.0,1.0,3.0,42,Travel_Rarely,Research & Development,2,3,Medical,1,3071,Female,4,Manager,Divorced,110310,3.0,Y,12,8,1,8.0,2,5,1,2,No
6.655082552431945,8,1,3,2.0,3.0,2.0,24,Travel_Rarely,Research & Development,5,4,Other,1,1150,Male,1,Manufacturing Director,Single,178610,1.0,Y,11,8,2,4.0,5,4,1,2,No
7.315970548861944,13,2,4,3.0,2.0,4.0,31,Travel_Frequently,Research & Development,10,1,Life Sciences,1,2,Female,1,Research Scientist,Single,41890,0.0,Y,23,8,1,6.0,3,5,1,4,Yes
7.470902498884167,11,4,3,2.0,3.0,3.0,47,Travel_Frequently,Sales,1,3,Medical,1,1560,Female,2,Laboratory Technician,Single,68340,3.0,Y,16,8,1,5.0,2,0,0,0,No
9.018544176706667,15,3,3,4.0,1.0,3.0,50,Travel_Rarely,Research & Development,17,3,Medical,1,2674,Male,1,Research Scientist,Divorced,173280,4.0,Y,15,8,2,20.0,1,3,2,0,Yes
6.723315484158611,10,2,3,3.0,1.0,,30,Travel_Frequently,Sales,3,2,Medical,1,2899,Male,2,Healthcare Representative,Single,28620,5.0,Y,14,8,0,9.0,2,6,0,1,Yes
10.641073181615278,2,2,3,1.0,4.0,2.0,28,Travel_Rarely,Research & Development,9,4,Medical,1,66,Male,1,Sales Executive,Married,56730,5.0,Y,14,8,1,5.0,4,3,2,2,Yes
8.501811691209166,14,2,3,2.0,4.0,3.0,24,Travel_Rarely,Sales,1,3,Marketing,1,1687,Female,1,Sales Executive,Married,34070,1.0,Y,15,8,2,6.0,2,6,1,4,No
6.3591231593036115,16,3,3,2.0,4.0,3.0,48,Travel_Rarely,Research & Development,6,3,Medical,1,1657,Male,1,Laboratory Technician,Married,108540,2.0,Y,14,8,1,14.0,6,9,6,7,No
6.437628290941389,21,4,4,4.0,2.0,3.0,43,Travel_Rarely,Research & Development,1,1,Other,1,876,Male,1,Manager,Divorced,46780,5.0,Y,25,8,1,8.0,0,6,0,2,No
6.611752565818611,6,1,3,4.0,4.0,2.0,37,Travel_Rarely,Research & Development,14,4,Life Sciences,1,598,Male,3,Research Scientist,Married,65770,1.0,Y,13,8,0,14.0,1,14,3,11,No
8.501149040606666,6,3,3,3.0,4.0,3.0,55,Travel_Rarely,Sales,26,3,Marketing,1,3062,Male,1,Laboratory Technician,Single,104480,2.0,Y,13,8,0,30.0,3,5,1,2,No
5.600008924587223,20,2,3,2.0,1.0,3.0,39,Travel_Rarely,Research & Development,4,3,Life Sciences,1,1146,Male,2,Sales Executive,Single,98520,0.0,Y,12,8,1,21.0,5,20,11,10,No
6.634030566711111,10,2,3,3.0,1.0,3.0,40,Non-Travel,Research & Development,1,4,Technical Degree,1,1671,Female,2,Laboratory Technician,Divorced,30680,3.0,Y,19,8,0,20.0,3,1,0,1,No
6.725804328424722,23,3,4,4.0,2.0,4.0,45,Travel_Rarely,Research & Development,2,1,Medical,1,195,Female,4,Sales Executive,Married,44040,0.0,Y,23,8,0,9.0,2,8,3,7,No
9.640771976795833,9,1,3,2.0,2.0,2.0,58,Travel_Rarely,Sales,3,3,Marketing,1,4310,Female,1,Research Scientist,Married,52060,4.0,Y,11,8,3,9.0,4,1,0,0,No
6.854812583667778,12,2,4,2.0,1.0,3.0,28,Travel_Rarely,Research & Development,9,3,Medical,1,2985,Male,1,Sales Representative,Single,46480,0.0,Y,23,8,2,9.0,2,8,0,7,No
6.784515841142222,14,2,3,3.0,4.0,3.0,36,Travel_Frequently,Research & Development,8,3,Other,1,2981,Female,3,Sales Executive,Married,69620,4.0,Y,12,8,2,4.0,2,1,0,0,No
10.545592369477777,3,4,3,2.0,1.0,3.0,29,Travel_Rarely,Sales,2,4,Marketing,1,1802,Female,4,Research Scientist,Married,106500,1.0,Y,13,8,2,1.0,2,1,0,0,Yes
7.658978134761111,12,2,3,3.0,2.0,3.0,32,Travel_Rarely,Human Resources,13,4,Life Sciences,1,4391,Female,3,Manufacturing Director,Married,85640,2.0,Y,16,8,1,6.0,2,4,1,2,No
6.7170961624272225,7,3,3,2.0,1.0,4.0,30,Travel_Frequently,Research & Development,9,3,Other,1,3163,Male,2,Healthcare Representative,Married,68250,1.0,Y,14,8,0,1.0,2,1,0,0,Yes
7.231155734047222,9,3,3,1.0,3.0,2.0,43,Travel_Rarely,Sales,5,3,Marketing,1,2062,Female,3,Research Scientist,Single,45220,8.0,Y,15,8,1,7.0,3,4,1,3,Yes
9.417527889335,7,2,3,2.0,4.0,2.0,24,Travel_Rarely,Human Resources,2,5,Human Resources,1,2717,Male,3,Sales Executive,Married,47680,2.0,Y,11,8,1,6.0,2,2,2,0,Yes
5.6092157518963885,21,3,3,1.0,4.0,3.0,33,Travel_Rarely,Sales,26,2,Marketing,1,3566,Male,1,Research Scientist,Married,42300,0.0,Y,12,8,0,15.0,0,14,4,10,No
6.433872155287777,13,3,3,3.0,3.0,3.0,30,Travel_Rarely,Research & Development,2,1,Medical,1,3942,Male,1,Sales Representative,Married,104450,3.0,Y,18,8,1,10.0,3,7,1,7,No
7.054228023203889,21,3,3,4.0,4.0,3.0,34,Travel_Rarely,Sales,10,2,Life Sciences,1,2483,Female,5,Sales Executive,Single,77790,5.0,Y,12,8,1,6.0,2,2,2,2,No
7.535445113788334,18,3,3,3.0,4.0,3.0,34,Travel_Rarely,Sales,14,2,Technical Degree,1,1085,Female,1,Sales Executive,Married,22350,2.0,Y,14,8,1,9.0,2,5,1,0,No
8.659997768853055,11,3,3,4.0,3.0,3.0,43,Travel_Frequently,Sales,4,3,Medical,1,3174,Female,2,Healthcare Representative,Divorced,34190,3.0,Y,11,8,1,10.0,5,8,4,7,No
6.9222054886211115,9,4,3,1.0,1.0,1.0,41,Non-Travel,Research & Development,12,3,Life Sciences,1,607,Male,2,Sales Representative,Divorced,195660,6.0,Y,16,8,0,5.0,2,1,0,0,Yes
9.918689201249167,14,3,3,4.0,3.0,3.0,50,Travel_Frequently,Research & Development,1,4,Medical,1,3484,Male,2,Research Scientist,Single,159920,3.0,Y,14,8,0,5.0,3,0,0,0,Yes
7.084090807675,5,3,3,2.0,4.0,2.0,36,Non-Travel,Research & Development,3,4,Medical,1,185,Male,1,Research Scientist,Single,40250,1.0,Y,11,8,0,10.0,3,10,9,7,No
9.039577197679444,10,3,3,3.0,4.0,3.0,37,Travel_Rarely,Research & Development,1,3,Life Sciences,1,2645,Female,4,Sales Executive,Married,54290,1.0,Y,17,8,1,16.0,3,16,6,8,No
5.922831325301111,19,3,3,2.0,4.0,2.0,30,Travel_Frequently,Research & Development,4,5,Medical,1,366,Male,5,Sales Representative,Divorced,30580,9.0,Y,14,8,1,10.0,2,5,0,3,No
9.827349397590277,9,3,3,4.0,3.0,1.0,32,Travel_Rarely,Sales,23,1,Life Sciences,1,1452,Male,3,Healthcare Representative,Single,24680,0.0,Y,11,8,0,4.0,2,3,1,2,Yes
6.617470995091389,17,1,3,4.0,2.0,2.0,29,Travel_Frequently,Research & Development,1,4,Medical,1,566,Male,3,Research Scientist,Divorced,27160,0.0,Y,18,8,0,8.0,2,7,1,1,No
7.8534091923247225,5,3,4,3.0,4.0,3.0,25,Travel_Rarely,Research & Development,6,2,Medical,1,628,Female,1,Laboratory Technician,Single,27680,0.0,Y,22,8,1,5.0,0,4,1,1,No
7.257391789379723,14,3,3,3.0,,3.0,30,Travel_Rarely,Research & Development,7,2,Life Sciences,1,3527,Female,1,Manufacturing Director,Married,34480,1.0,Y,11,8,0,10.0,3,10,1,4,No
6.9050513163763885,11,2,4,4.0,2.0,3.0,49,Travel_Rarely,Sales,2,2,Medical,1,3504,Female,1,Sales Executive,Married,63800,6.0,Y,23,8,1,22.0,1,9,2,3,No
6.8621062025880555,18,3,3,4.0,3.0,3.0,27,Travel_Rarely,Research & Development,6,2,Medical,1,2046,Female,1,Healthcare Representative,Married,42600,1.0,Y,11,8,2,4.0,2,4,2,2,No
5.621764837126111,20,3,3,3.0,3.0,4.0,31,Non-Travel,Research & Development,14,2,Life Sciences,1,2618,Male,2,Healthcare Representative,Married,23020,4.0,Y,14,8,0,13.0,3,11,4,8,No
7.411528335564444,19,4,3,3.0,1.0,3.0,37,Travel_Rarely,Research & Development,5,3,Life Sciences,1,3047,Male,4,Research Scientist,Married,21440,6.0,Y,19,8,0,17.0,3,5,0,3,No
10.541623159303612,4,3,4,3.0,2.0,2.0,27,Travel_Rarely,Research & Development,15,4,Medical,1,1531,Male,3,Research Scientist,Single,39020,1.0,Y,22,8,0,4.0,2,4,1,2,No
8.9682463186075,16,4,4,4.0,2.0,3.0,55,Non-Travel,Research & Development,27,3,Life Sciences,1,2127,Female,2,Manager,Divorced,48590,1.0,Y,24,8,1,34.0,3,33,15,0,No
8.947727576974444,6,3,3,2.0,3.0,2.0,26,Travel_Frequently,Research & Development,2,1,Life Sciences,1,1666,Female,2,Laboratory Technician,Divorced,59930,0.0,Y,12,8,0,8.0,3,7,1,0,Yes
6.333999330655834,23,3,3,4.0,4.0,2.0,52,Travel_Rarely,Research & Development,5,4,Other,1,3382,Male,1,Laboratory Technician,Married,29110,2.0,Y,17,8,2,26.0,3,9,7,8,No
7.4338900044622225,17,4,3,2.0,3.0,3.0,43,Travel_Frequently,Sales,2,2,Life Sciences,1,1343,Male,1,Sales Executive,Single,32110,4.0,Y,13,8,0,18.0,2,3,1,2,No
5.875545515394722,8,1,4,2.0,2.0,3.0,40,Travel_Rarely,Research & Development,14,4,Medical,1,3650,Female,1,Research Scientist,Married,33480,3.0,Y,22,8,0,7.0,2,4,0,3,No
5.591714636323055,21,1,4,2.0,2.0,3.0,40,Travel_Rarely,Research & Development,14,4,Medical,1,710,Female,1,Research Scientist,Married,33480,3.0,Y,22,8,0,7.0,2,4,0,3,No
7.402211066488055,9,2,3,1.0,3.0,3.0,23,Travel_Rarely,Research & Development,2,4,Medical,1,2295,Female,2,Manager,Single,49360,0.0,Y,19,8,1,5.0,2,4,1,2,No
7.778037706380833,15,3,4,3.0,2.0,3.0,58,Travel_Rarely,Research & Development,2,4,Life Sciences,1,1887,Male,1,Research Scientist,Divorced,26220,2.0,Y,23,8,0,24.0,3,6,0,4,No
8.236127844711945,7,4,3,3.0,4.0,3.0,44,Travel_Rarely,Human Resources,1,3,Life Sciences,1,2427,Male,1,Research Scientist,Married,48340,1.0,Y,14,8,0,9.0,1,8,6,7,No
6.781314145470556,10,3,3,3.0,3.0,3.0,39,Travel_Frequently,Research & Development,12,1,Medical,1,3132,Male,1,Research Scientist,Married,99910,1.0,Y,16,8,1,8.0,3,8,0,7,No
10.45810910307889,5,3,4,3.0,2.0,2.0,27,Travel_Rarely,Research & Development,15,4,Medical,1,61,Male,3,Research Scientist,Single,39020,1.0,Y,22,8,0,4.0,2,4,1,2,No
6.982457608210556,17,3,4,1.0,4.0,3.0,26,Travel_Rarely,Research & Development,1,4,Life Sciences,1,2056,Male,2,Sales Representative,Married,143360,1.0,Y,21,8,1,8.0,3,8,0,7,No
9.201354306113334,9,2,3,4.0,1.0,3.0,36,Travel_Rarely,Research & Development,27,3,Technical Degree,1,1021,Female,4,Research Scientist,Married,50560,7.0,Y,12,8,0,15.0,2,12,5,7,No
7.1685508701472225,11,3,3,1.0,4.0,3.0,36,Travel_Rarely,Research & Development,1,3,Medical,1,1331,Female,2,Manufacturing Director,Divorced,175670,5.0,Y,13,8,0,7.0,6,1,0,0,No
6.018956938866389,22,2,3,4.0,3.0,3.0,35,Travel_Rarely,Sales,7,4,Other,1,802,Female,4,Healthcare Representative,Married,25530,1.0,Y,14,8,1,1.0,4,1,0,0,No
8.037368362338055,19,3,4,1.0,3.0,4.0,51,Travel_Rarely,Sales,23,3,Medical,1,3462,Female,2,Research Scientist,Married,192720,9.0,Y,20,8,0,18.0,2,10,2,7,Yes
6.24047188755,19,3,3,3.0,3.0,3.0,53,Travel_Rarely,Research & Development,7,1,Life Sciences,1,277,Male,2,Laboratory Technician,Married,28590,3.0,Y,18,8,1,32.0,2,5,1,3,No
7.365265506470278,20,3,3,4.0,1.0,3.0,32,Travel_Rarely,Research & Development,10,1,Medical,1,1475,Male,1,Sales Executive,Single,23420,4.0,Y,12,8,2,9.0,2,6,0,4,No
6.3471485943775,14,3,3,4.0,1.0,3.0,32,Travel_Rarely,Sales,9,4,Life Sciences,1,1192,Female,2,Research Scientist,Single,57690,1.0,Y,11,8,0,4.0,3,4,1,2,No
8.258628960285556,8,3,4,4.0,4.0,4.0,44,Travel_Rarely,Human Resources,26,3,Life Sciences,1,1244,Male,5,Healthcare Representative,Married,47590,2.0,Y,21,8,0,9.0,2,4,1,3,No
10.334748995983889,4,3,3,3.0,3.0,3.0,35,Travel_Rarely,Research & Development,9,3,Life Sciences,1,2137,Male,4,Healthcare Representative,Married,98240,0.0,Y,19,8,0,4.0,2,3,2,2,No
7.237177599285833,5,3,3,4.0,1.0,2.0,32,Non-Travel,Research & Development,10,4,Life Sciences,1,2326,Female,5,Research Scientist,Married,23800,4.0,Y,13,8,0,9.0,5,6,1,2,No
6.6840885765283335,8,2,4,1.0,4.0,3.0,38,Travel_Rarely,Research & Development,23,3,Medical,1,1194,Male,3,Sales Representative,Married,39040,1.0,Y,22,8,0,10.0,3,10,1,9,No
7.472212182061389,5,1,3,4.0,4.0,3.0,44,Travel_Rarely,Research & Development,3,4,Medical,1,2088,Male,2,Research Scientist,Single,25640,1.0,Y,12,8,3,20.0,3,20,13,17,No
10.457970771976667,10,2,3,4.0,3.0,2.0,31,Travel_Rarely,Research & Development,15,2,Life Sciences,1,728,Male,2,Sales Executive,Married,49600,1.0,Y,15,8,0,10.0,3,10,6,7,Yes
6.521031905399167,13,3,3,4.0,1.0,3.0,34,Travel_Rarely,Research & Development,10,4,Life Sciences,1,791,Female,1,Sales Representative,Single,192460,3.0,Y,15,8,1,15.0,5,13,3,12,No
8.316921017402779,6,3,3,4.0,1.0,3.0,42,Travel_Rarely,Research & Development,5,4,Medical,1,4406,Female,1,Research Scientist,Single,60290,3.0,Y,17,8,1,10.0,5,3,0,2,No
9.875726238286388,15,3,3,4.0,3.0,3.0,50,Travel_Frequently,Research & Development,1,4,Medical,1,2014,Male,2,Research Scientist,Single,159920,3.0,Y,14,8,0,5.0,3,0,0,0,Yes
9.345834448906666,7,3,3,4.0,1.0,3.0,50,Travel_Rarely,Research & Development,17,3,Medical,1,1204,Male,1,Research Scientist,Divorced,173280,4.0,Y,15,8,2,20.0,1,3,2,0,Yes
6.687001338688056,18,3,4,2.0,4.0,2.0,19,Travel_Rarely,Research & Development,8,2,Life Sciences,1,1390,Male,2,Sales Executive,Single,159720,1.0,Y,21,8,0,1.0,2,1,1,0,Yes
5.6733757251225,21,3,3,3.0,4.0,2.0,40,Travel_Rarely,Research & Development,11,2,Technical Degree,1,1371,Male,4,Laboratory Technician,Married,52950,7.0,Y,18,8,0,15.0,4,12,2,11,No
6.6306950022311115,6,3,3,3.0,2.0,3.0,31,Travel_Frequently,Sales,2,3,Medical,1,2246,Male,2,Sales Executive,Single,25720,1.0,Y,13,8,3,10.0,3,10,4,7,Yes
8.113206157965,12,3,3,4.0,1.0,3.0,45,Travel_Rarely,Research & Development,1,5,Technical Degree,1,368,Male,2,Healthcare Representative,Divorced,20880,4.0,Y,15,8,3,18.0,2,5,0,2,No
5.629717759928333,19,3,3,3.0,3.0,2.0,30,Non-Travel,Research & Development,8,3,Life Sciences,1,795,Male,1,Manufacturing Director,Divorced,21430,1.0,Y,17,8,1,1.0,2,1,0,0,No
10.271545069165278,12,3,4,1.0,3.0,3.0,24,Travel_Frequently,Research & Development,2,3,Medical,1,3162,Male,2,Research Scientist,Married,39190,1.0,Y,21,8,0,6.0,3,6,1,2,Yes
10.082240071396667,11,3,3,3.0,1.0,3.0,33,Travel_Rarely,Sales,2,3,Marketing,1,416,Female,1,Sales Executive,Single,59140,3.0,Y,16,8,1,6.0,4,3,0,2,No
6.380429495760556,22,3,3,4.0,4.0,3.0,45,Travel_Rarely,Research & Development,26,1,Medical,1,1926,Female,3,Healthcare Representative,Divorced,27940,3.0,Y,19,8,1,8.0,2,5,0,2,No
5.941754796965555,15,3,3,3.0,2.0,2.0,45,Non-Travel,Research & Development,8,1,Life Sciences,1,3379,Male,2,Sales Executive,Married,33190,1.0,Y,12,8,1,9.0,3,9,0,8,No
5.750619143239445,10,3,3,1.0,4.0,3.0,24,Travel_Frequently,Sales,3,4,Marketing,1,2458,Male,1,Sales Executive,Married,45080,0.0,Y,11,8,1,3.0,5,2,2,1,No
7.394397590361389,4,3,3,3.0,3.0,2.0,53,Travel_Rarely,Sales,2,1,Life Sciences,1,4178,Male,5,Human Resources,Divorced,31620,4.0,Y,15,8,0,26.0,4,14,4,8,No
5.839661981258334,16,3,3,1.0,3.0,2.0,46,Travel_Frequently,Research & Development,4,1,Medical,1,3148,Male,5,Human Resources,Married,29110,5.0,Y,13,8,0,28.0,3,2,1,2,No
7.374108656849445,14,2,4,1.0,2.0,3.0,49,Travel_Rarely,Sales,4,2,Life Sciences,1,3859,Male,2,Research Director,Married,108450,3.0,Y,24,8,0,27.0,4,4,1,2,No
7.0600211958944445,6,1,3,2.0,3.0,3.0,27,Travel_Rarely,Sales,10,4,Life Sciences,1,2382,Male,3,Sales Executive,Married,194190,7.0,Y,14,8,1,5.0,2,3,0,2,No
5.908809683176944,13,3,3,2.0,4.0,4.0,55,Travel_Rarely,Research & Development,2,3,Life Sciences,1,1079,Female,1,Human Resources,Married,27810,8.0,Y,13,8,1,19.0,2,5,0,4,No
6.734056224899445,13,4,3,4.0,2.0,3.0,35,Travel_Rarely,Research & Development,1,3,Life Sciences,1,390,Male,3,Healthcare Representative,Married,167920,3.0,Y,12,8,1,16.0,3,13,4,8,No
6.888720437304722,17,3,3,4.0,2.0,3.0,51,Travel_Rarely,Human Resources,4,2,Human Resources,1,1402,Male,2,Sales Representative,Single,25700,3.0,Y,18,8,0,21.0,2,7,1,0,No
6.440902498884166,22,3,4,4.0,3.0,3.0,35,Travel_Rarely,Research & Development,5,3,Medical,1,583,Male,1,Healthcare Representative,Married,57150,6.0,Y,24,8,2,10.0,0,8,1,7,No
7.624027219990833,14,1,3,4.0,4.0,3.0,43,Travel_Rarely,Research & Development,25,4,Life Sciences,1,3899,Male,2,Sales Executive,Married,22200,1.0,Y,11,8,0,10.0,2,10,8,8,No
5.749407630521945,17,2,3,2.0,1.0,3.0,34,Travel_Rarely,Research & Development,20,3,Medical,1,1773,Female,3,Laboratory Technician,Divorced,57440,3.0,Y,19,8,1,7.0,4,0,0,0,No
9.65307340473,20,3,3,3.0,3.0,3.0,28,Travel_Rarely,Research & Development,1,4,Life Sciences,1,4167,Male,5,Research Director,Single,100960,5.0,Y,13,8,0,6.0,2,4,0,3,Yes
10.377060464078333,12,4,3,2.0,4.0,3.0,25,Travel_Rarely,Human Resources,7,2,Human Resources,1,1610,Male,1,Manufacturing Director,Single,86330,1.0,Y,19,8,1,5.0,2,5,1,3,No
9.61779451137861,17,3,3,1.0,4.0,4.0,39,Travel_Rarely,Research & Development,17,4,Technical Degree,1,2199,Female,2,Healthcare Representative,Married,104750,3.0,Y,11,8,1,8.0,3,5,1,4,No
6.4694667559125,5,2,3,2.0,1.0,3.0,38,Travel_Rarely,Sales,2,4,Life Sciences,1,3646,Female,1,Research Scientist,Divorced,107250,3.0,Y,18,8,0,11.0,5,7,1,7,No
6.1440015618025,17,2,3,4.0,3.0,4.0,21,Travel_Rarely,Research & Development,3,2,Life Sciences,1,2957,Male,1,Laboratory Technician,Single,42130,1.0,Y,12,8,3,3.0,3,3,1,0,No
9.009363007585833,3,4,3,4.0,3.0,3.0,50,Travel_Rarely,Sales,5,3,Medical,1,266,Male,1,Laboratory Technician,Married,54730,1.0,Y,19,8,1,20.0,2,20,3,8,No
10.010350290048889,14,2,4,3.0,2.0,3.0,36,Travel_Rarely,Research & Development,2,4,Medical,1,3610,Male,1,Healthcare Representative,Single,27250,9.0,Y,21,8,1,18.0,4,16,5,12,No
5.915734047300278,19,3,3,2.0,3.0,2.0,35,Travel_Rarely,Sales,4,3,Medical,1,3813,Female,2,Laboratory Technician,Married,74030,1.0,Y,12,8,1,10.0,4,10,6,8,No
5.999277108433611,12,3,3,4.0,4.0,2.0,56,Travel_Rarely,Human Resources,2,1,Medical,1,2768,Male,2,Sales Executive,Single,26440,4.0,Y,11,8,1,37.0,2,6,0,2,No
7.2847021419008335,10,2,3,4.0,1.0,3.0,27,Travel_Rarely,Sales,8,2,Marketing,1,2724,Female,3,Research Scientist,Divorced,45990,1.0,Y,15,8,1,1.0,3,1,0,0,No
7.700273315483889,21,2,4,2.0,3.0,3.0,31,Travel_Rarely,Research & Development,15,1,Medical,1,4285,Female,2,Sales Executive,Married,40660,3.0,Y,22,8,0,4.0,2,2,2,2,Yes
8.270986166889722,4,2,4,2.0,3.0,3.0,31,Travel_Rarely,Research & Development,15,1,Medical,1,1345,Female,2,Sales Executive,Married,40660,3.0,Y,22,8,0,4.0,2,2,2,2,Yes
7.148025435073611,6,4,3,2.0,3.0,3.0,31,Travel_Frequently,Research & Development,7,4,Medical,1,2928,Male,1,Research Scientist,Divorced,24370,9.0,Y,14,8,1,9.0,3,2,2,2,No
5.763994868362222,9,3,3,3.0,3.0,3.0,26,Travel_Rarely,Sales,28,3,Medical,1,3038,Female,5,Laboratory Technician,Married,51510,1.0,Y,15,8,3,8.0,3,8,7,7,No
6.862453145916945,6,3,4,1.0,4.0,3.0,43,Travel_Frequently,Sales,8,3,Medical,1,2529,Male,1,Research Director,Married,36000,1.0,Y,23,8,0,7.0,2,7,7,7,No
6.910812137438611,15,3,3,1.0,3.0,2.0,43,Non-Travel,Human Resources,8,5,Medical,1,3976,Female,3,Sales Executive,Single,22580,4.0,Y,18,8,0,7.0,2,3,1,2,No
6.419016064256945,11,3,3,2.0,4.0,2.0,29,Travel_Rarely,Sales,10,2,Life Sciences,1,2888,Female,2,Research Scientist,Married,15550,1.0,Y,19,8,2,10.0,2,10,1,9,Yes
7.757917224453333,7,3,3,2.0,2.0,3.0,52,Travel_Rarely,Sales,1,3,Life Sciences,1,549,Male,1,Sales Executive,Single,59740,7.0,Y,18,8,1,18.0,6,8,4,0,No
5.830906961177778,11,3,3,4.0,1.0,3.0,53,Travel_Rarely,Sales,1,2,Life Sciences,1,4337,Male,1,Manager,Divorced,39890,1.0,Y,13,8,0,5.0,2,4,1,3,No
10.237904953145833,10,3,3,4.0,1.0,1.0,39,Travel_Rarely,Research & Development,10,4,Life Sciences,1,412,Female,4,Human Resources,Married,66960,7.0,Y,11,8,0,8.0,3,2,2,2,Yes
10.607015841142223,8,4,3,4.0,3.0,3.0,41,Travel_Rarely,Research & Development,24,4,Life Sciences,1,939,Female,4,Manager,Single,137260,3.0,Y,12,8,0,21.0,6,2,0,2,No
8.2626695671575,18,3,3,2.0,4.0,3.0,34,Travel_Rarely,Sales,6,2,Life Sciences,1,224,Male,4,Research Director,Married,102480,1.0,Y,12,8,1,6.0,4,6,1,3,No
7.572792280231944,6,4,3,4.0,3.0,3.0,35,Travel_Rarely,Sales,10,4,Marketing,1,1809,Female,1,Research Scientist,Single,26320,3.0,Y,13,8,3,7.0,3,2,2,2,No
9.555796519410833,16,3,4,3.0,4.0,2.0,26,Travel_Rarely,Research & Development,4,4,Life Sciences,1,4207,Female,3,Sales Executive,Married,47890,7.0,Y,20,8,1,5.0,2,2,0,0,No
8.936331994645,7,2,3,3.0,4.0,3.0,46,Travel_Rarely,Research & Development,2,3,Life Sciences,1,3116,Male,1,Healthcare Representative,Married,88370,2.0,Y,18,8,0,15.0,3,3,1,2,No
7.416067603748056,9,3,3,3.0,4.0,3.0,36,Travel_Frequently,Research & Development,5,1,Technical Degree,1,1208,Male,1,Sales Executive,Married,13590,4.0,Y,12,8,0,17.0,2,5,0,3,No
5.739139892904722,11,3,3,3.0,3.0,3.0,36,Travel_Rarely,Sales,1,2,Marketing,1,2747,Female,2,Sales Executive,Divorced,86060,1.0,Y,14,8,2,17.0,3,17,12,8,No
7.3087550200802776,16,4,3,1.0,3.0,2.0,26,Travel_Rarely,Sales,8,2,Marketing,1,540,Male,2,Sales Executive,Divorced,80950,1.0,Y,15,8,0,1.0,3,1,0,0,Yes
7.3691800535475,14,1,3,3.0,1.0,2.0,44,Travel_Rarely,Research & Development,3,4,Life Sciences,1,665,Male,2,Research Scientist,Divorced,47070,1.0,Y,17,8,0,26.0,4,25,14,13,No
7.298472780008889,9,1,3,3.0,3.0,3.0,38,Travel_Frequently,Sales,9,4,Medical,1,1978,Male,2,Research Scientist,Married,26950,3.0,Y,14,8,1,8.0,4,2,2,2,No
5.814795850066667,22,4,3,3.0,4.0,2.0,55,Travel_Rarely,Human Resources,16,3,Technical Degree,1,3291,Male,4,Manufacturing Director,Single,43190,4.0,Y,11,8,0,12.0,3,9,7,3,Yes
7.426887550200555,5,2,3,3.0,2.0,3.0,38,Travel_Rarely,Research & Development,2,3,Medical,1,3795,Female,3,Sales Executive,Married,49080,4.0,Y,19,8,1,7.0,3,5,1,4,Yes
5.515365908076666,21,2,3,1.0,1.0,3.0,33,Travel_Rarely,Research & Development,8,4,Life Sciences,1,1832,Male,3,Laboratory Technician,Divorced,24510,1.0,Y,13,8,1,9.0,3,9,0,8,No
5.754919678714722,14,3,3,3.0,3.0,4.0,31,Non-Travel,Research & Development,14,2,Life Sciences,1,4088,Male,2,Healthcare Representative,Married,23020,4.0,Y,14,8,0,13.0,3,11,4,8,No
7.570522088353333,14,3,3,2.0,4.0,3.0,36,Travel_Frequently,Human Resources,7,3,Medical,1,4270,Male,1,Research Scientist,Married,26900,0.0,Y,11,8,0,10.0,1,9,2,8,No
6.022163096831667,11,4,3,4.0,2.0,1.0,27,Non-Travel,Research & Development,3,3,Medical,1,1374,Male,1,Healthcare Representative,Divorced,27830,6.0,Y,16,8,1,6.0,2,2,2,2,No
6.621734716644166,23,2,3,1.0,4.0,3.0,31,Travel_Rarely,Research & Development,8,5,Life Sciences,1,3957,Male,5,Sales Executive,Married,131200,1.0,Y,12,8,2,13.0,6,12,5,7,No
9.921782686300556,2,3,3,4.0,3.0,4.0,24,Travel_Rarely,Research & Development,1,3,Life Sciences,1,3063,Female,5,Manager,Divorced,28970,1.0,Y,18,8,3,5.0,4,5,0,3,No
6.726166889781111,17,3,3,2.0,2.0,3.0,36,Travel_Frequently,Research & Development,3,3,Life Sciences,1,4219,Female,2,Laboratory Technician,Single,20180,1.0,Y,13,8,0,6.0,5,6,0,3,No
7.939370816599722,11,1,3,1.0,1.0,2.0,33,Travel_Rarely,Research & Development,10,3,Life Sciences,1,3938,Male,1,Sales Executive,Single,43020,2.0,Y,13,8,0,11.0,3,0,0,0,Yes
5.710493083444722,19,4,4,1.0,4.0,3.0,50,Travel_Rarely,Sales,27,3,Medical,1,1955,Male,2,Sales Executive,Married,33100,4.0,Y,22,8,1,8.0,3,1,0,0,No
7.765958277554445,10,3,3,3.0,2.0,2.0,30,Travel_Rarely,Research & Development,9,3,Life Sciences,1,4245,Male,1,Manufacturing Director,Divorced,92500,1.0,Y,12,8,3,11.0,0,11,2,7,No
6.064342927264445,10,3,3,4.0,2.0,2.0,44,Travel_Rarely,Sales,24,5,Medical,1,360,Female,1,Sales Executive,Single,25660,9.0,Y,11,8,1,10.0,3,5,2,3,No
6.8260352521194445,16,2,3,1.0,3.0,1.0,48,Travel_Rarely,Sales,13,4,Medical,1,1565,Male,4,Sales Executive,Married,98540,3.0,Y,16,8,1,15.0,2,0,0,0,No
5.690615796519166,12,3,3,,2.0,3.0,45,Travel_Frequently,Research & Development,19,3,Medical,1,2149,Male,3,Laboratory Technician,Single,36810,3.0,Y,17,8,1,22.0,2,0,0,0,No
6.023114680945834,9,2,3,4.0,4.0,2.0,54,Travel_Rarely,Sales,1,3,Medical,1,2221,Female,2,Manager,Single,22970,6.0,Y,18,8,2,29.0,2,20,12,7,No
5.769707719767778,21,3,3,3.0,3.0,3.0,52,Travel_Rarely,Research & Development,2,4,Medical,1,1403,Female,2,Sales Representative,Married,35370,0.0,Y,11,8,1,34.0,3,33,11,9,No
6.614222445336667,11,3,3,4.0,4.0,3.0,35,Travel_Rarely,Research & Development,8,4,Medical,1,2732,Female,3,Research Scientist,Married,38380,1.0,Y,16,8,1,1.0,2,1,0,1,No
9.539086345381389,16,3,3,4.0,3.0,2.0,25,Travel_Rarely,Research & Development,7,2,Medical,1,1156,Male,5,Sales Executive,Divorced,41030,6.0,Y,15,8,1,7.0,2,2,0,2,No
8.272632753235,11,3,3,4.0,4.0,4.0,44,Travel_Rarely,Research & Development,2,2,Life Sciences,1,1710,Male,1,Laboratory Technician,Married,40110,4.0,Y,14,8,1,26.0,2,2,0,1,No
10.652589245872223,1,4,3,2.0,1.0,3.0,29,Travel_Rarely,Sales,2,4,Marketing,1,332,Female,4,Research Scientist,Married,106500,1.0,Y,13,8,2,1.0,2,1,0,0,Yes
8.370841142346945,11,3,3,3.0,4.0,4.0,43,Travel_Frequently,Research & Development,3,4,Life Sciences,1,4272,Male,1,Sales Executive,Married,24080,1.0,Y,12,8,1,25.0,3,25,4,12,No
6.585480812137222,9,3,3,1.0,,3.0,40,Travel_Rarely,Research & Development,3,3,Other,1,4031,Male,1,Sales Executive,Divorced,68330,2.0,Y,13,8,0,22.0,3,19,11,16,No
6.9519890673805556,15,3,3,2.0,4.0,4.0,37,Travel_Rarely,Research & Development,8,1,Life Sciences,1,3147,Male,1,Sales Executive,Single,41930,4.0,Y,16,8,1,12.0,5,6,1,2,No
8.068269745649166,21,4,3,2.0,4.0,3.0,38,Non-Travel,Sales,11,1,Marketing,1,1296,Male,2,Laboratory Technician,Divorced,24300,7.0,Y,13,8,2,17.0,2,13,1,9,No
5.604908522980556,17,3,3,2.0,3.0,3.0,45,Non-Travel,Research & Development,1,3,Medical,1,548,Female,2,Human Resources,Married,125040,1.0,Y,12,8,1,15.0,2,15,4,12,No
6.059211289602778,9,3,4,3.0,4.0,2.0,30,Non-Travel,Sales,10,2,Life Sciences,1,169,Male,3,Laboratory Technician,Single,188800,0.0,Y,22,8,1,12.0,3,11,6,7,No
7.2349910754125,15,1,3,4.0,4.0,3.0,41,Travel_Rarely,Sales,2,2,Medical,1,1163,Male,1,Healthcare Representative,Married,23870,3.0,Y,17,8,1,12.0,1,5,1,0,No
7.390439535921389,19,2,3,2.0,3.0,3.0,38,Travel_Rarely,Sales,20,4,Medical,1,1173,Female,2,Research Director,Married,20290,3.0,Y,11,8,1,20.0,3,18,1,11,No
7.4068998215080555,18,3,3,1.0,3.0,3.0,27,Travel_Rarely,Research & Development,6,4,Life Sciences,1,645,Male,2,Laboratory Technician,Divorced,37550,1.0,Y,19,8,0,5.0,2,5,0,3,No
6.693299866131111,7,3,3,4.0,3.0,3.0,46,Travel_Rarely,Research & Development,28,3,Medical,1,466,Female,3,Human Resources,Divorced,190450,6.0,Y,11,8,3,13.0,2,8,0,7,No
5.935101517179723,18,3,3,3.0,4.0,3.0,22,Travel_Rarely,Sales,29,4,Technical Degree,1,2811,Male,1,Sales Executive,Married,46630,0.0,Y,13,8,1,3.0,1,2,2,1,No
6.6861099955375,15,3,3,1.0,3.0,3.0,30,Travel_Rarely,Sales,26,3,Marketing,1,2509,Female,2,Manager,Single,44200,9.0,Y,11,8,0,9.0,3,7,0,2,No
10.280705042391666,15,3,3,3.0,3.0,3.0,36,Travel_Rarely,Research & Development,18,1,Medical,1,3828,Male,2,Manufacturing Director,Married,67250,9.0,Y,17,8,1,7.0,3,3,1,1,No
7.4043931280677775,15,4,3,3.0,3.0,3.0,26,Travel_Rarely,Research & Development,17,4,Life Sciences,1,2817,Male,2,Sales Executive,Married,48770,1.0,Y,13,8,1,8.0,5,8,5,7,No
6.966222668451389,15,3,3,1.0,3.0,4.0,37,Travel_Rarely,Sales,4,3,Marketing,1,2742,Male,4,Human Resources,Divorced,160320,1.0,Y,13,8,0,7.0,2,7,0,7,No
5.846182507808889,11,3,3,4.0,1.0,3.0,53,Travel_Rarely,Sales,1,2,Life Sciences,1,1397,Male,1,Manager,Divorced,39890,1.0,Y,13,8,0,5.0,2,4,1,3,No
6.493488398036389,15,3,4,4.0,2.0,2.0,53,Travel_Rarely,Research & Development,2,4,Technical Degree,1,786,Male,2,Manager,Single,116910,4.0,Y,20,8,0,35.0,2,9,8,8,No
10.500982820169444,7,3,3,4.0,4.0,3.0,31,Travel_Rarely,Sales,6,3,Other,1,1145,Male,1,Manufacturing Director,Divorced,45340,1.0,Y,13,8,0,1.0,2,1,0,0,No
8.627533467201944,8,3,3,3.0,1.0,3.0,45,Travel_Rarely,Sales,29,2,Technical Degree,1,3825,Female,2,Research Scientist,Single,29730,1.0,Y,12,8,0,10.0,2,10,1,4,No
8.31932061579639,10,4,3,1.0,3.0,2.0,55,Travel_Rarely,Research & Development,19,3,Technical Degree,1,3658,Male,1,Human Resources,Single,46800,6.0,Y,14,8,3,24.0,0,19,3,8,Yes
6.403115796519167,7,3,3,4.0,2.0,2.0,32,Travel_Rarely,Research & Development,5,4,Technical Degree,1,2403,Male,5,Research Scientist,Divorced,50030,0.0,Y,13,8,0,10.0,5,9,1,6,No
7.021744756804722,7,2,3,3.0,2.0,1.0,47,Non-Travel,Research & Development,21,2,Medical,1,4104,Male,1,Sales Executive,Married,46390,0.0,Y,11,8,1,14.0,2,13,5,12,No
7.559152164212223,10,3,3,1.0,4.0,4.0,19,Travel_Rarely,Research & Development,4,3,Medical,1,1635,Male,1,Sales Executive,Single,76440,1.0,Y,15,8,2,1.0,2,1,0,0,Yes
8.654145470771944,4,3,3,3.0,4.0,3.0,29,Travel_Rarely,Sales,17,4,Medical,1,646,Male,1,Laboratory Technician,Divorced,65820,1.0,Y,19,8,1,6.0,3,6,1,0,No
8.159860553324167,7,4,3,2.0,4.0,3.0,38,Travel_Rarely,Research & Development,24,2,Other,1,1960,Female,1,Laboratory Technician,Single,23260,8.0,Y,14,8,0,19.0,3,1,0,0,No
10.433987059348333,3,3,3,3.0,4.0,3.0,28,Travel_Frequently,Sales,8,3,Life Sciences,1,4047,Male,4,Research Scientist,Married,11180,1.0,Y,11,8,0,7.0,3,7,0,7,No
6.490909192324723,11,2,4,1.0,3.0,1.0,46,Travel_Rarely,Sales,4,1,Technical Degree,1,1642,Male,1,Laboratory Technician,Married,67120,6.0,Y,21,8,1,26.0,3,3,0,1,No
6.172550200803055,17,3,3,3.0,4.0,3.0,40,Travel_Rarely,Sales,27,2,Medical,1,3982,Female,3,Sales Executive,Divorced,102740,4.0,Y,18,8,0,12.0,3,5,0,3,No
10.328548639000278,2,3,4,2.0,1.0,3.0,36,Travel_Rarely,Research & Development,1,3,Medical,1,3919,Male,2,Manufacturing Director,Divorced,33760,5.0,Y,20,8,0,16.0,3,2,2,2,Yes
6.182554663096667,14,3,3,1.0,1.0,1.0,29,Travel_Rarely,Research & Development,5,3,Life Sciences,1,2290,Female,2,Research Scientist,Single,109340,6.0,Y,17,8,2,11.0,2,9,0,7,Yes
8.239059571619721,15,3,3,3.0,4.0,3.0,29,Travel_Rarely,Sales,17,4,Medical,1,3586,Male,1,Laboratory Technician,Divorced,65820,1.0,Y,19,8,1,6.0,3,6,1,0,No
6.634467871485834,17,2,3,2.0,4.0,3.0,28,Travel_Rarely,Research & Development,2,2,Medical,1,117,Male,3,Manager,Single,28580,1.0,Y,12,8,0,7.0,2,7,0,7,No
7.287945113788333,10,2,3,4.0,1.0,3.0,27,Travel_Rarely,Sales,8,2,Marketing,1,4194,Female,3,Research Scientist,Divorced,45990,1.0,Y,15,8,1,1.0,3,1,0,0,No
7.049634091923055,21,3,3,2.0,3.0,3.0,27,Travel_Rarely,Research & Development,1,3,Medical,1,1883,Male,1,Research Scientist,Single,20580,1.0,Y,14,8,1,1.0,5,1,0,0,No
7.013231816153334,16,4,3,2.0,4.0,2.0,39,Travel_Rarely,Sales,25,3,Medical,1,2675,Male,2,Sales Executive,Married,197010,0.0,Y,11,8,0,21.0,3,20,9,6,No
10.107559125390278,14,3,3,3.0,2.0,3.0,47,Travel_Rarely,Research & Development,19,5,Medical,1,1046,Female,2,Research Scientist,Divorced,28270,8.0,Y,14,8,1,28.0,3,22,14,10,No
7.925203034359445,8,3,3,1.0,4.0,4.0,35,Travel_Frequently,Research & Development,13,3,Life Sciences,1,3898,Male,3,Sales Executive,Single,20420,0.0,Y,16,8,0,6.0,2,5,1,4,No
7.108107987505556,15,3,3,3.0,1.0,2.0,37,Travel_Rarely,Research & Development,22,5,Medical,1,1461,Female,2,Manufacturing Director,Married,30550,2.0,Y,14,8,3,17.0,3,3,0,2,No
6.8872902721997225,17,3,3,2.0,4.0,2.0,33,Travel_Frequently,Sales,4,2,Life Sciences,1,1541,Male,4,Research Scientist,Single,47880,3.0,Y,11,8,1,9.0,0,7,0,1,No
7.606198125836666,16,3,3,4.0,3.0,3.0,40,Travel_Rarely,Research & Development,8,3,Other,1,104,Male,2,Sales Executive,Married,50870,3.0,Y,14,8,1,10.0,3,7,1,7,No
5.855170682730833,10,3,3,3.0,3.0,4.0,46,Non-Travel,Sales,2,4,Marketing,1,3048,Female,2,Laboratory Technician,Married,30650,2.0,Y,11,8,0,7.0,3,1,0,0,No
6.506131191432222,11,2,4,3.0,1.0,3.0,26,Travel_Rarely,Research & Development,29,4,Life Sciences,1,3687,Male,1,Research Scientist,Single,63890,0.0,Y,22,8,0,8.0,2,7,0,7,No
6.974785809906111,10,2,3,2.0,3.0,3.0,32,Travel_Rarely,Sales,15,3,Marketing,1,4247,Male,1,Research Scientist,Single,101690,1.0,Y,14,8,0,12.0,6,11,5,7,No
8.519532574743334,17,3,3,4.0,3.0,2.0,52,Travel_Frequently,Research & Development,2,1,Life Sciences,1,3677,Male,2,Sales Executive,Married,117130,2.0,Y,14,8,0,24.0,2,5,0,2,No
6.900842257920556,6,2,3,3.0,2.0,3.0,32,Non-Travel,Sales,18,3,Marketing,1,3365,Male,1,Laboratory Technician,Married,23890,6.0,Y,12,8,1,5.0,4,3,0,2,No
6.113126952253333,18,2,3,3.0,3.0,3.0,44,Non-Travel,Research & Development,5,3,Life Sciences,1,2255,Male,1,Laboratory Technician,Single,23190,3.0,Y,18,8,0,7.0,4,5,0,3,No
7.116712405176111,7,3,3,3.0,2.0,1.0,36,Travel_Rarely,Research & Development,13,3,Technical Degree,1,4038,Female,3,Healthcare Representative,Married,25170,2.0,Y,14,8,0,12.0,3,4,1,3,No
7.550046854082778,7,4,3,4.0,2.0,3.0,28,Travel_Rarely,Research & Development,10,3,Other,1,507,Male,2,Sales Representative,Married,52100,1.0,Y,15,8,0,1.0,1,1,0,0,No
5.5861122266844445,17,3,3,4.0,3.0,2.0,34,Travel_Frequently,Research & Development,25,1,Life Sciences,1,874,Female,1,Manager,Married,22590,1.0,Y,14,8,0,8.0,2,8,7,7,No
8.994278224006944,10,3,3,3.0,4.0,2.0,30,Travel_Rarely,Research & Development,7,3,Technical Degree,1,3285,Male,2,Research Director,Single,14830,5.0,Y,13,8,0,12.0,3,0,0,0,No
7.272259036144445,19,2,3,1.0,1.0,4.0,32,Travel_Rarely,Research & Development,2,4,Life Sciences,1,4293,Female,2,Research Director,Single,41480,7.0,Y,15,8,0,10.0,0,5,0,4,Yes
6.839666443551945,19,2,3,3.0,2.0,2.0,40,Travel_Frequently,Research & Development,6,3,Medical,1,1303,Male,1,Healthcare Representative,Married,60770,1.0,Y,16,8,2,22.0,2,22,11,11,No
6.4605298973672225,17,3,3,3.0,3.0,3.0,32,Travel_Rarely,Research & Development,20,3,Medical,1,1382,Female,1,Manufacturing Director,Single,45810,3.0,Y,14,8,1,8.0,3,5,1,4,No
8.145224230254167,10,2,3,2.0,1.0,2.0,24,Travel_Frequently,Sales,3,3,Life Sciences,1,3743,Male,2,Research Scientist,Single,76540,2.0,Y,17,8,1,4.0,3,0,0,0,Yes
5.768255243195,23,3,4,2.0,1.0,2.0,34,Travel_Frequently,Research & Development,2,4,Medical,1,3738,Female,2,Sales Representative,Divorced,68770,7.0,Y,20,8,0,16.0,3,14,6,9,No
6.334894020526389,14,2,3,4.0,2.0,3.0,40,Travel_Rarely,Research & Development,6,2,Medical,1,3070,Male,3,Research Scientist,Divorced,43320,7.0,Y,14,8,2,8.0,3,5,1,3,No
7.005148371262778,6,3,3,2.0,3.0,3.0,50,Travel_Rarely,Sales,10,4,Life Sciences,1,168,Female,3,Manager,Married,47870,0.0,Y,12,8,0,28.0,3,27,15,7,No
10.48453926818361,3,3,3,4.0,1.0,3.0,58,Travel_Rarely,Sales,22,3,Life Sciences,1,752,Female,2,Laboratory Technician,Married,24500,3.0,Y,12,8,1,32.0,2,9,1,5,No
9.444157742079167,14,3,3,4.0,3.0,2.0,39,Travel_Rarely,Research & Development,1,1,Medical,1,1540,Female,1,Laboratory Technician,Married,42840,4.0,Y,17,8,1,12.0,0,1,0,0,Yes
7.024934181168889,7,2,3,3.0,2.0,1.0,47,Non-Travel,Research & Development,21,2,Medical,1,1164,Male,1,Sales Executive,Married,46390,0.0,Y,11,8,1,14.0,2,13,5,12,No
10.338162650602222,11,3,3,3.0,2.0,2.0,46,Travel_Rarely,Research & Development,8,3,Life Sciences,1,2946,Female,4,Research Director,Married,40710,3.0,Y,13,8,0,28.0,5,7,7,7,No
6.392993083444722,18,3,3,2.0,2.0,2.0,37,Travel_Rarely,Research & Development,1,4,Technical Degree,1,1685,Female,5,Research Scientist,Married,39440,6.0,Y,11,8,2,8.0,3,6,4,3,No
6.130653726015,20,3,3,3.0,3.0,2.0,28,Non-Travel,Research & Development,21,1,Medical,1,2594,Male,3,Research Scientist,Single,79780,1.0,Y,16,8,2,5.0,2,5,1,4,No
5.508780678268611,21,3,3,2.0,2.0,3.0,32,Non-Travel,Research & Development,10,4,Life Sciences,1,1003,Female,1,Laboratory Technician,Single,87400,2.0,Y,11,8,1,12.0,2,7,0,7,No
7.945765283355556,7,2,3,3.0,2.0,3.0,55,Travel_Rarely,Sales,9,3,Marketing,1,4084,Male,2,Laboratory Technician,Married,119160,4.0,Y,15,8,1,35.0,3,10,1,4,No
6.250680499776666,16,3,3,4.0,2.0,3.0,55,Travel_Frequently,Research & Development,23,5,Life Sciences,1,3470,Male,3,Laboratory Technician,Married,36970,3.0,Y,13,8,1,23.0,1,3,1,2,No
6.905184069611667,13,2,3,2.0,1.0,3.0,43,Travel_Rarely,Research & Development,25,2,Medical,1,1822,Male,2,Healthcare Representative,Married,61320,6.0,Y,13,8,0,22.0,3,4,1,0,No
7.311961178045277,6,3,3,4.0,1.0,3.0,34,Travel_Frequently,Research & Development,6,2,Life Sciences,1,590,Male,1,Research Director,Single,43060,0.0,Y,11,8,0,14.0,2,13,4,9,No
6.347263498438055,22,3,3,3.0,1.0,3.0,28,Travel_Frequently,Research & Development,9,3,Life Sciences,1,813,Female,2,Sales Executive,Single,59330,0.0,Y,11,8,0,5.0,3,4,1,3,No
7.141855198571944,21,3,3,4.0,3.0,3.0,39,Travel_Rarely,Sales,2,2,Medical,1,2337,Female,1,Sales Executive,Married,20080,2.0,Y,12,8,0,11.0,3,7,7,6,No
5.984554886211389,12,1,3,4.0,1.0,3.0,56,Travel_Rarely,Research & Development,3,2,Other,1,3534,Male,2,Healthcare Representative,Divorced,44490,,Y,15,8,0,28.0,3,5,4,2,No
6.973992637215278,18,1,3,1.0,1.0,3.0,26,Travel_Rarely,Research & Development,5,4,Medical,1,524,Female,2,Sales Executive,Married,46820,1.0,Y,11,8,1,6.0,3,5,1,3,No
8.549974341811666,13,3,3,3.0,1.0,2.0,46,Travel_Frequently,Research & Development,12,1,Medical,1,1306,Male,1,Laboratory Technician,Married,20740,2.0,Y,15,8,1,21.0,3,10,9,5,No
7.636624274877223,16,3,3,1.0,4.0,4.0,35,Travel_Frequently,Research & Development,13,3,Life Sciences,1,958,Male,3,Sales Executive,Single,20420,0.0,Y,16,8,0,6.0,2,5,1,4,No
7.60047188755,12,2,3,3.0,3.0,3.0,30,Non-Travel,Research & Development,17,4,Life Sciences,1,1424,Male,2,Healthcare Representative,Single,64300,1.0,Y,12,8,1,12.0,2,11,5,8,No
7.265457385095833,8,3,3,1.0,2.0,3.0,37,Non-Travel,Research & Development,7,2,Medical,1,210,Male,1,Sales Executive,Divorced,20280,1.0,Y,16,8,1,9.0,3,9,7,7,No
7.593150379294722,6,3,3,2.0,2.0,3.0,33,Travel_Rarely,Sales,3,3,Life Sciences,1,2423,Male,3,Manager,Married,97250,1.0,Y,11,8,0,14.0,0,14,2,13,No
5.461962293618889,23,2,3,2.0,3.0,2.0,33,Travel_Frequently,Research & Development,9,2,Medical,1,615,Female,1,Sales Executive,Married,20970,1.0,Y,14,8,2,10.0,5,10,0,1,No
7.388000892458611,19,3,4,3.0,3.0,3.0,26,Travel_Frequently,Research & Development,22,4,Other,1,357,Female,1,Sales Executive,Married,20240,1.0,Y,23,8,0,8.0,2,8,1,7,Yes
6.5500914770191665,9,3,3,3.0,2.0,4.0,34,Travel_Frequently,Sales,14,4,Medical,1,663,Female,3,Research Scientist,Divorced,88340,4.0,Y,13,8,1,15.0,1,11,5,10,No
6.264275992860278,19,3,4,4.0,2.0,4.0,34,Travel_Rarely,Research & Development,18,1,Medical,1,3207,Male,1,Healthcare Representative,Single,27030,1.0,Y,21,8,1,9.0,2,8,7,7,No
5.7388743864344445,22,1,3,4.0,3.0,3.0,57,Travel_Rarely,Research & Development,21,4,Life Sciences,1,3043,Male,5,Research Scientist,Married,191610,2.0,Y,18,8,0,15.0,2,3,1,2,No
10.074638554216667,10,4,3,3.0,2.0,3.0,32,Travel_Rarely,Research & Development,1,3,Life Sciences,1,62,Male,3,Research Scientist,Married,26620,1.0,Y,11,8,1,13.0,6,13,11,9,No
6.428415885765277,20,3,4,4.0,3.0,2.0,32,Travel_Rarely,Sales,2,3,Marketing,1,1519,Male,2,Laboratory Technician,Married,27060,1.0,Y,21,8,1,13.0,4,13,4,8,No
7.1938933511825,4,3,3,4.0,4.0,2.0,27,Non-Travel,Sales,1,3,Technical Degree,1,358,Female,1,Sales Executive,Married,27130,1.0,Y,11,8,0,0.0,2,0,0,0,No
5.829190093708055,21,2,3,4.0,3.0,1.0,31,Travel_Frequently,Research & Development,29,3,Life Sciences,1,2298,Female,2,Healthcare Representative,Single,25150,1.0,Y,14,8,0,7.0,3,7,7,7,Yes
8.479675368139167,12,2,3,3.0,1.0,3.0,34,Travel_Rarely,Sales,13,4,Medical,1,2130,Male,3,Sales Representative,Single,74910,0.0,Y,14,8,1,4.0,3,3,0,2,No
5.947940651494722,6,4,3,3.0,4.0,3.0,26,Travel_Frequently,Sales,16,2,Life Sciences,1,2574,Male,2,Healthcare Representative,Married,83800,0.0,Y,14,8,0,8.0,3,7,7,7,No
6.04515729585,13,3,3,3.0,2.0,4.0,31,Travel_Rarely,Research & Development,7,3,Life Sciences,1,177,Male,2,Research Director,Divorced,53430,1.0,Y,14,8,1,13.0,3,13,0,8,No
6.605956046407778,18,3,3,1.0,3.0,3.0,37,Travel_Frequently,Sales,2,3,Marketing,1,1463,Male,1,Laboratory Technician,Divorced,40010,6.0,Y,11,8,1,17.0,2,1,0,0,Yes
7.739934181168889,5,3,4,1.0,2.0,3.0,33,Travel_Rarely,Research & Development,7,2,Life Sciences,1,809,Male,2,Research Scientist,Married,37370,8.0,Y,22,8,2,8.0,2,5,0,2,No
6.850217536813889,21,3,3,3.0,3.0,2.0,53,Travel_Rarely,Sales,2,1,Life Sciences,1,1238,Male,5,Human Resources,Divorced,31620,4.0,Y,15,8,0,26.0,4,14,4,8,No
10.73817826863,1,3,3,4.0,2.0,3.0,38,Travel_Frequently,Research & Development,4,2,Medical,1,4056,Female,1,Manager,Divorced,44440,1.0,Y,13,8,0,20.0,2,20,0,7,No
5.909099732262222,15,3,3,2.0,3.0,3.0,41,Non-Travel,Research & Development,19,1,Life Sciences,1,1959,Male,2,Research Scientist,Divorced,58280,1.0,Y,13,8,0,21.0,0,21,5,10,No
6.084455600178333,11,3,3,4.0,4.0,3.0,33,Travel_Rarely,Sales,23,4,Marketing,1,3473,Female,4,Sales Executive,Divorced,39830,4.0,Y,12,8,0,9.0,3,3,1,2,No
8.811875278893334,5,1,3,2.0,2.0,3.0,56,Travel_Rarely,Research & Development,15,3,Life Sciences,1,4275,Male,2,Laboratory Technician,Married,33120,9.0,Y,19,8,0,7.0,1,5,4,3,Yes
7.718063364569167,12,2,3,2.0,1.0,3.0,29,Travel_Rarely,Research & Development,10,3,Life Sciences,1,865,Male,1,Sales Representative,Single,24040,1.0,Y,17,8,0,10.0,3,10,1,5,No
9.581307452030277,3,2,3,4.0,1.0,2.0,49,Travel_Rarely,Research & Development,2,4,Medical,1,2405,Male,1,Laboratory Technician,Divorced,42270,4.0,Y,18,8,0,17.0,3,2,2,2,No
5.906719098616667,13,4,4,1.0,4.0,3.0,50,Travel_Rarely,Sales,27,3,Medical,1,3425,Male,2,Sales Executive,Married,33100,4.0,Y,22,8,1,8.0,3,1,0,0,No
7.381318607764166,10,2,3,3.0,2.0,2.0,35,Travel_Rarely,Sales,20,2,Life Sciences,1,40,Male,1,Laboratory Technician,Married,51540,0.0,Y,19,8,0,12.0,2,11,6,9,No
10.08156291834,10,3,3,4.0,4.0,2.0,58,Travel_Frequently,Sales,9,2,Technical Degree,1,1873,Male,1,Sales Executive,Divorced,21530,9.0,Y,11,8,0,3.0,3,1,0,0,Yes
6.630854529227777,13,4,4,4.0,2.0,3.0,43,Travel_Rarely,Research & Development,1,1,Other,1,2346,Male,1,Manager,Divorced,46780,5.0,Y,25,8,1,8.0,0,6,0,2,No
7.228639000446111,19,3,3,2.0,3.0,3.0,45,Travel_Frequently,Research & Development,8,4,Life Sciences,1,4045,Female,2,Manager,Single,29940,4.0,Y,18,8,1,12.0,2,4,0,3,No
9.183482820169445,18,2,3,2.0,2.0,3.0,28,Travel_Rarely,Sales,1,2,Technical Degree,1,3295,Female,1,Sales Executive,Married,22310,1.0,Y,12,8,0,8.0,3,8,7,5,No
10.508174921909722,5,3,3,3.0,3.0,3.0,28,Travel_Frequently,Sales,6,4,Life Sciences,1,2040,Male,1,Manager,Divorced,52530,1.0,Y,15,8,0,3.0,2,3,0,2,No
5.783248549754444,14,2,3,3.0,4.0,3.0,26,Travel_Rarely,Sales,8,3,Marketing,1,3992,Female,1,Healthcare Representative,Single,30330,1.0,Y,12,8,0,5.0,2,5,1,2,No
7.489895136099722,7,2,3,4.0,1.0,4.0,46,Travel_Rarely,Sales,4,3,Medical,1,2156,Male,1,Research Scientist,Single,26190,6.0,Y,12,8,1,10.0,3,7,5,7,No
9.009924141008334,18,2,3,4.0,1.0,2.0,49,Travel_Rarely,Research & Development,2,4,Medical,1,3875,Male,1,Laboratory Technician,Divorced,42270,4.0,Y,18,8,0,17.0,3,2,2,2,No
9.965590138330834,11,3,3,3.0,4.0,,31,Travel_Rarely,Research & Development,6,3,Medical,1,85,Female,3,Manager,Single,81030,1.0,Y,15,8,1,11.0,5,11,4,10,No
6.128060017849167,7,3,3,4.0,4.0,2.0,56,Travel_Rarely,Human Resources,2,1,Medical,1,4238,Male,2,Sales Executive,Single,26440,4.0,Y,11,8,1,37.0,2,6,0,2,No
5.5958389112002775,21,3,3,3.0,2.0,2.0,37,Travel_Rarely,Research & Development,19,2,Technical Degree,1,1023,Male,2,Sales Executive,Divorced,27030,2.0,Y,14,8,0,19.0,2,10,4,7,No
9.221286256135556,15,2,4,4.0,1.0,3.0,35,Travel_Rarely,Sales,7,4,Life Sciences,1,534,Male,3,Sales Representative,Single,61180,0.0,Y,21,8,1,9.0,3,8,4,7,Yes
7.364316153502778,17,3,3,2.0,3.0,3.0,35,Travel_Rarely,Research & Development,20,4,Life Sciences,1,2764,Female,3,Human Resources,Single,40690,1.0,Y,13,8,0,6.0,5,6,0,4,No
7.486272869254722,6,3,3,4.0,1.0,3.0,20,Travel_Rarely,Research & Development,1,3,Life Sciences,1,2410,Male,1,Sales Representative,Single,47770,1.0,Y,18,8,1,2.0,3,2,0,2,No
6.682018072288889,15,4,3,3.0,4.0,3.0,50,Travel_Frequently,Research & Development,19,4,Life Sciences,1,4284,Male,2,Sales Executive,Single,53770,4.0,Y,14,8,1,16.0,3,2,2,1,No
5.766541722445278,10,2,3,2.0,3.0,3.0,35,Travel_Rarely,Research & Development,22,3,Medical,1,3130,Female,1,Sales Representative,Married,29660,9.0,Y,18,8,0,15.0,2,11,6,9,No
7.167089468986944,5,3,3,2.0,1.0,3.0,31,Non-Travel,Research & Development,8,4,Life Sciences,1,4146,Female,4,Sales Executive,Single,147320,0.0,Y,12,8,0,10.0,3,9,1,7,No
7.115717313699166,22,1,3,,4.0,3.0,32,Travel_Frequently,Sales,4,4,Life Sciences,1,301,Male,2,Sales Executive,Married,188440,1.0,Y,19,8,0,10.0,3,10,4,7,No
7.415803212851389,21,2,3,2.0,1.0,3.0,29,Travel_Rarely,Research & Development,10,3,Life Sciences,1,3805,Male,1,Sales Representative,Single,24040,1.0,Y,17,8,0,10.0,3,10,1,5,No
10.372502231146667,8,3,4,4.0,4.0,3.0,20,Travel_Frequently,Sales,4,4,Life Sciences,1,4255,Female,2,Healthcare Representative,Single,99240,1.0,Y,22,8,0,1.0,3,1,1,0,Yes
6.3501941097722225,21,2,3,3.0,3.0,3.0,42,Travel_Rarely,Sales,11,1,Technical Degree,1,1885,Male,2,Human Resources,Single,59400,7.0,Y,16,8,0,10.0,2,5,0,3,No
10.677703034359444,7,4,4,2.0,1.0,3.0,34,Travel_Frequently,Sales,17,1,Marketing,1,1653,Male,1,Research Director,Divorced,20010,9.0,Y,22,8,1,11.0,5,3,0,2,Yes
6.985722891566111,20,3,3,2.0,3.0,3.0,54,Travel_Rarely,Sales,24,3,Marketing,1,2397,Male,1,Laboratory Technician,Married,26000,3.0,Y,14,8,0,36.0,5,10,4,7,No
7.154422132976111,5,3,3,2.0,3.0,3.0,40,Travel_Rarely,Research & Development,15,3,Life Sciences,1,191,Female,2,Laboratory Technician,Single,25710,7.0,Y,14,8,0,22.0,1,20,5,13,No
7.817591477019167,7,2,3,2.0,3.0,3.0,38,Travel_Rarely,Sales,20,4,Medical,1,4113,Female,2,Research Director,Married,20290,3.0,Y,11,8,1,20.0,3,18,1,11,No
7.125142793395556,18,3,3,3.0,4.0,3.0,43,Travel_Frequently,Research & Development,7,4,Medical,1,2998,Male,4,Research Scientist,Single,24390,0.0,Y,15,8,0,9.0,2,8,1,7,No
7.129028335564445,9,1,3,1.0,1.0,3.0,36,Non-Travel,Research & Development,7,2,Life Sciences,1,1782,Male,5,Sales Executive,Single,116310,1.0,Y,18,8,1,10.0,2,10,0,9,No
10.852452030343333,2,3,4,1.0,4.0,4.0,29,Travel_Rarely,Research & Development,9,4,Medical,1,4125,Male,2,Sales Representative,Married,29960,9.0,Y,25,8,0,4.0,4,2,2,2,Yes
10.169516956715556,6,3,3,4.0,3.0,2.0,28,Travel_Frequently,Research & Development,2,3,Other,1,2134,Female,1,Manager,Single,55770,0.0,Y,19,8,0,5.0,3,4,0,2,No
7.846064257028056,19,3,3,4.0,2.0,2.0,22,Travel_Rarely,Research & Development,1,3,Life Sciences,1,2889,Female,4,Healthcare Representative,Divorced,129360,1.0,Y,11,8,2,4.0,3,4,2,2,No
9.609767960731666,10,4,3,4.0,3.0,3.0,27,Travel_Rarely,Research & Development,2,5,Life Sciences,1,3680,Female,1,Research Scientist,Single,137700,1.0,Y,18,8,1,8.0,3,8,7,7,Yes
7.299027219990833,16,1,3,3.0,1.0,2.0,44,Travel_Rarely,Research & Development,3,4,Life Sciences,1,3605,Male,2,Research Scientist,Divorced,47070,1.0,Y,17,8,0,26.0,4,25,14,13,No
6.757579205711667,19,3,3,2.0,4.0,2.0,30,Travel_Rarely,Sales,9,4,Marketing,1,3916,Male,1,Laboratory Technician,Married,87220,1.0,Y,17,8,1,10.0,3,10,0,8,No
6.814511378848611,10,3,3,2.0,4.0,3.0,34,Travel_Rarely,Research & Development,7,2,Life Sciences,1,3895,Male,1,Healthcare Representative,Married,21770,1.0,Y,13,8,0,10.0,5,10,8,7,No
9.333316599732223,12,3,3,3.0,4.0,3.0,36,Travel_Rarely,Research & Development,10,3,Medical,1,436,Male,3,Sales Executive,Married,22320,1.0,Y,12,8,1,16.0,2,16,3,7,Yes
7.9785742971886116,16,2,3,3.0,4.0,3.0,44,Travel_Rarely,Research & Development,9,3,Technical Degree,1,943,Female,3,Healthcare Representative,Divorced,68610,4.0,Y,12,8,0,8.0,2,2,2,2,No
6.763717090584445,19,3,4,3.0,4.0,3.0,30,Travel_Rarely,Sales,25,3,Marketing,1,153,Male,1,Sales Executive,Single,24060,2.0,Y,20,8,1,11.0,5,5,0,2,No
6.849905176260555,8,3,3,2.0,1.0,3.0,44,Travel_Rarely,Sales,1,2,Medical,1,1095,Male,4,Manager,Married,187110,2.0,Y,12,8,1,10.0,0,2,2,2,No
10.2773058902275,3,3,3,1.0,1.0,3.0,33,Travel_Frequently,Research & Development,15,4,Medical,1,257,Female,1,Laboratory Technician,Single,24060,1.0,Y,11,8,0,10.0,3,10,9,7,Yes
6.800450691655278,21,3,4,4.0,2.0,4.0,45,Travel_Rarely,Research & Development,2,1,Medical,1,1665,Female,4,Sales Executive,Married,44040,0.0,Y,23,8,0,9.0,2,8,3,7,No
5.817792280231944,11,3,3,1.0,1.0,2.0,36,Travel_Frequently,Sales,16,2,Life Sciences,1,2181,Male,1,Research Scientist,Married,12810,2.0,Y,11,8,0,17.0,2,15,6,13,No
7.670982820169445,4,3,3,3.0,2.0,3.0,41,Non-Travel,Sales,6,3,Life Sciences,1,3634,Female,1,Research Director,Single,27730,1.0,Y,11,8,0,19.0,3,19,11,9,No
5.765799866131111,14,3,3,4.0,4.0,2.0,31,Travel_Rarely,Sales,10,2,Life Sciences,1,4211,Female,2,Research Scientist,Divorced,112440,3.0,Y,12,8,1,10.0,3,7,1,7,No
7.0619366354305555,14,2,3,2.0,1.0,3.0,42,Travel_Rarely,Research & Development,2,3,Medical,1,131,Female,4,Manager,Divorced,110310,3.0,Y,12,8,1,8.0,2,5,1,2,No
7.294743418116667,6,3,3,4.0,1.0,3.0,30,Travel_Rarely,Sales,3,3,Life Sciences,1,3696,Male,3,Sales Executive,Divorced,51210,7.0,Y,13,8,0,8.0,4,3,0,2,No
5.778331102186389,10,3,3,3.0,3.0,3.0,38,Travel_Rarely,Research & Development,5,3,Life Sciences,1,214,Female,1,Research Scientist,Married,154270,3.0,Y,16,8,1,18.0,2,1,0,0,No
5.694765729585,20,3,3,3.0,2.0,2.0,39,Non-Travel,Research & Development,6,3,Life Sciences,1,3499,Male,1,Laboratory Technician,Single,28510,9.0,Y,15,8,0,9.0,2,5,0,3,No
5.52937751004,23,3,3,4.0,3.0,2.0,54,Travel_Frequently,Research & Development,1,4,Life Sciences,1,1545,Male,2,Research Scientist,Single,29330,3.0,Y,12,8,2,20.0,2,4,0,3,No
5.802433065595555,23,2,3,4.0,3.0,3.0,38,Travel_Frequently,Research & Development,7,3,Medical,1,725,Female,2,Sales Representative,Divorced,76250,1.0,Y,15,8,0,4.0,2,4,0,3,No
7.908632307005556,12,3,3,1.0,2.0,3.0,37,Non-Travel,Research & Development,1,5,Medical,1,395,Female,2,Research Scientist,Single,62610,1.0,Y,12,8,0,10.0,1,10,0,9,No
5.985309013833056,16,3,3,,2.0,3.0,41,Travel_Rarely,Research & Development,5,3,Life Sciences,1,2569,Female,1,Sales Executive,Married,66230,5.0,Y,18,8,0,14.0,3,5,1,4,No
6.2768128067825,12,4,4,1.0,2.0,3.0,45,Travel_Rarely,Research & Development,4,3,Medical,1,842,Female,3,Laboratory Technician,Divorced,118360,1.0,Y,22,8,0,10.0,2,10,7,7,No
9.654513609995277,15,3,3,4.0,4.0,3.0,26,Travel_Rarely,Research & Development,8,3,Medical,1,2976,Male,2,Manager,Single,157870,1.0,Y,12,8,2,8.0,5,8,7,4,Yes
7.146951137884722,18,2,4,3.0,1.0,3.0,39,Travel_Rarely,Research & Development,18,2,Life Sciences,1,2153,Male,2,Laboratory Technician,Single,28360,0.0,Y,20,8,0,6.0,3,5,0,3,Yes
8.249067380633612,10,3,4,3.0,4.0,3.0,35,Travel_Rarely,Research & Development,15,4,Life Sciences,1,3964,Male,2,Research Scientist,Single,19040,1.0,Y,22,8,1,10.0,4,10,7,7,Yes
10.468396921017222,5,3,3,3.0,4.0,3.0,47,Travel_Rarely,Sales,15,4,Marketing,1,394,Female,3,Research Director,Married,65530,0.0,Y,15,8,0,8.0,2,7,7,7,No
5.997884872824445,5,3,3,1.0,2.0,3.0,34,Travel_Rarely,Sales,24,3,Marketing,1,2705,Male,4,Research Scientist,Single,27420,0.0,Y,11,8,1,13.0,2,12,2,11,No
6.006412315930278,8,2,3,2.0,2.0,3.0,40,Travel_Rarely,Research & Development,8,1,Medical,1,2623,Female,5,Research Scientist,Married,35440,3.0,Y,18,8,3,15.0,3,11,5,10,No
9.136895359214444,12,3,4,3.0,4.0,2.0,42,Travel_Rarely,Research & Development,18,1,Technical Degree,1,1856,Female,2,Research Scientist,Married,199990,2.0,Y,23,8,1,17.0,6,5,1,3,No
6.984197902721944,19,3,4,1.0,4.0,2.0,24,Non-Travel,Research & Development,2,5,Technical Degree,1,383,Male,2,Healthcare Representative,Married,187220,0.0,Y,22,8,1,6.0,3,5,3,4,No
7.004309460062222,12,4,3,4.0,4.0,3.0,27,Travel_Frequently,Research & Development,26,4,Medical,1,717,Female,1,Research Director,Single,46470,3.0,Y,17,8,0,8.0,3,6,0,0,No
8.175683846496945,13,2,3,3.0,2.0,3.0,55,Travel_Frequently,Research & Development,26,2,Life Sciences,1,488,Female,2,Sales Executive,Married,27890,3.0,Y,13,8,1,17.0,2,8,6,7,No
6.113123605533056,15,3,3,3.0,4.0,2.0,37,Travel_Frequently,Research & Development,13,3,Life Sciences,1,3894,Male,1,Laboratory Technician,Divorced,119040,1.0,Y,12,8,1,6.0,4,6,1,3,No
6.296951137884722,8,3,4,4.0,4.0,4.0,32,Travel_Frequently,Sales,2,3,Marketing,1,1357,Male,3,Laboratory Technician,Divorced,77560,0.0,Y,21,8,0,9.0,3,8,0,7,No
6.652788933511666,5,3,3,1.0,2.0,3.0,50,Travel_Frequently,Sales,2,2,Marketing,1,220,Male,1,Sales Executive,Married,29600,1.0,Y,14,8,3,32.0,2,32,10,7,No
5.935011155733889,6,3,3,2.0,3.0,4.0,31,Travel_Rarely,Sales,1,3,Life Sciences,1,418,Female,1,Sales Representative,Married,121850,3.0,Y,14,8,0,13.0,2,7,5,2,No
9.865640339134167,15,3,3,4.0,4.0,3.0,42,Travel_Rarely,Sales,15,1,Marketing,1,1810,Male,2,Laboratory Technician,Married,46680,9.0,Y,18,8,2,8.0,2,4,0,2,No
6.074939759036111,12,2,3,4.0,3.0,3.0,24,Travel_Rarely,Sales,6,2,Medical,1,965,Female,2,Manager,Married,20070,1.0,Y,12,8,0,1.0,2,1,0,0,Yes
7.4987907184291664,12,4,3,2.0,3.0,3.0,41,Travel_Rarely,Sales,1,4,Life Sciences,1,526,Female,1,Research Director,Married,52570,1.0,Y,14,8,0,10.0,2,10,0,8,No
8.512315930388056,14,2,3,2.0,4.0,3.0,38,Travel_Rarely,Research & Development,8,2,Technical Degree,1,1004,Female,1,Manufacturing Director,Married,25140,3.0,Y,11,8,0,15.0,2,1,1,0,No
8.972376171351945,16,3,3,4.0,3.0,4.0,38,Travel_Rarely,Research & Development,2,4,Life Sciences,1,904,Female,3,Sales Executive,Married,50790,3.0,Y,11,8,0,10.0,3,5,0,2,No
7.602991967871389,9,4,4,3.0,2.0,3.0,46,Travel_Rarely,Research & Development,4,4,Medical,1,2546,Female,2,Sales Representative,Married,27430,5.0,Y,25,8,1,14.0,1,8,0,7,Yes
7.480872378402222,12,3,3,3.0,3.0,3.0,48,Travel_Rarely,Research & Development,12,4,Medical,1,846,Male,1,Laboratory Technician,Divorced,55620,8.0,Y,13,8,1,18.0,2,8,7,7,No
8.2681659973225,15,3,3,4.0,4.0,2.0,40,Travel_Rarely,Sales,9,3,Marketing,1,296,Male,2,Research Scientist,Single,20730,0.0,Y,14,8,0,5.0,3,4,2,3,No
8.842869254796945,8,3,3,4.0,3.0,2.0,35,Travel_Frequently,Research & Development,1,2,Medical,1,724,Male,1,Manufacturing Director,Married,67960,0.0,Y,13,8,0,5.0,2,4,3,2,Yes
5.761794957608055,14,2,3,3.0,2.0,3.0,55,Travel_Rarely,Research & Development,6,1,Life Sciences,1,1400,Female,2,Laboratory Technician,Single,26550,8.0,Y,17,8,0,36.0,0,24,2,15,No
6.511941097724167,21,3,3,3.0,4.0,3.0,48,Travel_Frequently,Sales,10,4,Marketing,1,909,Female,3,Manager,Married,22700,2.0,Y,14,8,3,23.0,2,2,2,2,No
6.161002900490834,21,3,3,1.0,4.0,3.0,31,Travel_Rarely,Research & Development,16,3,Medical,1,2243,Male,2,Human Resources,Divorced,27820,1.0,Y,19,8,1,13.0,5,13,9,9,No
6.083170459616111,16,3,3,3.0,2.0,3.0,30,Travel_Rarely,Research & Development,14,3,Technical Degree,1,852,Male,5,Research Director,Married,27950,3.0,Y,13,8,0,9.0,4,4,1,3,No
8.097211066488056,8,3,4,3.0,4.0,2.0,29,Travel_Rarely,Research & Development,7,1,Life Sciences,1,2912,Female,1,Research Scientist,Single,21800,1.0,Y,21,8,0,4.0,2,4,0,1,Yes
6.172599286032778,16,3,3,4.0,3.0,3.0,42,Travel_Rarely,Sales,2,4,Medical,1,2538,Female,2,Research Director,Single,45390,4.0,Y,17,8,1,8.0,5,0,0,0,No
7.291195894689722,20,3,3,4.0,4.0,2.0,21,Travel_Rarely,Research & Development,1,3,Medical,1,1876,Male,2,Sales Executive,Single,104000,1.0,Y,13,8,1,1.0,2,1,0,0,Yes
10.240874609549167,10,3,3,4.0,4.0,2.0,41,Travel_Frequently,Research & Development,1,3,Life Sciences,1,2201,Male,4,Sales Executive,Divorced,191410,3.0,Y,12,8,1,12.0,2,6,3,3,No
5.988147032574722,23,1,3,3.0,3.0,2.0,32,Travel_Rarely,Sales,10,3,Marketing,1,3309,Female,1,Human Resources,Married,30720,5.0,Y,12,8,0,9.0,4,5,1,3,No
6.628645693886389,10,3,3,1.0,3.0,3.0,40,Travel_Frequently,Sales,9,3,Marketing,1,1814,Male,3,Manufacturing Director,Single,22380,6.0,Y,14,8,0,10.0,3,1,0,0,No
6.049107541276111,21,3,3,3.0,4.0,3.0,31,Travel_Frequently,Research & Development,7,3,Life Sciences,1,561,Male,1,Sales Executive,Married,52580,0.0,Y,14,8,3,3.0,5,2,2,2,No
9.033080098170277,5,2,3,3.0,3.0,3.0,34,Travel_Rarely,Research & Development,2,2,Life Sciences,1,506,Male,1,Sales Representative,Married,64100,1.0,Y,13,8,1,1.0,5,1,0,0,No
9.987827978580833,4,3,3,3.0,1.0,3.0,37,Travel_Rarely,Human Resources,9,3,Human Resources,1,2783,Male,2,Healthcare Representative,Divorced,54840,4.0,Y,17,8,0,7.0,4,3,0,2,Yes
5.796918786256111,17,3,3,3.0,4.0,3.0,37,Travel_Rarely,Sales,6,1,Technical Degree,1,1328,Male,1,Laboratory Technician,Single,46390,2.0,Y,12,8,2,12.0,3,5,1,3,No
7.177605979473333,7,2,3,4.0,4.0,3.0,46,Travel_Rarely,Research & Development,2,1,Medical,1,3453,Female,3,Research Scientist,Divorced,49410,9.0,Y,13,8,2,23.0,2,2,2,2,No
7.34745091477,8,4,3,4.0,1.0,1.0,40,Travel_Rarely,Research & Development,2,3,Medical,1,2296,Male,2,Research Director,Single,47750,3.0,Y,15,8,1,15.0,3,5,1,0,Yes
10.149226907630277,8,3,3,3.0,4.0,3.0,35,Travel_Rarely,Research & Development,16,3,Medical,1,2663,Female,2,Healthcare Representative,Single,23940,1.0,Y,16,8,1,9.0,3,9,1,7,No
5.912928380187222,7,3,3,4.0,1.0,1.0,29,Travel_Rarely,Research & Development,5,3,Medical,1,1203,Male,2,Sales Representative,Single,75530,1.0,Y,19,8,0,5.0,3,5,0,4,No
7.781568496206944,7,2,3,4.0,3.0,2.0,34,Travel_Frequently,Sales,9,1,Technical Degree,1,2035,Male,2,Sales Executive,Single,26570,2.0,Y,13,8,1,5.0,3,3,0,2,No
5.826223784024722,8,2,3,1.0,1.0,3.0,33,Travel_Rarely,Research & Development,8,4,Life Sciences,1,362,Male,3,Laboratory Technician,Divorced,24510,1.0,Y,13,8,1,9.0,3,9,0,8,No
5.876035252119444,10,2,3,3.0,4.0,3.0,26,Travel_Rarely,Sales,8,3,Marketing,1,1052,Female,1,Healthcare Representative,Single,30330,1.0,Y,12,8,0,5.0,2,5,1,2,No
10.523103525211944,2,2,4,3.0,2.0,3.0,36,Travel_Rarely,Research & Development,2,4,Medical,1,670,Male,1,Healthcare Representative,Single,27250,9.0,Y,21,8,1,18.0,4,16,5,12,No
5.787740963855278,20,2,3,1.0,3.0,3.0,35,Travel_Rarely,Research & Development,16,4,Medical,1,3144,Male,2,Human Resources,Single,95260,1.0,Y,15,8,0,5.0,2,5,0,3,No
6.401705711735556,18,3,3,3.0,2.0,3.0,30,Travel_Rarely,Research & Development,3,3,Life Sciences,1,124,Female,2,Manager,Married,59680,1.0,Y,13,8,0,1.0,3,1,0,0,No
7.474545961624167,20,3,3,4.0,3.0,3.0,23,Travel_Rarely,Human Resources,6,3,Life Sciences,1,2414,Female,3,Laboratory Technician,Single,49690,1.0,Y,12,8,0,5.0,3,5,1,2,Yes
5.9552342704147225,20,3,3,3.0,1.0,3.0,36,Travel_Rarely,Research & Development,1,3,Life Sciences,1,1234,Male,1,Research Director,Single,54860,7.0,Y,12,8,1,10.0,2,5,0,3,Yes
7.073353413654444,14,3,3,2.0,4.0,4.0,55,Travel_Rarely,Research & Development,7,3,Life Sciences,1,2223,Female,3,Research Scientist,Divorced,50930,2.0,Y,16,8,1,31.0,3,7,0,0,No
8.45866354306111,7,4,3,4.0,1.0,3.0,45,Non-Travel,Sales,2,3,Medical,1,461,Female,1,Sales Executive,Married,66440,1.0,Y,12,8,0,9.0,3,9,0,8,No
7.428519634091667,6,3,3,3.0,1.0,3.0,28,Travel_Rarely,Sales,1,2,Life Sciences,1,2520,Male,3,Manager,Married,44770,1.0,Y,15,8,0,3.0,6,3,1,2,No
7.6159805890225,15,3,3,2.0,4.0,3.0,41,Travel_Rarely,Research & Development,4,2,Medical,1,2043,Male,2,Research Scientist,Married,25430,3.0,Y,12,8,0,6.0,3,1,0,0,No
10.742414100847778,1,3,4,3.0,2.0,3.0,31,Travel_Rarely,Research & Development,1,3,Life Sciences,1,3052,Male,4,Human Resources,Single,28670,0.0,Y,24,8,0,3.0,5,2,2,2,No
6.8073795180722225,4,3,3,4.0,4.0,3.0,50,Travel_Rarely,Research & Development,9,3,Medical,1,1580,Female,3,Laboratory Technician,Single,98880,6.0,Y,15,8,0,20.0,2,4,1,3,No
9.026842927264445,10,3,3,2.0,1.0,2.0,44,Travel_Rarely,Research & Development,1,1,Medical,1,4205,Female,3,Research Scientist,Divorced,15630,5.0,Y,12,8,2,9.0,3,4,1,3,No
7.203818607764167,13,3,3,1.0,3.0,2.0,44,Travel_Frequently,Research & Development,5,3,Life Sciences,1,2264,Female,5,Manufacturing Director,Married,43820,7.0,Y,16,8,2,11.0,2,1,0,0,No
6.698487282463056,7,2,4,3.0,2.0,3.0,42,Travel_Rarely,Research & Development,10,3,Technical Degree,1,1240,Male,2,Laboratory Technician,Married,66510,0.0,Y,20,8,0,10.0,5,9,4,2,No
6.135339134315,10,3,3,3.0,3.0,3.0,42,Non-Travel,Research & Development,1,1,Technical Degree,1,2880,Male,2,Sales Executive,Divorced,78790,2.0,Y,11,8,1,11.0,2,5,0,2,No
7.2703458277552775,11,2,3,4.0,2.0,3.0,51,Travel_Rarely,Research & Development,2,3,Life Sciences,1,2982,Male,2,Laboratory Technician,Divorced,56750,5.0,Y,13,8,0,13.0,2,4,1,2,No
9.920391566265,12,3,3,1.0,1.0,3.0,33,Travel_Frequently,Research & Development,15,4,Medical,1,1727,Female,1,Laboratory Technician,Single,24060,1.0,Y,11,8,0,10.0,3,10,9,7,Yes
6.218198348951111,16,3,3,3.0,1.0,2.0,21,Travel_Rarely,Research & Development,1,4,Life Sciences,1,1990,Male,1,Manager,Single,57750,1.0,Y,18,8,0,1.0,2,1,1,0,Yes
10.3487394020525,8,3,3,4.0,1.0,1.0,39,Travel_Rarely,Research & Development,10,4,Life Sciences,1,1882,Female,4,Human Resources,Married,66960,7.0,Y,11,8,0,8.0,3,2,2,2,Yes
7.43661869701,19,3,3,4.0,1.0,3.0,55,Travel_Rarely,Human Resources,7,3,Human Resources,1,1781,Male,4,Laboratory Technician,Married,74280,5.0,Y,12,8,0,24.0,2,5,1,4,Yes
10.771651048638889,3,3,3,4.0,4.0,3.0,44,Travel_Rarely,Research & Development,16,3,Life Sciences,1,3433,Female,1,Healthcare Representative,Married,80200,3.0,Y,11,8,1,23.0,2,12,11,11,No
7.679288264167778,16,2,4,4.0,3.0,3.0,52,Travel_Rarely,Research & Development,26,2,Life Sciences,1,3089,Female,2,Sales Representative,Married,33750,2.0,Y,21,8,0,28.0,2,5,0,4,No
5.828110218652222,16,2,3,3.0,3.0,3.0,37,Travel_Rarely,Research & Development,4,3,Medical,1,3189,Male,1,Manager,Married,98840,1.0,Y,14,8,0,10.0,3,10,7,8,No
5.865582329317222,15,3,3,4.0,4.0,3.0,38,Travel_Frequently,Research & Development,25,3,Medical,1,1274,Male,2,Manufacturing Director,Single,163280,1.0,Y,17,8,3,10.0,2,10,9,9,No
7.116540606871666,16,2,4,1.0,1.0,3.0,36,Travel_Rarely,Research & Development,14,3,Other,1,1846,Male,2,Research Scientist,Married,39290,0.0,Y,24,8,0,6.0,6,5,0,3,No
8.691863007585834,3,3,3,4.0,4.0,2.0,40,Travel_Rarely,Sales,9,3,Marketing,1,1766,Male,2,Research Scientist,Single,20730,0.0,Y,14,8,0,5.0,3,4,2,3,No
7.626967871485833,5,3,3,4.0,4.0,3.0,34,Travel_Rarely,Research & Development,12,3,Technical Degree,1,310,Male,1,Research Scientist,Single,45050,1.0,Y,12,8,0,6.0,3,6,1,4,No
7.303647925033333,7,3,4,3.0,4.0,1.0,33,Travel_Frequently,Research & Development,8,3,Technical Degree,1,252,Male,2,Laboratory Technician,Divorced,90690,3.0,Y,25,8,1,15.0,3,13,4,7,No
7.4345861222666665,13,2,3,4.0,2.0,3.0,36,Travel_Frequently,Research & Development,16,1,Medical,1,1183,Male,2,Sales Executive,Divorced,105960,7.0,Y,15,8,0,18.0,3,4,0,2,No
7.6366320838911115,12,3,4,4.0,2.0,2.0,25,Travel_Rarely,Research & Development,18,2,Life Sciences,1,3617,Male,1,Research Scientist,Single,36220,1.0,Y,25,8,0,2.0,0,2,2,1,No
5.887466532797778,10,3,3,3.0,2.0,2.0,37,Travel_Rarely,Research & Development,19,2,Technical Degree,1,2493,Male,2,Sales Executive,Divorced,27030,2.0,Y,14,8,0,19.0,2,10,4,7,No
7.1224743418116665,15,3,3,2.0,4.0,2.0,33,Non-Travel,Sales,9,2,Technical Degree,1,1967,Male,5,Sales Representative,Single,12000,0.0,Y,11,8,1,3.0,3,2,2,2,No
9.160203034359444,6,2,3,1.0,1.0,4.0,39,Non-Travel,Research & Development,2,4,Medical,1,2245,Male,2,Manufacturing Director,Single,43810,2.0,Y,15,8,2,11.0,1,1,0,0,Yes
7.149526996876389,15,2,4,1.0,3.0,3.0,34,Travel_Rarely,Research & Development,1,4,Other,1,4256,Male,4,Laboratory Technician,Single,41980,1.0,Y,22,8,1,16.0,2,16,2,10,No
7.264870593485,5,3,3,1.0,3.0,3.0,34,Travel_Rarely,Research & Development,7,4,Medical,1,3722,Male,2,Research Scientist,Married,26940,1.0,Y,16,8,1,2.0,3,2,2,2,Yes
10.341414547076944,8,3,3,3.0,4.0,3.0,47,Travel_Rarely,Sales,15,4,Marketing,1,3334,Female,3,Research Director,Married,65530,0.0,Y,15,8,0,8.0,2,7,7,7,No
6.2970113788486115,15,2,3,4.0,4.0,3.0,28,Travel_Rarely,Research & Development,7,3,Other,1,2972,Male,1,Human Resources,Single,96370,1.0,Y,13,8,0,5.0,6,5,0,2,No
6.750927041499167,5,3,3,3.0,2.0,4.0,35,Travel_Rarely,Research & Development,18,5,Medical,1,2059,Female,2,Research Scientist,Divorced,65380,2.0,Y,16,8,1,15.0,3,7,6,4,No
9.763126952253334,5,4,3,3.0,4.0,3.0,26,Travel_Rarely,Research & Development,7,2,Life Sciences,1,248,Male,1,Manufacturing Director,Married,54540,1.0,Y,13,8,1,3.0,5,3,0,2,No
5.8205957161980555,14,4,3,4.0,2.0,1.0,35,Travel_Rarely,Research & Development,23,4,Life Sciences,1,3764,Male,2,Research Scientist,Single,63340,1.0,Y,14,8,0,11.0,2,11,3,3,No
6.978775100401389,11,4,3,3.0,1.0,3.0,31,Travel_Rarely,Sales,24,1,Marketing,1,2109,Female,1,Sales Executive,Single,38940,1.0,Y,12,8,0,10.0,3,10,1,8,No
6.075343596608611,13,1,3,3.0,3.0,3.0,50,Travel_Rarely,Research & Development,8,4,Life Sciences,1,331,Male,2,Sales Executive,Married,49410,5.0,Y,11,8,1,30.0,3,4,0,3,No
6.73151383311,6,3,3,3.0,3.0,3.0,38,Travel_Frequently,Sales,9,3,Marketing,1,2320,Male,1,Manufacturing Director,Married,52040,3.0,Y,13,8,1,10.0,2,6,1,2,No
7.741112226684445,19,2,4,3.0,3.0,3.0,34,Travel_Rarely,Research & Development,13,4,Life Sciences,1,1707,Female,1,Laboratory Technician,Divorced,23410,1.0,Y,20,8,2,8.0,3,8,0,6,No
6.137048192770833,7,4,3,3.0,4.0,3.0,29,Travel_Rarely,Research & Development,8,3,Medical,1,2021,Female,4,Research Scientist,Divorced,52960,4.0,Y,14,8,0,11.0,3,7,1,7,No
5.822518964747778,7,2,3,2.0,3.0,4.0,28,Non-Travel,Sales,9,4,Medical,1,1310,Male,2,Laboratory Technician,Married,23670,1.0,Y,13,8,0,5.0,2,5,0,4,No
9.733352298081112,9,3,3,4.0,4.0,3.0,31,Travel_Rarely,Research & Development,16,3,Life Sciences,1,387,Female,3,Sales Executive,Married,22790,3.0,Y,12,8,1,8.0,3,6,0,2,No
6.4010597947344445,21,4,3,3.0,3.0,3.0,18,Non-Travel,Research & Development,2,4,Medical,1,2041,Male,3,Laboratory Technician,Single,109650,1.0,Y,18,8,0,0.0,5,0,0,0,Yes
6.293549754573611,22,2,3,1.0,2.0,3.0,38,Travel_Rarely,Research & Development,5,2,Life Sciences,1,1520,Female,3,Research Scientist,Married,63840,3.0,Y,19,8,2,19.0,4,10,0,1,No
5.726736947791111,22,4,4,1.0,4.0,1.0,26,Travel_Rarely,Research & Development,3,2,Medical,1,161,Female,4,Healthcare Representative,Divorced,24360,1.0,Y,24,8,0,3.0,2,3,0,2,No
6.740493083444722,15,3,4,4.0,1.0,3.0,50,Travel_Frequently,Research & Development,25,4,Life Sciences,1,3550,Female,2,Healthcare Representative,Married,32020,2.0,Y,24,8,1,32.0,2,2,2,2,No
9.86186970102611,15,2,4,3.0,4.0,3.0,27,Travel_Rarely,Sales,2,4,Medical,1,353,Male,2,Manager,Divorced,33460,1.0,Y,21,8,1,9.0,2,9,0,8,No
7.043635653725834,9,3,4,4.0,2.0,3.0,46,Travel_Rarely,Research & Development,8,4,Other,1,3552,Male,3,Manager,Married,17020,5.0,Y,21,8,0,25.0,2,4,0,3,No
10.33880856760361,8,3,3,4.0,2.0,3.0,36,Travel_Rarely,Sales,2,3,Technical Degree,1,2528,Female,5,Laboratory Technician,Married,22900,4.0,Y,11,8,0,15.0,5,1,0,0,No
10.004965417224444,16,2,4,2.0,3.0,3.0,37,Non-Travel,Research & Development,1,3,Medical,1,141,Male,3,Laboratory Technician,Married,20080,3.0,Y,22,8,0,15.0,5,13,10,7,No
10.059529228023056,14,3,3,4.0,2.0,3.0,36,Travel_Rarely,Sales,2,3,Technical Degree,1,1058,Female,5,Laboratory Technician,Married,22900,4.0,Y,11,8,0,15.0,5,1,0,0,No
5.803801874163056,19,4,3,4.0,2.0,1.0,27,Non-Travel,Research & Development,3,3,Medical,1,2844,Male,1,Healthcare Representative,Divorced,27830,6.0,Y,16,8,1,6.0,2,2,2,2,No
6.531721329763333,23,3,3,4.0,1.0,3.0,28,Travel_Rarely,Research & Development,6,3,Technical Degree,1,611,Male,2,Research Scientist,Married,23510,1.0,Y,16,8,0,6.0,4,6,3,3,No
8.0619946452475,18,3,3,4.0,4.0,4.0,44,Travel_Rarely,Research & Development,2,2,Life Sciences,1,240,Male,1,Laboratory Technician,Married,40110,4.0,Y,14,8,1,26.0,2,2,0,1,No
7.021560687193055,19,3,3,4.0,4.0,4.0,32,Travel_Frequently,Sales,9,4,Life Sciences,1,1062,Male,4,Sales Executive,Single,43270,8.0,Y,13,8,0,4.0,4,0,0,0,No
10.506587460954723,7,3,3,1.0,1.0,3.0,38,Travel_Frequently,Sales,2,4,Life Sciences,1,321,Female,2,Research Scientist,Single,23680,6.0,Y,11,8,1,17.0,3,15,4,12,No
5.869509147701667,22,2,3,4.0,4.0,3.0,34,Travel_Rarely,Research & Development,26,3,Medical,1,1675,Male,1,Laboratory Technician,Single,52370,1.0,Y,19,8,1,10.0,3,10,5,7,No
6.602747657295834,7,2,3,4.0,3.0,2.0,34,Travel_Rarely,Research & Development,19,3,Technical Degree,1,4068,Female,1,Research Director,Divorced,33390,1.0,Y,16,8,0,9.0,2,8,1,1,No
8.253846497099444,19,3,3,3.0,3.0,3.0,43,Travel_Rarely,Sales,27,4,Life Sciences,1,1609,Male,2,Sales Representative,Divorced,39770,4.0,Y,18,8,1,8.0,3,5,0,2,No
6.346373270861111,21,3,3,3.0,3.0,3.0,32,Travel_Rarely,Research & Development,20,3,Medical,1,2852,Female,1,Manufacturing Director,Single,45810,3.0,Y,14,8,1,8.0,3,5,1,4,No
5.991240517625833,8,3,3,2.0,1.0,3.0,44,Travel_Rarely,Research & Development,18,4,Life Sciences,1,532,Female,2,Sales Executive,Married,21190,9.0,Y,15,8,0,24.0,3,20,3,6,Yes
6.844675368139167,10,2,4,3.0,4.0,2.0,23,Travel_Rarely,Research & Development,20,4,Life Sciences,1,3028,Male,1,Manufacturing Director,Divorced,53990,1.0,Y,23,8,0,4.0,2,4,0,2,No
7.069422132976111,4,3,3,2.0,1.0,4.0,27,Travel_Rarely,Human Resources,11,4,Medical,1,2230,Male,4,Sales Executive,Married,66320,0.0,Y,16,8,0,6.0,3,5,1,4,No
7.827511155733889,20,3,3,4.0,2.0,2.0,22,Travel_Rarely,Research & Development,1,3,Life Sciences,1,4359,Female,4,Healthcare Representative,Divorced,129360,1.0,Y,11,8,2,4.0,3,4,2,2,No
7.649196787148333,17,3,3,3.0,1.0,3.0,21,Travel_Rarely,Sales,10,5,Medical,1,2649,Male,3,Research Scientist,Single,66870,1.0,Y,19,8,3,2.0,0,2,1,2,No
8.600741856313888,14,3,4,1.0,4.0,2.0,34,Non-Travel,Research & Development,7,3,Life Sciences,1,121,Male,1,Sales Representative,Single,56170,8.0,Y,25,8,1,9.0,3,5,0,4,Yes
8.603617804551389,19,4,3,1.0,3.0,3.0,35,Travel_Rarely,Sales,12,2,Life Sciences,1,3806,Female,2,Sales Executive,Single,23180,3.0,Y,19,8,0,10.0,4,5,0,4,No
6.048819723337778,8,2,3,3.0,3.0,2.0,28,Travel_Rarely,Research & Development,19,4,Medical,1,3281,Female,2,Sales Executive,Single,32040,6.0,Y,16,8,1,5.0,4,2,2,1,Yes
9.853332217759721,6,3,3,3.0,1.0,3.0,37,Travel_Rarely,Human Resources,9,3,Human Resources,1,4253,Male,2,Healthcare Representative,Divorced,54840,4.0,Y,17,8,0,7.0,4,3,0,2,Yes
5.572168674698611,18,3,3,3.0,2.0,1.0,23,Travel_Rarely,Sales,6,4,Life Sciences,1,3921,Male,3,Manufacturing Director,Single,103220,1.0,Y,14,8,2,3.0,2,3,1,2,No
7.357174252565556,14,3,4,1.0,3.0,2.0,24,Travel_Rarely,Sales,6,2,Marketing,1,1309,Male,2,Research Scientist,Married,40870,0.0,Y,20,8,3,4.0,1,3,0,2,No
6.434057340472778,21,3,3,3.0,3.0,3.0,34,Travel_Frequently,Sales,24,4,Marketing,1,2842,Male,2,Manufacturing Director,Married,164130,6.0,Y,16,8,0,6.0,1,4,1,2,No
6.466500446229166,23,4,3,2.0,3.0,3.0,27,Travel_Rarely,Sales,2,3,Life Sciences,1,2541,Female,5,Research Scientist,Married,45410,1.0,Y,14,8,2,9.0,4,9,5,8,No
8.090905845604444,4,3,3,1.0,4.0,3.0,33,Travel_Frequently,Sales,29,4,Life Sciences,1,2738,Female,1,Human Resources,Single,31800,1.0,Y,14,8,1,15.0,2,15,8,12,No
6.059203480588889,9,3,3,2.0,4.0,3.0,29,Travel_Frequently,Sales,15,4,Medical,1,2910,Female,1,Sales Executive,Married,49680,1.0,Y,19,8,3,11.0,4,11,4,1,No
6.827049308344445,5,4,4,3.0,2.0,3.0,38,Travel_Rarely,Sales,14,2,Marketing,1,2332,Female,1,Sales Executive,Married,41710,0.0,Y,23,8,0,10.0,4,9,7,7,No
10.187155287817777,12,2,3,2.0,2.0,3.0,36,Travel_Rarely,Research & Development,8,3,Life Sciences,1,254,Male,2,Research Scientist,Divorced,59150,2.0,Y,13,8,1,13.0,3,3,0,2,No
7.3315785363675,12,2,4,3.0,2.0,4.0,31,Travel_Frequently,Research & Development,10,1,Life Sciences,1,2942,Female,1,Research Scientist,Single,41890,0.0,Y,23,8,1,6.0,3,5,1,4,Yes
5.521642124051667,24,2,3,2.0,2.0,3.0,27,Travel_Rarely,Research & Development,11,2,Medical,1,1552,Male,1,Manager,Married,43930,1.0,Y,18,8,1,8.0,2,8,0,7,No
6.630863453815,16,3,3,2.0,3.0,2.0,34,Travel_Rarely,Sales,1,1,Marketing,1,3517,Female,2,Laboratory Technician,Married,24760,1.0,Y,19,8,0,6.0,2,6,1,3,No
9.766398929049444,19,3,3,4.0,1.0,3.0,58,Travel_Rarely,Sales,22,3,Life Sciences,1,3692,Female,2,Laboratory Technician,Married,24500,3.0,Y,12,8,1,32.0,2,9,1,5,No
7.509177822400556,12,3,3,4.0,4.0,3.0,27,Travel_Rarely,Sales,2,3,Life Sciences,1,4076,Female,1,Manager,Single,39040,1.0,Y,15,8,0,7.0,2,7,0,7,No
5.513164881749167,20,2,3,1.0,3.0,3.0,22,Travel_Rarely,Research & Development,2,2,Medical,1,3181,Female,2,Laboratory Technician,Married,195450,0.0,Y,14,8,0,3.0,3,2,2,2,No
6.0183924587236115,10,4,3,4.0,4.0,2.0,39,Non-Travel,Research & Development,3,4,Life Sciences,1,4120,Female,2,Research Director,Single,47240,2.0,Y,12,8,1,21.0,4,6,1,3,No
5.773892235608889,14,2,3,4.0,2.0,2.0,30,Travel_Rarely,Human Resources,20,4,Life Sciences,1,4095,Male,2,Research Scientist,Married,46610,1.0,Y,11,8,0,12.0,3,12,1,7,No
5.798219544845833,12,2,3,3.0,1.0,2.0,41,Travel_Rarely,Sales,29,3,Life Sciences,1,2925,Female,2,Laboratory Technician,Divorced,52940,2.0,Y,15,8,0,17.0,3,1,0,0,No
6.704921909861667,13,4,3,4.0,2.0,3.0,35,Travel_Rarely,Research & Development,1,3,Life Sciences,1,3330,Male,3,Healthcare Representative,Married,167920,3.0,Y,12,8,1,16.0,3,13,4,8,No
9.546104417670556,12,3,3,2.0,4.0,2.0,37,Travel_Frequently,Sales,9,1,Marketing,1,2977,Male,1,Laboratory Technician,Married,15140,1.0,Y,14,8,0,4.0,3,4,1,2,No
5.5529651941097224,22,2,3,2.0,2.0,3.0,37,Travel_Rarely,Research & Development,17,3,Life Sciences,1,4200,Female,3,Sales Executive,Married,20640,4.0,Y,16,8,0,8.0,3,1,0,0,No
7.7364647478802775,6,2,4,2.0,1.0,3.0,36,Travel_Rarely,Research & Development,23,3,Life Sciences,1,2386,Female,3,Sales Executive,Married,21320,4.0,Y,20,8,0,9.0,1,3,0,2,No
7.498476126728889,6,3,3,2.0,4.0,2.0,30,Travel_Rarely,Sales,12,4,Life Sciences,1,2551,Female,2,Sales Executive,Single,49500,1.0,Y,12,8,2,1.0,3,1,0,0,Yes
6.477823516287223,4,3,3,4.0,4.0,3.0,45,Non-Travel,Research & Development,2,3,Medical,1,2901,Female,2,Research Scientist,Single,103680,6.0,Y,12,8,2,23.0,2,19,12,8,No
6.085384872824444,14,3,3,3.0,3.0,3.0,22,Travel_Frequently,Research & Development,7,3,Medical,1,1656,Female,2,Laboratory Technician,Single,37850,5.0,Y,13,8,2,4.0,2,2,1,2,Yes
9.546750334671945,6,4,3,3.0,1.0,4.0,31,Non-Travel,Sales,23,1,Medical,1,2595,Male,1,Sales Executive,Divorced,38670,1.0,Y,11,8,1,4.0,4,4,2,3,No
7.361492637215278,14,4,3,1.0,2.0,3.0,41,Travel_Rarely,Research & Development,13,4,Life Sciences,1,1188,Female,1,Healthcare Representative,Married,109200,0.0,Y,15,8,1,21.0,3,20,0,10,No
6.259046184738889,13,2,3,2.0,,3.0,41,Travel_Rarely,Research & Development,7,3,Technical Degree,1,3086,Female,3,Research Scientist,Married,27820,1.0,Y,14,8,0,10.0,2,10,0,7,No
9.972300312360277,15,3,3,2.0,4.0,4.0,45,Travel_Rarely,Research & Development,1,2,Life Sciences,1,780,Female,1,Research Scientist,Married,184300,4.0,Y,12,8,1,10.0,5,3,1,2,No
7.613454930834444,9,4,4,3.0,2.0,3.0,46,Travel_Rarely,Research & Development,4,4,Medical,1,4016,Female,2,Sales Representative,Married,27430,5.0,Y,25,8,1,14.0,1,8,0,7,Yes
7.6063933511825,21,2,4,3.0,4.0,3.0,31,Travel_Rarely,Sales,9,4,Life Sciences,1,4041,Female,1,Sales Executive,Divorced,161240,2.0,Y,23,8,1,8.0,2,5,1,4,No
6.728365684961944,6,3,3,1.0,3.0,2.0,32,Travel_Frequently,Sales,1,1,Marketing,1,3909,Male,2,Laboratory Technician,Married,88580,6.0,Y,16,8,1,10.0,2,5,1,3,No
5.694348505131389,16,3,3,3.0,4.0,3.0,39,Travel_Frequently,Research & Development,19,4,Medical,1,3009,Female,1,Research Scientist,Married,20620,1.0,Y,13,8,0,21.0,4,21,13,3,No
6.684812583667778,7,3,3,4.0,4.0,2.0,29,Travel_Rarely,Research & Development,3,3,Technical Degree,1,2118,Female,2,Healthcare Representative,Divorced,48050,3.0,Y,16,8,1,9.0,2,7,1,7,No
5.579464524765555,17,3,3,3.0,1.0,3.0,46,Travel_Rarely,Research & Development,2,3,Life Sciences,1,3544,Male,2,Research Scientist,Married,165550,8.0,Y,14,8,2,28.0,4,26,15,9,No
9.752160865684722,4,3,3,1.0,2.0,3.0,45,Travel_Rarely,Human Resources,12,3,Human Resources,1,2126,Male,2,Laboratory Technician,Single,43060,2.0,Y,11,8,2,26.0,3,24,1,11,Yes
5.9937059348502775,12,2,3,3.0,3.0,2.0,45,Non-Travel,Sales,2,3,Life Sciences,1,964,Female,2,Manufacturing Director,Married,83960,3.0,Y,15,8,2,25.0,3,23,14,4,No
6.5595470771975,9,3,3,3.0,3.0,1.0,47,Travel_Frequently,Research & Development,1,3,Medical,1,3906,Female,2,Sales Executive,Married,196270,7.0,Y,11,8,2,25.0,1,23,14,10,Yes
6.709049531459167,19,3,4,4.0,2.0,2.0,37,Travel_Rarely,Research & Development,1,3,Life Sciences,1,510,Male,1,Laboratory Technician,Single,170680,3.0,Y,23,8,0,8.0,6,4,0,1,No
9.251898705934723,9,3,3,3.0,3.0,2.0,35,Travel_Rarely,Research & Development,6,4,Medical,1,1942,Female,1,Manufacturing Director,Divorced,119960,1.0,Y,19,8,2,16.0,3,16,10,1,No
7.580101517179722,21,1,3,1.0,1.0,2.0,33,Travel_Rarely,Research & Development,10,3,Life Sciences,1,998,Male,1,Sales Executive,Single,43020,2.0,Y,13,8,0,11.0,3,0,0,0,Yes
8.949595046853888,15,3,3,3.0,3.0,3.0,30,Non-Travel,Research & Development,2,4,Other,1,3614,Male,1,Research Scientist,Single,20960,7.0,Y,11,8,3,10.0,2,8,1,7,No
5.900523203926666,20,2,3,1.0,2.0,3.0,27,Travel_Rarely,Sales,5,4,Medical,1,4157,Female,4,Manufacturing Director,Married,44000,9.0,Y,17,8,1,6.0,3,2,2,2,No
6.268158188308611,16,3,3,4.0,3.0,2.0,48,Travel_Rarely,Research & Development,1,4,Medical,1,1891,Male,1,Research Scientist,Married,21770,4.0,Y,18,8,0,13.0,4,0,0,0,No
6.050731816153333,18,2,3,3.0,3.0,4.0,38,Travel_Rarely,Research & Development,1,3,Medical,1,2039,Female,1,Human Resources,Married,38160,1.0,Y,13,8,2,7.0,2,7,5,0,No
6.526227130745,6,3,3,4.0,3.0,3.0,23,Travel_Rarely,Research & Development,7,2,Life Sciences,1,3810,Female,3,Manager,Married,105520,2.0,Y,11,8,0,4.0,2,2,2,2,No
5.920782016956666,9,3,3,1.0,2.0,3.0,34,Travel_Rarely,Sales,24,3,Marketing,1,4175,Male,4,Research Scientist,Single,27420,0.0,Y,11,8,1,13.0,2,12,2,11,No
5.5270716198125,19,2,3,2.0,3.0,4.0,28,Non-Travel,Sales,9,4,Medical,1,2780,Male,2,Laboratory Technician,Married,23670,1.0,Y,13,8,0,5.0,2,5,0,4,No
6.458268630075834,5,3,3,3.0,2.0,3.0,36,Travel_Rarely,Research & Development,2,3,Life Sciences,1,3282,Male,2,Healthcare Representative,Married,27200,4.0,Y,14,8,1,8.0,3,5,0,4,No
9.779120928156944,8,4,3,4.0,3.0,3.0,27,Travel_Rarely,Research & Development,13,2,Medical,1,3003,Female,4,Research Director,Single,28560,1.0,Y,12,8,2,5.0,5,5,0,4,No
10.339428826416666,4,3,3,2.0,3.0,3.0,34,Travel_Rarely,Sales,25,5,Marketing,1,3770,Female,1,Research Scientist,Married,41940,0.0,Y,17,8,2,12.0,3,11,5,7,No
9.46033132530111,16,2,3,1.0,2.0,3.0,26,Travel_Rarely,Research & Development,4,3,Medical,1,1501,Male,3,Research Scientist,Divorced,68540,2.0,Y,11,8,0,5.0,5,3,0,2,Yes
5.691867469879444,16,4,3,4.0,3.0,3.0,45,Travel_Rarely,Sales,24,3,Life Sciences,1,2667,Male,1,Laboratory Technician,Single,36290,8.0,Y,16,8,1,8.0,2,5,0,1,No
7.531957831325278,14,3,4,4.0,2.0,3.0,29,Travel_Rarely,Research & Development,1,2,Medical,1,1072,Male,3,Sales Executive,Married,26780,1.0,Y,25,8,1,1.0,3,1,0,0,No
5.894838241856111,20,4,3,4.0,4.0,4.0,43,Travel_Rarely,Research & Development,7,2,Medical,1,2139,Female,1,Laboratory Technician,Single,195020,3.0,Y,18,8,2,23.0,3,21,15,17,No
8.171694556001666,18,2,3,3.0,1.0,3.0,35,Travel_Rarely,Human Resources,3,2,Life Sciences,1,4210,Female,1,Laboratory Technician,Married,63880,3.0,Y,13,8,0,4.0,6,2,2,2,No
6.858217313699167,16,3,3,2.0,3.0,3.0,40,Travel_Rarely,Research & Development,15,3,Life Sciences,1,3131,Female,2,Laboratory Technician,Single,25710,7.0,Y,14,8,0,22.0,1,20,5,13,No
6.358370147255555,16,4,3,3.0,1.0,2.0,38,Travel_Rarely,Human Resources,2,4,Medical,1,1703,Male,1,Human Resources,Single,20140,3.0,Y,17,8,1,8.0,5,0,0,0,No
5.711957831325278,11,2,4,1.0,1.0,2.0,54,Travel_Rarely,Human Resources,9,3,Life Sciences,1,1605,Female,2,Manufacturing Director,Married,63230,4.0,Y,23,8,1,24.0,2,4,1,2,No
6.4094277108433335,18,3,3,3.0,3.0,3.0,32,Travel_Rarely,Research & Development,20,3,Medical,1,4322,Female,1,Manufacturing Director,Single,45810,3.0,Y,14,8,1,8.0,3,5,1,4,No
7.260448460508611,15,3,3,4.0,4.0,2.0,36,Non-Travel,Sales,1,1,Medical,1,4130,Female,1,Human Resources,Divorced,132470,1.0,Y,14,8,0,15.0,3,15,11,11,No
10.743467202141666,3,3,3,3.0,4.0,1.0,57,Travel_Rarely,Research & Development,3,3,Life Sciences,1,1376,Male,2,Manufacturing Director,Divorced,20130,3.0,Y,14,8,1,12.0,5,5,1,4,No
7.858526327532222,16,3,4,2.0,3.0,2.0,31,Travel_Rarely,Research & Development,2,4,Technical Degree,1,1337,Female,3,Sales Executive,Married,21410,4.0,Y,20,8,0,12.0,2,7,7,7,Yes
6.897623828647777,14,3,3,2.0,1.0,3.0,31,Non-Travel,Research & Development,8,4,Life Sciences,1,1206,Female,4,Sales Executive,Single,147320,0.0,Y,12,8,0,10.0,3,9,1,7,No
10.24745872378389,10,3,3,3.0,3.0,3.0,28,Travel_Frequently,Sales,6,4,Life Sciences,1,3510,Male,1,Manager,Divorced,52530,1.0,Y,15,8,0,3.0,2,3,0,2,No
8.201532797858055,12,3,3,3.0,1.0,2.0,31,Travel_Rarely,Research & Development,21,3,Life Sciences,1,3578,Male,2,Laboratory Technician,Married,99800,1.0,Y,12,8,0,6.0,1,6,0,1,No
9.680381526104167,11,1,3,2.0,1.0,,37,Travel_Rarely,Research & Development,7,3,Life Sciences,1,1408,Female,1,Research Scientist,Married,29290,1.0,Y,12,8,0,8.0,2,8,1,7,No
6.0074709950913885,11,2,3,3.0,2.0,1.0,39,Travel_Rarely,Sales,2,4,Marketing,1,1764,Female,4,Healthcare Representative,Married,138720,9.0,Y,12,8,3,12.0,3,8,3,6,No
5.838710397143889,21,4,3,3.0,4.0,2.0,55,Travel_Rarely,Human Resources,16,3,Technical Degree,1,351,Male,4,Manufacturing Director,Single,43190,4.0,Y,11,8,0,12.0,3,9,7,3,Yes
7.034126506023889,13,3,3,3.0,1.0,4.0,42,Travel_Rarely,Research & Development,7,3,Technical Degree,1,4040,Female,2,Sales Executive,Married,182650,9.0,Y,12,8,1,18.0,4,13,5,7,No
6.117572512271111,15,3,4,2.0,1.0,2.0,35,Travel_Frequently,Research & Development,15,3,Medical,1,4209,Male,3,Manufacturing Director,Married,65490,1.0,Y,20,8,0,9.0,3,9,1,8,No
7.56177264614,14,1,3,1.0,2.0,4.0,31,Travel_Rarely,Sales,20,3,Technical Degree,1,3699,Male,1,Research Scientist,Single,61800,1.0,Y,14,8,1,1.0,2,1,0,0,Yes
7.124434404283611,12,3,3,4.0,4.0,2.0,32,Travel_Rarely,Sales,4,3,Marketing,1,769,Male,1,Research Scientist,Married,53260,4.0,Y,14,8,1,7.0,2,4,0,3,No
6.9619265952697225,21,4,3,4.0,1.0,3.0,34,Travel_Frequently,Sales,2,1,Marketing,1,758,Female,5,Manager,Divorced,26860,5.0,Y,11,8,0,10.0,3,4,1,3,No
6.063931280678055,20,3,3,4.0,4.0,3.0,45,Non-Travel,Research & Development,2,3,Medical,1,1431,Female,2,Research Scientist,Single,103680,6.0,Y,12,8,2,23.0,2,19,12,8,No
6.610898036590555,7,2,3,3.0,3.0,1.0,35,Travel_Rarely,Research & Development,6,3,Life Sciences,1,578,Female,3,Laboratory Technician,Single,31020,1.0,Y,13,8,1,6.0,3,5,1,4,No
8.230750780901111,13,3,3,3.0,4.0,3.0,55,Travel_Rarely,Sales,26,3,Marketing,1,122,Male,1,Laboratory Technician,Single,104480,2.0,Y,13,8,0,30.0,3,5,1,2,No
5.964618473895555,18,3,3,1.0,4.0,3.0,28,Travel_Rarely,Sales,24,5,Life Sciences,1,1872,Female,1,Research Scientist,Single,23280,1.0,Y,11,8,2,4.0,3,4,0,2,No
7.906682284694167,6,3,3,2.0,4.0,1.0,59,Travel_Rarely,Research & Development,5,3,Life Sciences,1,1971,Male,2,Research Scientist,Married,56740,3.0,Y,12,8,0,14.0,6,6,0,4,No
5.741458054439722,19,3,4,4.0,4.0,2.0,46,Travel_Rarely,Sales,9,1,Medical,1,620,Female,1,Sales Executive,Divorced,141180,2.0,Y,22,8,0,12.0,3,6,1,4,No
5.705474118696944,20,4,3,4.0,2.0,1.0,35,Travel_Rarely,Research & Development,23,4,Life Sciences,1,824,Male,2,Research Scientist,Single,63340,1.0,Y,14,8,0,11.0,2,11,3,3,No
8.462916108879723,9,3,4,2.0,4.0,2.0,44,Travel_Rarely,Research & Development,10,3,Technical Degree,1,2353,Male,3,Manager,Divorced,25190,0.0,Y,21,8,2,23.0,2,22,1,10,No
6.0646541722444445,10,2,3,4.0,3.0,1.0,54,Travel_Frequently,Research & Development,9,2,Medical,1,633,Male,2,Sales Representative,Divorced,29830,7.0,Y,14,8,1,33.0,2,5,1,4,No
6.355066934404166,17,3,4,4.0,2.0,4.0,34,Travel_Rarely,Research & Development,18,1,Medical,1,267,Male,1,Healthcare Representative,Single,27030,1.0,Y,21,8,1,9.0,2,8,7,7,No
10.5806659973225,5,1,3,4.0,3.0,3.0,49,Travel_Rarely,Sales,21,1,Life Sciences,1,1686,Male,1,Sales Executive,Divorced,40110,1.0,Y,18,8,2,31.0,2,31,0,9,No
7.830817715305556,6,2,3,4.0,2.0,3.0,33,Travel_Frequently,Sales,9,3,Medical,1,3485,Female,2,Research Scientist,Married,46490,0.0,Y,12,8,0,4.0,2,3,0,2,No
5.7278313253011115,11,3,3,3.0,2.0,4.0,42,Travel_Frequently,Sales,2,2,Marketing,1,1508,Male,3,Research Director,Married,29560,5.0,Y,13,8,0,23.0,2,20,4,8,No
7.449124274877223,8,2,3,3.0,2.0,2.0,35,Travel_Rarely,Sales,20,2,Life Sciences,1,2980,Male,1,Laboratory Technician,Married,51540,0.0,Y,19,8,0,12.0,2,11,6,9,No
6.294146586345278,12,3,3,4.0,4.0,4.0,42,Travel_Frequently,Research & Development,18,4,Technical Degree,1,1626,Male,4,Sales Executive,Married,132060,0.0,Y,13,8,2,7.0,2,6,0,4,No
6.677523427041389,16,3,3,3.0,4.0,2.0,56,Travel_Rarely,Research & Development,2,4,Medical,1,295,Male,1,Manager,Married,20420,7.0,Y,12,8,0,30.0,6,10,1,1,No
9.893810798750556,19,2,3,1.0,4.0,2.0,28,Travel_Rarely,Research & Development,9,4,Medical,1,1536,Male,1,Sales Executive,Married,56730,5.0,Y,14,8,1,5.0,4,3,2,2,Yes
6.933509593931111,5,2,3,2.0,2.0,3.0,51,Travel_Frequently,Research & Development,20,3,Medical,1,2200,Male,2,Sales Executive,Married,148140,2.0,Y,11,8,1,14.0,2,4,3,2,No
6.410177376171111,10,3,3,3.0,1.0,3.0,30,Non-Travel,Research & Development,2,4,Life Sciences,1,1636,Female,3,Research Scientist,Married,51310,0.0,Y,15,8,1,10.0,2,9,7,8,No
6.584944221329722,3,3,3,1.0,3.0,2.0,28,Travel_Rarely,Human Resources,1,1,Human Resources,1,536,Male,2,Research Scientist,Divorced,63470,1.0,Y,15,8,1,4.0,2,4,2,2,No
7.803924587237778,17,3,3,3.0,3.0,3.0,43,Travel_Frequently,Research & Development,1,4,Other,1,2475,Male,3,Sales Executive,Married,76550,9.0,Y,12,8,1,6.0,3,1,0,0,Yes
6.523755020080277,20,3,3,4.0,4.0,3.0,43,Travel_Frequently,Research & Development,26,1,Life Sciences,1,3231,Male,1,Laboratory Technician,Married,135490,3.0,Y,11,8,2,7.0,3,2,2,2,No
9.346302989736667,15,3,4,3.0,3.0,3.0,42,Travel_Frequently,Research & Development,10,1,Life Sciences,1,3230,Female,1,Sales Executive,Divorced,50100,6.0,Y,21,8,3,7.0,3,2,2,2,Yes
7.340033467201945,6,3,4,1.0,4.0,3.0,26,Travel_Rarely,Research & Development,1,4,Life Sciences,1,586,Male,2,Sales Representative,Married,143360,1.0,Y,21,8,1,8.0,3,8,0,7,No
9.868277554663056,3,1,3,2.0,2.0,2.0,58,Travel_Rarely,Sales,3,3,Marketing,1,1370,Female,1,Research Scientist,Married,52060,4.0,Y,11,8,3,9.0,4,1,0,0,No
6.868564257028056,19,2,4,3.0,4.0,4.0,32,Travel_Rarely,Research & Development,7,3,Life Sciences,1,2288,Female,3,Laboratory Technician,Single,44030,2.0,Y,20,8,0,10.0,3,5,0,0,No
6.685159526996666,5,2,3,2.0,2.0,3.0,32,Travel_Frequently,Research & Development,12,5,Medical,1,3324,Male,1,Research Scientist,Married,95470,1.0,Y,13,8,1,10.0,3,10,5,3,No
8.065640339134166,4,3,4,3.0,1.0,3.0,31,Non-Travel,Research & Development,28,4,Medical,1,3392,Male,2,Research Scientist,Single,25930,0.0,Y,21,8,0,4.0,2,3,1,2,Yes
6.309892904953055,15,1,3,2.0,3.0,2.0,40,Travel_Frequently,Research & Development,2,4,Medical,1,580,Male,4,Human Resources,Single,75960,9.0,Y,11,8,0,20.0,0,18,2,13,No
7.366678937973889,8,4,3,4.0,3.0,3.0,34,Travel_Rarely,Sales,8,2,Life Sciences,1,1645,Male,1,Laboratory Technician,Divorced,24390,3.0,Y,11,8,2,14.0,2,7,5,7,No
7.423177153056667,6,4,3,4.0,1.0,3.0,34,Travel_Frequently,Sales,2,1,Marketing,1,3698,Female,5,Manager,Divorced,26860,5.0,Y,11,8,0,10.0,3,4,1,3,No
6.791153502900277,11,3,3,1.0,4.0,3.0,36,Travel_Frequently,Research & Development,6,3,Life Sciences,1,102,Female,2,Research Scientist,Married,47710,4.0,Y,13,8,1,16.0,2,13,1,12,No
7.618041053101111,12,2,3,3.0,4.0,3.0,28,Non-Travel,Research & Development,1,3,Medical,1,3627,Male,5,Sales Executive,Married,56790,0.0,Y,13,8,0,10.0,2,9,7,5,No
7.290853413654444,17,3,3,3.0,2.0,3.0,41,Non-Travel,Sales,6,3,Life Sciences,1,694,Female,1,Research Director,Single,27730,1.0,Y,11,8,0,19.0,3,19,11,9,No
5.663000892458611,21,3,3,4.0,4.0,3.0,38,Travel_Frequently,Research & Development,25,3,Medical,1,2744,Male,2,Manufacturing Director,Single,163280,1.0,Y,17,8,3,10.0,2,10,9,9,No
7.212363900044444,16,3,3,4.0,4.0,4.0,29,Travel_Frequently,Research & Development,6,2,Medical,1,4001,Male,1,Human Resources,Married,41150,1.0,Y,11,8,0,11.0,1,11,3,10,No
10.903669120928056,2,3,3,1.0,4.0,2.0,44,Travel_Rarely,Research & Development,22,3,Medical,1,1844,Female,1,Laboratory Technician,Married,104530,2.0,Y,11,8,1,10.0,2,3,0,2,No
10.353177153056667,7,3,3,4.0,1.0,3.0,41,Travel_Rarely,Research & Development,1,4,Medical,1,3369,Male,1,Research Scientist,Single,195170,2.0,Y,13,8,0,20.0,5,18,2,17,No
6.9901952253455555,20,3,3,3.0,1.0,2.0,28,Travel_Frequently,Sales,1,3,Marketing,1,3751,Male,2,Laboratory Technician,Single,17060,7.0,Y,12,8,0,8.0,3,0,0,0,Yes
8.529081883087779,18,3,3,4.0,4.0,2.0,30,Travel_Rarely,Sales,18,3,Life Sciences,1,2763,Male,4,Human Resources,Married,22960,1.0,Y,18,8,1,10.0,2,10,3,0,No
6.9941577420791665,19,2,3,4.0,2.0,3.0,51,Travel_Rarely,Research & Development,2,3,Life Sciences,1,1512,Male,2,Laboratory Technician,Divorced,56750,5.0,Y,13,8,0,13.0,2,4,1,2,No
5.671324185631389,13,3,3,1.0,1.0,3.0,36,Non-Travel,Research & Development,10,4,Technical Degree,1,1754,Female,2,Research Scientist,Married,41520,9.0,Y,19,8,1,10.0,3,8,0,5,No
6.200130522088333,22,3,3,2.0,3.0,2.0,29,Travel_Rarely,Research & Development,2,3,Life Sciences,1,1720,Female,1,Healthcare Representative,Married,41570,1.0,Y,17,8,3,6.0,2,6,1,2,No
8.42718429272639,13,3,3,4.0,4.0,3.0,27,Travel_Frequently,Sales,4,3,Technical Degree,1,3204,Male,5,Laboratory Technician,Divorced,21940,1.0,Y,12,8,0,6.0,5,6,0,4,No
6.8069745649261115,9,3,3,2.0,4.0,2.0,29,Travel_Frequently,Research & Development,16,4,Medical,1,1495,Male,1,Laboratory Technician,Single,65130,1.0,Y,11,8,1,10.0,2,10,0,9,No
7.1040551093261115,9,3,3,3.0,4.0,3.0,59,Travel_Rarely,Research & Development,3,4,Technical Degree,1,640,Male,1,Research Scientist,Single,40510,5.0,Y,16,8,3,13.0,3,6,0,5,No
5.686749219098611,21,3,3,1.0,4.0,2.0,48,Non-Travel,Sales,2,1,Life Sciences,1,547,Male,2,Sales Executive,Single,23700,2.0,Y,11,8,0,27.0,3,5,2,1,No
7.0851729138775,17,2,3,2.0,3.0,2.0,57,Travel_Rarely,Sales,2,1,Life Sciences,1,2266,Male,3,Research Scientist,Married,61620,0.0,Y,14,8,0,13.0,5,12,2,8,No
6.013019857206389,17,3,3,1.0,2.0,3.0,27,Travel_Frequently,Sales,8,1,Life Sciences,1,2592,Male,4,Laboratory Technician,Married,102310,1.0,Y,13,8,1,1.0,2,1,0,0,Yes
7.277184292726389,13,3,4,4.0,1.0,2.0,27,Travel_Frequently,Research & Development,16,4,Medical,1,2547,Male,3,Healthcare Representative,Married,49980,0.0,Y,20,8,2,8.0,3,7,7,3,No
7.868588799642778,4,1,3,1.0,3.0,3.0,23,Travel_Rarely,Research & Development,23,1,Life Sciences,1,1778,Female,2,Research Scientist,Single,173280,1.0,Y,17,8,1,2.0,2,2,0,2,No
6.138874386434445,21,4,4,1.0,3.0,4.0,44,Travel_Rarely,Sales,29,4,Marketing,1,236,Male,2,Sales Executive,Single,19510,4.0,Y,22,8,3,10.0,4,2,0,2,No
6.7724051762605555,21,3,3,2.0,1.0,3.0,30,Travel_Rarely,Research & Development,1,3,Other,1,2319,Male,3,Sales Executive,Married,179240,1.0,Y,13,8,2,10.0,2,10,6,7,Yes
7.812166443551944,15,3,3,4.0,4.0,1.0,31,Travel_Rarely,Research & Development,1,4,Life Sciences,1,1903,Male,4,Research Director,Married,190680,0.0,Y,12,8,0,10.0,1,9,8,5,No
7.580697233377777,7,2,4,4.0,3.0,4.0,40,Travel_Frequently,Research & Development,21,3,Medical,1,4092,Female,3,Research Scientist,Married,197170,1.0,Y,21,8,0,10.0,1,10,9,4,No
6.533760597947222,13,3,3,3.0,2.0,3.0,49,Travel_Rarely,Research & Development,7,3,Technical Degree,1,797,Female,2,Sales Executive,Divorced,50940,3.0,Y,15,8,0,29.0,5,8,0,7,No
7.233622266845,7,3,3,3.0,4.0,3.0,59,Travel_Rarely,Research & Development,3,4,Technical Degree,1,2110,Male,1,Research Scientist,Single,40510,5.0,Y,16,8,3,13.0,3,6,0,5,No
7.748006470325556,7,3,3,4.0,4.0,3.0,47,Travel_Rarely,Sales,18,4,Medical,1,462,Female,2,Research Scientist,Single,55820,1.0,Y,16,8,0,9.0,3,9,0,7,No
6.709837126282777,18,3,3,2.0,4.0,2.0,36,Non-Travel,Research & Development,3,4,Medical,1,1655,Male,1,Research Scientist,Single,40250,1.0,Y,11,8,0,10.0,3,10,9,7,No
6.180004462293611,22,3,3,3.0,4.0,2.0,33,Travel_Rarely,Research & Development,2,4,Life Sciences,1,4399,Female,1,Sales Executive,Married,27660,1.0,Y,12,8,1,2.0,2,2,0,2,No
6.203979250334444,22,3,3,3.0,4.0,4.0,32,Travel_Rarely,Research & Development,10,4,Other,1,678,Female,1,Sales Executive,Married,42330,1.0,Y,11,8,0,10.0,5,10,0,8,No
6.319837126282778,14,4,3,2.0,3.0,2.0,59,Travel_Rarely,Research & Development,4,4,Technical Degree,1,2915,Male,1,Healthcare Representative,Married,27600,8.0,Y,11,8,0,7.0,3,2,2,2,No
8.142954038375555,19,1,3,3.0,4.0,3.0,35,Travel_Rarely,Research & Development,5,3,Life Sciences,1,1135,Male,2,Sales Representative,Married,48830,1.0,Y,18,8,1,10.0,1,10,0,9,No
9.140747434181112,12,3,3,4.0,3.0,4.0,38,Travel_Rarely,Research & Development,2,4,Life Sciences,1,3844,Female,3,Sales Executive,Married,50790,3.0,Y,11,8,0,10.0,3,5,0,2,No
9.36237505577861,11,2,3,4.0,2.0,3.0,29,Travel_Rarely,Research & Development,1,3,Medical,1,2672,Male,3,Sales Executive,Married,42840,4.0,Y,11,8,0,10.0,5,4,0,3,No
8.189085229808056,16,1,4,3.0,4.0,1.0,26,Travel_Rarely,Sales,1,3,Marketing,1,206,Female,2,Manufacturing Director,Single,24260,1.0,Y,22,8,0,1.0,3,1,0,0,Yes
7.894093038821945,6,1,3,3.0,3.0,3.0,41,Travel_Rarely,Research & Development,17,2,Other,1,2816,Male,1,Manufacturing Director,Divorced,52080,3.0,Y,11,8,3,12.0,2,9,0,7,No
6.37344042838,18,3,4,4.0,2.0,2.0,53,Travel_Rarely,Research & Development,2,4,Technical Degree,1,3726,Male,2,Manager,Single,116910,4.0,Y,20,8,0,35.0,2,9,8,8,No
5.975911423471389,9,3,4,4.0,4.0,2.0,46,Travel_Rarely,Sales,9,1,Medical,1,2090,Female,1,Sales Executive,Divorced,141180,2.0,Y,22,8,0,12.0,3,6,1,4,No
6.033902275769722,6,3,3,3.0,2.0,3.0,36,Travel_Rarely,Sales,5,3,Technical Degree,1,34,Male,3,Sales Executive,Single,54050,4.0,Y,14,8,0,10.0,2,8,7,7,No
6.2590751896472225,20,3,3,2.0,2.0,3.0,29,Travel_Rarely,Sales,4,3,Marketing,1,992,Male,5,Research Scientist,Single,36910,1.0,Y,13,8,0,2.0,3,2,2,2,Yes
10.09004796965639,14,3,3,4.0,3.0,3.0,55,Travel_Rarely,Sales,20,3,Marketing,1,808,Male,2,Research Scientist,Married,47790,0.0,Y,14,8,1,4.0,6,3,1,2,No
7.868530789825833,4,2,3,3.0,1.0,3.0,23,Travel_Rarely,Sales,2,3,Medical,1,1798,Female,4,Manufacturing Director,Married,45590,1.0,Y,18,8,1,1.0,2,0,0,0,Yes
6.0184426595269445,7,3,3,1.0,3.0,3.0,31,Travel_Rarely,Human Resources,9,4,Human Resources,1,1000,Male,2,Laboratory Technician,Married,168850,2.0,Y,14,8,2,10.0,2,1,0,0,Yes
5.820603525211944,7,3,3,1.0,3.0,2.0,36,Travel_Rarely,Research & Development,2,2,Technical Degree,1,2412,Male,3,Sales Executive,Married,199730,6.0,Y,12,8,0,10.0,2,3,0,2,No
7.410050200803056,7,2,4,4.0,4.0,3.0,48,Travel_Rarely,Research & Development,2,1,Life Sciences,1,712,Male,2,Research Scientist,Single,28190,1.0,Y,20,8,0,11.0,2,10,0,8,No
9.084291610887778,8,3,3,3.0,4.0,3.0,37,Travel_Rarely,Research & Development,1,3,Life Sciences,1,1175,Female,4,Sales Executive,Married,54290,1.0,Y,17,8,1,16.0,3,16,6,8,No
6.5877409638552775,12,3,3,4.0,1.0,3.0,31,Travel_Frequently,Research & Development,25,5,Technical Degree,1,1132,Female,2,Human Resources,Married,180610,1.0,Y,14,8,1,10.0,2,10,8,7,No
8.507339357429444,10,3,3,3.0,4.0,3.0,34,Travel_Frequently,Research & Development,9,4,Life Sciences,1,4051,Female,2,Manufacturing Director,Married,26250,1.0,Y,12,8,3,16.0,4,15,6,11,No
9.970621374386388,15,3,3,2.0,4.0,4.0,45,Travel_Rarely,Research & Development,1,2,Life Sciences,1,3720,Female,1,Research Scientist,Married,184300,4.0,Y,12,8,1,10.0,5,3,1,2,No
6.066555109326111,20,3,3,4.0,4.0,3.0,35,Travel_Frequently,Research & Development,9,2,Other,1,563,Female,1,Manufacturing Director,Divorced,104960,1.0,Y,13,8,1,5.0,2,5,0,2,No
9.072401829540278,4,3,3,3.0,4.0,3.0,23,Travel_Rarely,Research & Development,12,2,Medical,1,956,Male,2,Research Scientist,Divorced,75250,1.0,Y,14,8,2,3.0,2,3,0,2,Yes
7.503563141454444,8,3,4,3.0,4.0,4.0,37,Non-Travel,Sales,24,2,Life Sciences,1,4257,Male,1,Research Scientist,Divorced,68150,5.0,Y,20,8,1,17.0,3,1,0,0,No
10.379452253458055,5,2,4,4.0,4.0,3.0,37,Travel_Rarely,Research & Development,7,4,Life Sciences,1,2008,Male,4,Sales Executive,Divorced,71430,2.0,Y,21,8,0,8.0,6,1,0,0,No
5.849790272199722,10,3,3,3.0,1.0,3.0,24,Travel_Rarely,Sales,10,2,Marketing,1,3780,Male,1,Manufacturing Director,Divorced,23560,0.0,Y,13,8,0,2.0,5,1,0,0,No
9.653927933957778,17,2,3,2.0,1.0,3.0,30,Travel_Rarely,Research & Development,6,4,Medical,1,2161,Female,1,Sales Executive,Married,30410,1.0,Y,11,8,1,9.0,2,9,0,8,No
7.222269076305,14,3,4,2.0,3.0,1.0,18,Non-Travel,Research & Development,2,3,Life Sciences,1,1054,Male,3,Sales Representative,Single,186060,1.0,Y,24,8,2,0.0,4,0,0,0,No
6.583152610441667,7,3,3,1.0,2.0,3.0,50,Travel_Frequently,Sales,2,2,Marketing,1,1690,Male,1,Sales Executive,Married,29600,1.0,Y,14,8,3,32.0,2,32,10,7,No
9.537365015617778,2,2,3,1.0,2.0,2.0,50,Travel_Frequently,Research & Development,3,4,Medical,1,2789,Male,4,Research Scientist,Married,61420,3.0,Y,13,8,2,28.0,3,8,0,7,No
6.4663743864344445,5,3,3,2.0,2.0,2.0,58,Non-Travel,Research & Development,2,4,Medical,1,2514,Male,1,Laboratory Technician,Divorced,23760,4.0,Y,12,8,1,37.0,3,16,14,14,No
7.427713074520278,18,3,3,1.0,4.0,3.0,37,Travel_Rarely,Research & Development,2,2,Medical,1,832,Male,1,Research Scientist,Married,20220,1.0,Y,12,8,0,10.0,1,10,3,7,No
6.382447568049722,19,3,3,4.0,4.0,3.0,35,Travel_Rarely,Research & Development,8,4,Medical,1,1262,Female,3,Research Scientist,Married,38380,1.0,Y,16,8,1,1.0,2,1,0,1,No
6.703101294065,11,3,3,2.0,2.0,1.0,32,Travel_Frequently,Research & Development,17,4,Other,1,2943,Male,4,Sales Executive,Married,193280,1.0,Y,15,8,3,5.0,2,5,0,3,No
7.602842481035,7,4,3,2.0,4.0,2.0,42,Travel_Frequently,Research & Development,9,4,Medical,1,327,Male,1,Manufacturing Director,Divorced,92080,1.0,Y,15,8,1,24.0,2,24,14,9,No
7.538845381525833,6,3,3,3.0,4.0,3.0,43,Travel_Frequently,Research & Development,7,4,Medical,1,1528,Male,4,Research Scientist,Single,24390,0.0,Y,15,8,0,9.0,2,8,1,7,No
10.339568273092222,10,3,4,2.0,4.0,3.0,19,Travel_Rarely,Sales,2,4,Marketing,1,3592,Male,3,Laboratory Technician,Single,115570,1.0,Y,22,8,0,1.0,0,1,0,1,No
6.033017626059722,13,2,3,3.0,3.0,4.0,40,Non-Travel,Sales,3,2,Life Sciences,1,2242,Male,1,Sales Executive,Divorced,43420,3.0,Y,11,8,1,11.0,6,8,0,7,No
5.564355198571945,19,3,3,3.0,3.0,4.0,40,Travel_Rarely,Research & Development,1,1,Life Sciences,1,3497,Male,1,Healthcare Representative,Single,22130,1.0,Y,17,8,0,21.0,4,20,4,9,No
7.539396474787778,18,3,3,1.0,4.0,3.0,32,Travel_Rarely,Research & Development,21,3,Other,1,4213,Male,2,Sales Executive,Married,23620,1.0,Y,11,8,0,9.0,2,9,7,8,No
6.472447568049723,11,1,3,4.0,1.0,1.0,29,Travel_Rarely,Research & Development,6,3,Life Sciences,1,3519,Male,1,Sales Executive,Married,22440,1.0,Y,12,8,3,11.0,5,11,3,10,Yes
8.670331325301111,4,3,4,2.0,4.0,2.0,44,Travel_Rarely,Research & Development,10,3,Technical Degree,1,3823,Male,3,Manager,Divorced,25190,0.0,Y,21,8,2,23.0,2,22,1,10,No
7.419226907630278,6,3,3,3.0,4.0,3.0,29,Travel_Frequently,Research & Development,29,1,Life Sciences,1,3380,Male,1,Sales Representative,Married,192020,1.0,Y,12,8,0,3.0,5,3,0,2,No
9.293517402945,10,2,3,3.0,3.0,2.0,42,Non-Travel,Research & Development,4,3,Life Sciences,1,697,Male,2,Laboratory Technician,Married,20830,0.0,Y,12,8,2,21.0,3,20,2,10,No
6.917856983489444,19,3,3,1.0,2.0,3.0,37,Non-Travel,Research & Development,7,2,Medical,1,1680,Male,1,Sales Executive,Divorced,20280,1.0,Y,16,8,1,9.0,3,9,7,7,No
6.883691432396111,7,2,3,3.0,2.0,3.0,32,Non-Travel,Sales,18,3,Marketing,1,425,Male,1,Laboratory Technician,Married,23890,6.0,Y,12,8,1,5.0,4,3,0,2,No
5.737131860776389,15,2,3,2.0,3.0,3.0,47,Travel_Rarely,Sales,2,2,Life Sciences,1,4004,Female,5,Manager,Single,31960,4.0,Y,14,8,1,7.0,3,2,2,0,No
10.072574743418055,5,3,4,2.0,4.0,1.0,31,Travel_Frequently,Research & Development,7,4,Life Sciences,1,3719,Male,1,Laboratory Technician,Married,65000,6.0,Y,23,8,1,7.0,5,2,2,2,Yes
7.714944221329723,6,3,4,4.0,4.0,4.0,18,Non-Travel,Research & Development,1,4,Medical,1,2185,Male,2,Sales Executive,Single,27200,1.0,Y,22,8,1,0.0,2,0,0,0,No
7.138586568496111,11,3,4,2.0,4.0,3.0,29,Travel_Rarely,Research & Development,26,1,Life Sciences,1,595,Male,1,Laboratory Technician,Married,22180,1.0,Y,24,8,1,10.0,1,10,0,8,No
9.501503792949444,2,3,3,4.0,4.0,3.0,49,Non-Travel,Research & Development,23,1,Other,1,4354,Female,2,Sales Executive,Divorced,92410,1.0,Y,19,8,1,7.0,5,7,1,7,No
7.546491521641944,14,4,3,3.0,1.0,3.0,41,Travel_Rarely,Research & Development,10,4,Medical,1,2831,Male,4,Research Scientist,Married,57430,2.0,Y,12,8,3,7.0,2,5,1,4,No
7.740951584114167,8,2,3,2.0,4.0,3.0,42,Travel_Frequently,Sales,13,4,Life Sciences,1,3315,Female,2,Laboratory Technician,Single,22880,5.0,Y,16,8,1,8.0,4,2,2,2,No
7.350047969656389,5,3,3,4.0,1.0,1.0,27,Travel_Rarely,Research & Development,10,3,Life Sciences,1,297,Female,1,Laboratory Technician,Single,29560,8.0,Y,13,8,0,9.0,6,7,0,7,No
7.207096162427222,19,4,4,3.0,2.0,3.0,53,Travel_Frequently,Sales,8,2,Medical,1,1973,Male,2,Research Scientist,Married,120610,2.0,Y,20,8,1,30.0,2,15,6,12,No
7.206867469879445,13,2,4,2.0,1.0,3.0,35,Travel_Rarely,Research & Development,2,3,Medical,1,3833,Female,2,Sales Executive,Married,21570,1.0,Y,25,8,0,16.0,1,16,1,10,No
8.030913654618333,19,2,3,4.0,2.0,3.0,26,Travel_Rarely,Human Resources,2,1,Technical Degree,1,1040,Female,3,Sales Executive,Married,65780,0.0,Y,15,8,2,6.0,3,5,1,4,Yes
6.015138331101944,15,3,3,1.0,3.0,3.0,34,Non-Travel,Sales,1,2,Life Sciences,1,720,Male,2,Research Scientist,Divorced,86210,1.0,Y,17,8,1,5.0,1,5,0,0,No
5.618691432396111,23,3,3,2.0,4.0,4.0,55,Travel_Rarely,Research & Development,2,3,Life Sciences,1,2549,Female,1,Human Resources,Married,27810,8.0,Y,13,8,1,19.0,2,5,0,4,No
5.765491967871389,20,4,4,1.0,4.0,1.0,26,Travel_Rarely,Research & Development,3,2,Medical,1,1631,Female,4,Healthcare Representative,Divorced,24360,1.0,Y,24,8,0,3.0,2,3,0,2,No
5.675971664435278,13,2,3,1.0,3.0,3.0,26,Travel_Rarely,Research & Development,9,4,Medical,1,3143,Male,3,Healthcare Representative,Divorced,26930,5.0,Y,17,8,3,8.0,3,0,0,0,No
5.900696117804444,12,3,3,3.0,2.0,3.0,36,Travel_Rarely,Sales,5,3,Technical Degree,1,2974,Male,3,Sales Executive,Single,54050,4.0,Y,14,8,0,10.0,2,8,7,7,No
5.964742302543334,5,3,3,2.0,4.0,3.0,43,Travel_Rarely,Sales,16,2,Marketing,1,3952,Female,1,Laboratory Technician,Single,67820,0.0,Y,16,8,1,10.0,2,9,1,8,No
8.8573058902275,12,2,3,2.0,3.0,2.0,26,Travel_Rarely,Research & Development,26,2,Life Sciences,1,4032,Male,2,Human Resources,Married,68120,1.0,Y,13,8,0,1.0,2,1,1,0,No
5.909178937973889,12,3,3,1.0,4.0,3.0,45,Non-Travel,Research & Development,9,2,Medical,1,2877,Female,1,Sales Executive,Married,95250,9.0,Y,19,8,0,22.0,3,20,11,8,No
5.542759928603056,22,3,3,4.0,4.0,2.0,31,Travel_Rarely,Sales,10,2,Life Sciences,1,2741,Female,2,Research Scientist,Divorced,112440,3.0,Y,12,8,1,10.0,3,7,1,7,No
7.0027030343594445,10,3,3,3.0,1.0,2.0,49,Travel_Rarely,Research & Development,1,4,Life Sciences,1,890,Male,3,Healthcare Representative,Married,69490,1.0,Y,14,8,1,10.0,2,9,1,4,No
6.573371262828889,4,3,3,1.0,3.0,1.0,39,Travel_Frequently,Research & Development,2,3,Technical Degree,1,3842,Female,2,Manager,Single,131940,0.0,Y,11,8,0,10.0,2,9,3,8,No
6.003904506916389,15,2,3,4.0,3.0,3.0,38,Travel_Rarely,Research & Development,8,2,Life Sciences,1,2485,Female,2,Sales Executive,Married,32010,1.0,Y,11,8,1,5.0,3,5,0,4,No
10.178039937527778,16,3,4,1.0,4.0,4.0,29,Travel_Rarely,Research & Development,9,4,Medical,1,2655,Male,2,Sales Representative,Married,29960,9.0,Y,25,8,0,4.0,4,2,2,2,Yes
6.614176706827222,18,4,3,3.0,3.0,2.0,31,Travel_Frequently,Sales,10,3,Technical Degree,1,574,Female,1,Research Director,Married,53040,1.0,Y,17,8,0,2.0,3,2,2,2,Yes
6.757469879518055,7,3,3,1.0,4.0,3.0,37,Travel_Frequently,Sales,2,3,Marketing,1,1439,Female,2,Laboratory Technician,Divorced,97560,4.0,Y,19,8,0,13.0,2,9,5,8,No
6.830069165550833,13,3,3,2.0,4.0,3.0,36,Travel_Rarely,Research & Development,2,3,Life Sciences,1,4227,Male,2,Sales Representative,Married,43200,,Y,17,8,0,5.0,2,1,0,0,No
7.643144801427778,14,3,3,2.0,4.0,3.0,41,Travel_Rarely,Research & Development,4,2,Medical,1,3513,Male,2,Research Scientist,Married,25430,3.0,Y,12,8,0,6.0,3,1,0,0,No
9.0162672913875,12,3,3,2.0,2.0,2.0,40,Non-Travel,Research & Development,2,4,Life Sciences,1,449,Male,1,Human Resources,Single,65450,4.0,Y,15,8,0,22.0,2,1,0,0,Yes
7.5121932173136114,15,2,3,2.0,2.0,3.0,37,Travel_Rarely,Research & Development,24,1,Life Sciences,1,3959,Male,2,Sales Executive,Married,32910,1.0,Y,16,8,3,5.0,2,5,0,3,No
6.564164435519722,12,3,3,4.0,2.0,2.0,28,Travel_Rarely,Human Resources,1,3,Human Resources,1,552,Female,4,Laboratory Technician,Divorced,67810,0.0,Y,15,8,1,10.0,2,9,1,7,No
9.75745872378389,5,3,4,3.0,3.0,3.0,42,Travel_Frequently,Research & Development,10,1,Life Sciences,1,1760,Female,1,Sales Executive,Divorced,50100,6.0,Y,21,8,3,7.0,3,2,2,2,Yes
7.0865763052208335,8,2,3,4.0,4.0,3.0,32,Travel_Rarely,Research & Development,8,1,Medical,1,4077,Female,2,Research Scientist,Single,46270,8.0,Y,17,8,1,8.0,2,1,0,0,No
10.4885296742525,12,3,3,1.0,4.0,3.0,37,Non-Travel,Research & Development,1,3,Medical,1,1488,Male,2,Sales Executive,Divorced,41270,2.0,Y,13,8,1,15.0,2,5,0,2,No
7.1828547523425,7,2,3,1.0,4.0,3.0,31,Travel_Rarely,Research & Development,28,4,Technical Degree,1,934,Female,2,Sales Executive,Married,127420,1.0,Y,11,8,0,10.0,4,10,0,2,No
6.362724230254167,13,3,4,3.0,2.0,3.0,49,Travel_Frequently,Sales,1,4,Life Sciences,1,1214,Female,2,Manufacturing Director,Married,58100,1.0,Y,21,8,1,10.0,2,10,1,7,No
9.22570169567139,7,3,3,4.0,3.0,3.0,50,Travel_Rarely,Research & Development,1,3,Technical Degree,1,1934,Female,2,Sales Executive,Married,134960,3.0,Y,18,8,1,22.0,3,12,1,5,No
7.204306113342223,6,3,3,4.0,2.0,3.0,51,Travel_Rarely,Human Resources,4,2,Human Resources,1,2872,Male,2,Sales Representative,Single,25700,3.0,Y,18,8,0,21.0,2,7,1,0,No
7.742282463185833,13,3,3,1.0,4.0,4.0,35,Travel_Frequently,Research & Development,13,3,Life Sciences,1,2428,Male,3,Sales Executive,Single,20420,0.0,Y,16,8,0,6.0,2,5,1,4,No
5.799204596162222,19,3,3,1.0,3.0,3.0,39,Non-Travel,Research & Development,8,5,Medical,1,2579,Female,2,Sales Representative,Married,188240,6.0,Y,19,8,1,10.0,4,3,1,2,No
6.234501338688055,21,3,3,1.0,1.0,3.0,40,Travel_Rarely,Research & Development,3,3,Other,1,2561,Male,1,Sales Executive,Divorced,68330,2.0,Y,13,8,0,22.0,3,19,11,16,No
9.325049085229722,17,3,3,2.0,3.0,3.0,47,Travel_Frequently,Research & Development,4,3,Life Sciences,1,309,Male,1,Research Director,Single,27740,4.0,Y,13,8,1,,2,5,1,3,Yes
7.023702588130278,6,3,3,4.0,4.0,3.0,52,Non-Travel,Research & Development,1,4,Life Sciences,1,3253,Male,5,Sales Executive,Married,97380,0.0,Y,18,8,2,5.0,2,4,1,2,No
8.8195225345825,14,1,3,1.0,3.0,3.0,48,Travel_Rarely,Research & Development,2,4,Technical Degree,1,4203,Female,1,Sales Executive,Single,45910,9.0,Y,16,8,0,23.0,6,1,0,0,Yes
5.848132530120278,22,2,3,4.0,1.0,3.0,34,Travel_Rarely,Research & Development,26,3,Other,1,4400,Female,1,Sales Executive,Married,190380,6.0,Y,13,8,0,13.0,3,11,5,9,No
10.713065595716111,6,2,3,4.0,3.0,1.0,44,Travel_Frequently,Research & Development,1,2,Medical,1,29,Male,2,Research Scientist,Divorced,103330,3.0,Y,14,8,1,19.0,2,1,0,0,Yes
5.918919009370556,11,2,3,2.0,1.0,3.0,34,Travel_Rarely,Research & Development,20,3,Medical,1,303,Female,3,Laboratory Technician,Divorced,57440,3.0,Y,19,8,1,7.0,4,0,0,0,No
7.5263688085675,5,3,4,3.0,3.0,3.0,28,Travel_Rarely,Research & Development,10,3,Life Sciences,1,1881,Female,3,Manager,Divorced,135910,5.0,Y,20,8,1,6.0,2,2,2,2,No
7.227138554216666,6,2,3,2.0,3.0,3.0,25,Travel_Rarely,Research & Development,2,3,Life Sciences,1,1691,Male,1,Research Scientist,Married,190940,1.0,Y,16,8,0,7.0,3,7,0,6,No
7.71734605087,14,3,3,1.0,3.0,3.0,34,Travel_Frequently,Human Resources,4,4,Life Sciences,1,4264,Female,5,Sales Executive,Single,55620,1.0,Y,15,8,0,9.0,3,9,0,6,Yes
6.519868362338055,10,1,3,4.0,1.0,1.0,29,Travel_Rarely,Research & Development,6,3,Life Sciences,1,579,Male,1,Sales Executive,Married,22440,1.0,Y,12,8,3,11.0,5,11,3,10,Yes
5.949879518072223,18,3,3,3.0,2.0,4.0,31,Travel_Rarely,Research & Development,7,3,Life Sciences,1,3117,Male,2,Research Director,Divorced,53430,1.0,Y,14,8,1,13.0,3,13,0,8,No
5.756520526550555,15,2,3,2.0,2.0,3.0,27,Travel_Rarely,Research & Development,11,2,Medical,1,3022,Male,1,Manager,Married,43930,1.0,Y,18,8,1,8.0,2,8,0,7,No
8.236645470771945,8,2,4,2.0,3.0,4.0,33,Travel_Rarely,Research & Development,10,3,Life Sciences,1,1648,Female,4,Research Director,Married,67280,7.0,Y,22,8,0,15.0,2,7,7,7,Yes
6.948222891566111,19,3,3,1.0,3.0,3.0,37,Travel_Rarely,Research & Development,20,5,Life Sciences,1,744,Male,2,Manager,Single,68040,4.0,Y,13,8,1,8.0,1,3,0,2,No
5.665644801427778,21,3,3,4.0,3.0,3.0,27,Travel_Frequently,Research & Development,18,2,Medical,1,2895,Female,1,Laboratory Technician,Single,65160,1.0,Y,19,8,1,7.0,4,7,0,7,No
7.3470626952252776,14,2,3,1.0,4.0,2.0,35,Travel_Rarely,Research & Development,5,4,Medical,1,3263,Male,3,Manager,Married,16750,1.0,Y,16,8,0,3.0,6,3,0,2,No
7.788277554663056,6,3,3,1.0,3.0,3.0,48,Travel_Rarely,Human Resources,2,4,Medical,1,478,Male,2,Sales Executive,Single,45540,2.0,Y,11,8,2,19.0,3,2,2,2,No
6.0935854529227775,8,2,3,3.0,2.0,1.0,39,Travel_Rarely,Sales,2,4,Marketing,1,294,Female,4,Healthcare Representative,Married,138720,9.0,Y,12,8,3,12.0,3,8,3,6,No
10.224202365015556,4,4,3,1.0,4.0,3.0,53,Travel_Rarely,Sales,6,3,Marketing,1,367,Male,4,Sales Executive,Married,23250,7.0,Y,18,8,1,35.0,1,5,0,4,No
6.8593674698794445,8,3,3,1.0,3.0,3.0,30,Travel_Rarely,Sales,26,3,Marketing,1,3979,Female,2,Manager,Single,44200,9.0,Y,11,8,0,9.0,3,7,0,2,No
5.690745203034167,15,3,3,1.0,4.0,3.0,33,Travel_Rarely,Sales,26,2,Marketing,1,626,Male,1,Research Scientist,Married,42300,0.0,Y,12,8,0,15.0,0,14,4,10,No
7.258120258812777,20,3,4,3.0,1.0,3.0,34,Travel_Rarely,Sales,9,2,Medical,1,2799,Male,2,Healthcare Representative,Single,48760,2.0,Y,21,8,1,14.0,3,11,5,8,No
7.304530343596389,13,3,3,3.0,3.0,3.0,30,Travel_Rarely,Research & Development,7,2,Life Sciences,1,2057,Female,1,Manufacturing Director,Married,34480,1.0,Y,11,8,0,10.0,3,10,1,4,No
5.476419009370556,21,2,4,4.0,4.0,3.0,45,Travel_Rarely,Sales,3,3,Life Sciences,1,2305,Male,3,Laboratory Technician,Married,35800,4.0,Y,20,8,1,8.0,1,5,0,3,No
6.869940874609444,5,3,3,4.0,4.0,3.0,45,Travel_Rarely,Research & Development,26,1,Medical,1,3396,Female,3,Healthcare Representative,Divorced,27940,3.0,Y,19,8,1,8.0,2,5,0,2,No
6.820216421240278,19,3,3,4.0,3.0,3.0,34,Travel_Rarely,Sales,1,3,Medical,1,1189,Female,1,Laboratory Technician,Married,62320,1.0,Y,13,8,1,8.0,3,8,1,7,No
7.562763275323333,13,3,3,4.0,1.0,3.0,32,Travel_Rarely,Research & Development,10,1,Medical,1,2945,Male,1,Sales Executive,Single,23420,4.0,Y,12,8,2,9.0,2,6,0,4,No
7.392468763944445,17,3,3,4.0,3.0,3.0,33,Non-Travel,Sales,15,3,Other,1,453,Male,4,Research Director,Single,194360,1.0,Y,19,8,2,10.0,4,10,6,0,No
7.507018072288889,9,2,3,4.0,1.0,3.0,50,Travel_Rarely,Research & Development,2,2,Medical,1,920,Male,3,Sales Executive,Divorced,43770,5.0,Y,12,8,1,19.0,2,14,1,11,No
6.070282240071389,14,2,3,4.0,1.0,3.0,34,Travel_Rarely,Research & Development,26,3,Other,1,1460,Female,1,Sales Executive,Married,190380,6.0,Y,13,8,0,13.0,3,11,5,9,No
7.085691655510833,7,3,3,1.0,1.0,3.0,45,Travel_Frequently,Research & Development,3,1,Medical,1,1524,Female,1,Sales Executive,Divorced,35400,1.0,Y,13,8,0,24.0,6,24,9,11,No
7.001870816599722,19,2,3,2.0,3.0,2.0,57,Travel_Rarely,Sales,2,1,Life Sciences,1,796,Male,3,Research Scientist,Married,61620,0.0,Y,14,8,0,13.0,5,12,2,8,No
8.55430834448889,20,3,3,4.0,1.0,3.0,55,Travel_Rarely,Research & Development,14,4,Life Sciences,1,13,Female,1,Sales Executive,Single,55380,0.0,Y,17,8,0,37.0,2,36,4,13,No
7.6049453369030555,12,3,3,1.0,4.0,3.0,37,Travel_Rarely,Research & Development,2,2,Medical,1,3772,Male,1,Research Scientist,Married,20220,1.0,Y,12,8,0,10.0,1,10,3,7,No
7.595769745649167,4,3,3,4.0,3.0,4.0,26,Travel_Rarely,Research & Development,9,1,Medical,1,967,Male,1,Sales Executive,Married,106860,1.0,Y,14,8,1,3.0,2,3,0,2,No
6.322074966532778,7,3,3,4.0,4.0,2.0,31,Travel_Frequently,Sales,3,3,Marketing,1,2452,Male,2,Sales Executive,Single,46210,2.0,Y,18,8,1,9.0,3,5,1,4,No
6.4741387773313885,18,3,3,3.0,1.0,3.0,26,Travel_Frequently,Sales,14,3,Life Sciences,1,3065,Male,2,Manager,Single,75100,0.0,Y,18,8,3,7.0,3,6,0,4,Yes
6.515317938420278,20,4,3,3.0,4.0,3.0,50,Travel_Frequently,Research & Development,19,4,Life Sciences,1,2814,Male,2,Sales Executive,Single,53770,4.0,Y,14,8,1,16.0,3,2,2,1,No
7.459205711735556,15,3,3,4.0,2.0,3.0,24,Travel_Rarely,Sales,7,4,Life Sciences,1,3524,Female,1,Laboratory Technician,Single,25760,8.0,Y,17,8,3,6.0,3,4,1,2,No
6.2280756358766665,14,2,3,3.0,1.0,3.0,33,Travel_Frequently,Sales,9,2,Marketing,1,2722,Male,4,Human Resources,Married,29090,2.0,Y,11,8,0,10.0,2,5,1,3,No
7.6651160196338886,13,2,3,4.0,2.0,3.0,40,Travel_Frequently,Sales,1,3,Marketing,1,1904,Male,1,Research Scientist,Divorced,39310,8.0,Y,19,8,0,3.0,2,1,0,0,No
6.965973895582223,12,1,3,4.0,4.0,3.0,35,Travel_Rarely,Sales,1,2,Life Sciences,1,447,Female,2,Healthcare Representative,Divorced,109380,6.0,Y,14,8,2,12.0,2,10,0,8,No
6.7284303882194445,17,2,3,4.0,4.0,3.0,38,Non-Travel,Research & Development,2,5,Life Sciences,1,2944,Male,3,Human Resources,Married,83210,3.0,Y,11,8,3,13.0,5,8,7,5,No
8.344431057563334,4,3,3,3.0,3.0,3.0,49,Travel_Rarely,Human Resources,6,2,Life Sciences,1,3864,Female,2,Research Scientist,Married,107390,2.0,Y,11,8,3,30.0,3,15,2,12,No
6.399077420794167,8,3,3,3.0,4.0,3.0,31,Travel_Frequently,Research & Development,7,3,Life Sciences,1,2031,Male,1,Sales Executive,Married,52580,0.0,Y,14,8,3,3.0,5,2,2,2,No
6.408226238286389,17,3,3,3.0,,1.0,34,Travel_Rarely,Sales,2,5,Life Sciences,1,3296,Male,4,Research Scientist,Married,23230,0.0,Y,17,8,0,4.0,2,3,0,2,No
7.814656403391111,6,2,3,1.0,3.0,3.0,27,Non-Travel,Sales,11,3,Technical Degree,1,529,Female,2,Laboratory Technician,Married,99850,1.0,Y,14,8,1,3.0,3,3,1,2,No
7.441053101293889,11,3,3,2.0,3.0,3.0,45,Travel_Frequently,Research & Development,8,4,Life Sciences,1,1105,Female,2,Manager,Single,29940,4.0,Y,18,8,1,12.0,2,4,0,3,No
5.645577867023611,19,3,3,4.0,2.0,2.0,34,Travel_Rarely,Research & Development,9,2,Medical,1,3710,Male,1,Sales Executive,Married,32800,5.0,Y,13,8,0,7.0,3,5,0,2,No
7.210163989290278,7,2,3,1.0,4.0,3.0,31,Travel_Rarely,Research & Development,28,4,Technical Degree,1,2404,Female,2,Sales Executive,Married,127420,1.0,Y,11,8,0,10.0,4,10,0,2,No
7.260892458723611,18,3,4,2.0,2.0,3.0,36,Non-Travel,Research & Development,5,4,Life Sciences,1,2988,Male,1,Sales Executive,Married,85780,7.0,Y,21,8,0,11.0,4,9,0,8,No
7.470652610441666,8,3,4,1.0,3.0,3.0,25,Travel_Rarely,Research & Development,25,2,Life Sciences,1,2938,Male,2,Sales Executive,Married,37020,0.0,Y,20,8,0,5.0,4,4,1,2,No
6.058787371708889,18,3,3,2.0,3.0,3.0,24,Travel_Rarely,Research & Development,2,1,Life Sciences,1,2796,Male,2,Laboratory Technician,Married,34070,0.0,Y,13,8,1,6.0,4,5,1,2,No
6.062321508255,21,3,3,3.0,2.0,3.0,36,Travel_Rarely,Research & Development,2,3,Life Sciences,1,342,Male,2,Healthcare Representative,Married,27200,4.0,Y,14,8,1,8.0,3,5,0,4,No
6.8838933511825,18,3,3,3.0,4.0,2.0,51,Travel_Rarely,Sales,6,2,Life Sciences,1,2941,Female,1,Healthcare Representative,Married,131160,1.0,Y,11,8,0,1.0,6,1,0,0,No
7.08067826863,5,2,3,3.0,1.0,2.0,49,Travel_Rarely,Research & Development,2,3,Life Sciences,1,4282,Female,1,Sales Executive,Married,47240,1.0,Y,11,8,1,16.0,3,15,5,11,No
5.562127398482778,19,2,3,4.0,3.0,3.0,47,Travel_Rarely,Research & Development,25,4,Medical,1,3837,Male,2,Research Scientist,Married,148520,3.0,Y,19,8,3,27.0,3,5,1,0,No
6.259136546184722,20,3,3,3.0,2.0,3.0,31,Travel_Frequently,Sales,2,3,Medical,1,3716,Male,2,Sales Executive,Single,25720,1.0,Y,13,8,3,10.0,3,10,4,7,Yes
5.562757697456389,22,3,3,4.0,2.0,2.0,34,Travel_Rarely,Research & Development,9,2,Medical,1,770,Male,1,Sales Executive,Married,32800,5.0,Y,13,8,0,7.0,3,5,0,2,No
5.7356905399375,22,3,3,2.0,4.0,3.0,28,Travel_Rarely,Research & Development,21,4,Life Sciences,1,372,Female,1,Healthcare Representative,Divorced,25000,1.0,Y,16,8,2,6.0,3,5,0,4,No
6.640215305666945,14,3,3,3.0,1.0,3.0,28,Travel_Frequently,Research & Development,9,3,Life Sciences,1,2283,Female,2,Sales Executive,Single,59330,0.0,Y,11,8,0,5.0,3,4,1,3,No
8.34445894689861,4,3,4,4.0,4.0,2.0,47,Travel_Rarely,Research & Development,2,3,Life Sciences,1,1878,Male,2,Manufacturing Director,Single,99810,1.0,Y,21,8,1,3.0,3,3,1,2,No
10.441577420794166,13,3,3,4.0,2.0,2.0,51,Travel_Frequently,Research & Development,14,3,Life Sciences,1,3601,Male,2,Research Director,Divorced,105270,4.0,Y,14,8,0,31.0,3,29,11,10,No
8.824550423917778,10,2,3,4.0,2.0,3.0,30,Travel_Rarely,Sales,9,3,Marketing,1,2099,Female,1,Research Scientist,Married,90710,0.0,Y,19,8,1,12.0,2,11,5,7,No
8.864603971441111,12,4,3,1.0,3.0,3.0,35,Travel_Rarely,Sales,12,2,Life Sciences,1,2336,Female,2,Sales Executive,Single,23180,3.0,Y,19,8,0,10.0,4,5,0,4,No
7.3489491298525,15,2,3,2.0,3.0,3.0,34,Non-Travel,Research & Development,7,2,Technical Degree,1,1259,Female,1,Research Scientist,Single,86200,0.0,Y,13,8,1,10.0,2,9,8,7,No
7.054612896028333,20,1,3,4.0,4.0,3.0,41,Travel_Rarely,Sales,2,2,Medical,1,4103,Male,1,Healthcare Representative,Married,23870,3.0,Y,17,8,1,12.0,1,5,1,0,No
6.618965863453611,13,3,4,1.0,4.0,3.0,43,Travel_Frequently,Sales,8,3,Medical,1,3999,Male,1,Research Director,Married,36000,1.0,Y,23,8,0,7.0,2,7,7,7,No
8.608300981704444,16,3,3,1.0,1.0,3.0,36,Travel_Frequently,Sales,21,3,Life Sciences,1,2341,Male,2,Human Resources,Married,23290,3.0,Y,15,8,0,9.0,2,3,0,2,No
6.2988509593930555,8,3,3,4.0,4.0,4.0,39,Travel_Rarely,Human Resources,1,4,Medical,1,4186,Male,1,Sales Executive,Married,36730,3.0,Y,14,8,1,19.0,3,1,0,0,Yes
5.6763409192322225,18,3,3,2.0,3.0,4.0,31,Travel_Rarely,Sales,1,3,Life Sciences,1,1888,Female,1,Sales Representative,Married,121850,3.0,Y,14,8,0,13.0,2,7,5,2,No
5.7690506470325,17,2,3,3.0,4.0,4.0,60,Travel_Rarely,Sales,17,4,Medical,1,2422,Male,1,Manager,Divorced,40250,3.0,Y,13,8,1,19.0,5,1,0,0,No
6.515682730923611,10,4,3,3.0,1.0,2.0,26,Travel_Rarely,Research & Development,2,2,Life Sciences,1,4069,Male,2,Research Scientist,Single,20800,0.0,Y,13,8,0,8.0,6,7,7,6,No
7.766144578313056,4,3,3,3.0,4.0,3.0,32,Travel_Rarely,Sales,1,3,Medical,1,1744,Male,2,Sales Executive,Single,136640,3.0,Y,14,8,0,10.0,6,7,7,7,No
6.526740294511111,21,3,3,4.0,1.0,3.0,31,Travel_Rarely,Research & Development,24,1,Medical,1,1612,Male,3,Laboratory Technician,Married,44400,1.0,Y,13,8,1,4.0,2,4,3,2,No
6.197473226238055,8,2,3,3.0,3.0,4.0,40,Non-Travel,Sales,3,2,Life Sciences,1,3712,Male,1,Sales Executive,Divorced,43420,3.0,Y,11,8,1,11.0,6,8,0,7,No
7.7274475680497225,18,3,3,4.0,4.0,1.0,31,Travel_Rarely,Research & Development,1,4,Life Sciences,1,433,Male,4,Research Director,Married,190680,0.0,Y,12,8,0,10.0,1,9,8,5,No
8.499965417224445,6,4,3,1.0,3.0,2.0,55,Travel_Rarely,Research & Development,19,3,Technical Degree,1,718,Male,1,Human Resources,Single,46800,6.0,Y,14,8,3,24.0,0,19,3,8,Yes
9.682610441766945,6,2,3,3.0,2.0,2.0,37,Travel_Rarely,Sales,9,1,Marketing,1,1602,Male,3,Sales Executive,Single,44400,2.0,Y,11,8,1,18.0,3,1,0,1,No
6.551996876394444,10,3,3,3.0,3.0,3.0,30,Travel_Rarely,Research & Development,2,1,Medical,1,1002,Male,1,Sales Representative,Married,104450,3.0,Y,18,8,1,10.0,3,7,1,7,No
10.80961624274861,4,3,4,3.0,1.0,3.0,39,Travel_Rarely,Sales,1,4,Life Sciences,1,57,Male,1,Sales Executive,Married,196650,1.0,Y,22,8,1,21.0,6,21,11,10,No
9.52423136992389,14,3,3,3.0,3.0,4.0,47,Travel_Frequently,Research & Development,7,4,Life Sciences,1,450,Male,3,Sales Executive,Divorced,69310,1.0,Y,11,8,0,20.0,3,19,2,7,No
8.854930834448888,5,2,3,2.0,4.0,3.0,38,Travel_Rarely,Research & Development,8,2,Technical Degree,1,3944,Female,1,Manufacturing Director,Married,25140,3.0,Y,11,8,0,15.0,2,1,1,0,No
6.785610218652222,8,4,3,3.0,3.0,3.0,18,Non-Travel,Research & Development,2,4,Medical,1,3511,Male,3,Laboratory Technician,Single,109650,1.0,Y,18,8,0,0.0,5,0,0,0,Yes
7.134955377063611,13,3,3,4.0,2.0,2.0,27,Travel_Rarely,Sales,15,3,Marketing,1,1404,Male,1,Research Scientist,Single,39860,1.0,Y,12,8,2,7.0,3,7,0,3,No
5.9837304774652775,20,2,3,4.0,3.0,3.0,50,Non-Travel,Human Resources,2,2,Life Sciences,1,1964,Male,1,Laboratory Technician,Married,36880,0.0,Y,11,8,0,19.0,3,18,0,13,No
7.070961624274722,17,2,3,4.0,3.0,3.0,30,Travel_Rarely,Research & Development,10,3,Life Sciences,1,81,Male,2,Research Scientist,Divorced,55070,1.0,Y,12,8,2,10.0,2,10,1,2,No
6.884039491298333,17,3,3,3.0,3.0,3.0,39,Travel_Frequently,Research & Development,22,3,Medical,1,1464,Female,1,Manufacturing Director,Single,129650,0.0,Y,19,8,1,20.0,2,19,11,8,No
6.891761490405833,13,4,3,3.0,1.0,3.0,31,Travel_Rarely,Sales,24,1,Marketing,1,639,Female,1,Sales Executive,Single,38940,1.0,Y,12,8,0,10.0,3,10,1,8,No
8.957001338688055,15,3,3,2.0,3.0,2.0,50,Travel_Rarely,Sales,2,4,Marketing,1,1275,Female,4,Research Scientist,Divorced,83760,5.0,Y,14,8,3,29.0,2,27,13,8,No
6.154141008478334,21,3,3,4.0,1.0,3.0,30,Travel_Rarely,Research & Development,1,3,Medical,1,1358,Female,3,Sales Executive,Divorced,103060,5.0,Y,13,8,0,8.0,5,3,2,2,No
8.934602855867778,12,1,3,3.0,3.0,3.0,50,Travel_Rarely,Research & Development,4,2,Medical,1,2339,Female,1,Laboratory Technician,Married,27990,4.0,Y,12,8,1,27.0,0,1,0,0,No
5.695042391789166,23,2,3,1.0,3.0,1.0,37,Travel_Rarely,Sales,10,4,Marketing,1,438,Female,3,Human Resources,Married,30720,5.0,Y,14,8,0,17.0,3,14,11,7,Yes
5.761372155287778,17,3,3,1.0,3.0,3.0,41,Travel_Rarely,Sales,7,4,Marketing,1,2849,Male,4,Laboratory Technician,Divorced,68420,4.0,Y,12,8,1,13.0,3,9,1,8,No
5.683418116911945,21,2,3,2.0,1.0,2.0,29,Travel_Rarely,Sales,9,3,Life Sciences,1,2218,Male,1,Laboratory Technician,Single,111030,1.0,Y,12,8,0,10.0,5,10,0,9,No
6.77453145917,21,2,3,4.0,1.0,2.0,27,Travel_Frequently,Research & Development,29,1,Life Sciences,1,3220,Male,2,Manufacturing Director,Divorced,43250,1.0,Y,14,8,0,9.0,2,9,1,7,No
6.070396028558611,13,2,3,1.0,2.0,3.0,27,Travel_Rarely,Sales,5,4,Medical,1,1217,Female,4,Manufacturing Director,Married,44000,9.0,Y,17,8,1,6.0,3,2,2,2,No
6.114877286925278,19,3,3,3.0,3.0,3.0,20,Travel_Rarely,Research & Development,18,4,Medical,1,2391,Female,2,Sales Executive,Single,37430,1.0,Y,13,8,1,2.0,2,2,2,2,No
8.22869924141,5,2,3,4.0,4.0,,40,Non-Travel,Research & Development,7,3,Medical,1,2311,Male,1,Research Scientist,Divorced,28000,3.0,Y,12,8,2,8.0,0,2,2,2,No
6.031327532351389,11,3,3,4.0,1.0,3.0,36,Travel_Rarely,Research & Development,2,2,Medical,1,926,Female,2,Healthcare Representative,Divorced,114160,6.0,Y,16,8,0,13.0,2,5,0,4,No
8.8111869701025,8,2,3,2.0,4.0,3.0,33,Travel_Rarely,Sales,3,4,Medical,1,1168,Male,3,Healthcare Representative,Married,16110,0.0,Y,14,8,0,10.0,2,9,8,1,No
7.02755243195,9,2,3,4.0,1.0,2.0,41,Travel_Frequently,Sales,10,2,Medical,1,4300,Female,3,Manufacturing Director,Divorced,79450,4.0,Y,12,8,1,21.0,6,7,7,7,No
6.7039301651047225,17,4,3,4.0,4.0,3.0,48,Travel_Frequently,Research & Development,2,3,Life Sciences,1,4034,Male,2,Research Director,Divorced,197400,3.0,Y,14,8,0,24.0,2,22,4,7,No
5.982658411423333,22,3,3,4.0,2.0,1.0,24,Travel_Rarely,Human Resources,28,4,Human Resources,1,614,Male,3,Manufacturing Director,Married,28860,1.0,Y,19,8,1,1.0,5,1,0,0,Yes
6.6587059348502775,22,1,4,4.0,4.0,3.0,36,Non-Travel,Human Resources,28,3,Human Resources,1,3041,Male,2,Laboratory Technician,Single,24320,4.0,Y,22,8,0,7.0,4,1,0,0,No
5.890782016956667,19,4,3,1.0,1.0,2.0,25,Travel_Rarely,Research & Development,17,3,Medical,1,1831,Male,1,Laboratory Technician,Single,199260,7.0,Y,11,8,3,6.0,5,4,0,1,No
6.069602855867778,18,3,3,3.0,3.0,3.0,48,Travel_Rarely,Sales,3,3,Medical,1,479,Male,1,Research Director,Single,54150,7.0,Y,11,8,1,27.0,1,15,4,8,No
7.668872155287778,10,2,3,3.0,1.0,3.0,36,Travel_Rarely,Sales,3,2,Marketing,1,3565,Male,4,Healthcare Representative,Divorced,178610,2.0,Y,18,8,0,17.0,2,7,7,7,No
5.931504908522777,19,3,4,4.0,4.0,2.0,27,Travel_Frequently,Research & Development,7,3,Life Sciences,1,2383,Male,1,Research Scientist,Single,28110,2.0,Y,20,8,0,6.0,3,4,1,2,No
7.207423025435,14,3,4,3.0,4.0,2.0,39,Travel_Rarely,Sales,5,4,Marketing,1,47,Female,2,Human Resources,Divorced,21050,0.0,Y,20,8,0,19.0,3,18,3,7,No
5.9239982150825,12,3,3,4.0,1.0,3.0,30,Travel_Frequently,Sales,9,3,Life Sciences,1,987,Male,1,Research Director,Single,95820,0.0,Y,12,8,1,10.0,2,9,0,7,No
6.945580098170278,15,3,3,1.0,2.0,3.0,55,Travel_Rarely,Research & Development,1,3,Medical,1,188,Female,1,Sales Executive,Single,120310,3.0,Y,11,8,0,37.0,5,10,7,7,No
6.975477465417222,15,3,3,1.0,3.0,4.0,37,Travel_Rarely,Sales,4,3,Marketing,1,1272,Male,4,Human Resources,Divorced,160320,1.0,Y,13,8,0,7.0,2,7,0,7,No
9.734163319946388,2,4,3,3.0,1.0,4.0,31,Non-Travel,Sales,23,1,Medical,1,1125,Male,1,Sales Executive,Divorced,38670,1.0,Y,11,8,1,4.0,4,4,2,3,No
5.854021642123889,6,3,3,4.0,3.0,2.0,34,Travel_Frequently,Research & Development,25,1,Life Sciences,1,3814,Female,1,Manager,Married,22590,1.0,Y,14,8,0,8.0,2,8,7,7,No
7.052688531905278,6,3,4,2.0,4.0,3.0,31,Travel_Rarely,Research & Development,1,3,Life Sciences,1,2949,Male,3,Laboratory Technician,Married,20440,0.0,Y,21,8,0,10.0,2,9,7,8,No
6.493965863453611,8,3,3,1.0,3.0,2.0,28,Travel_Rarely,Human Resources,1,1,Human Resources,1,2006,Male,2,Research Scientist,Divorced,63470,1.0,Y,15,8,1,4.0,2,4,2,2,No
7.856687862561111,16,3,4,2.0,3.0,2.0,31,Travel_Rarely,Research & Development,2,4,Technical Degree,1,2807,Female,3,Sales Executive,Married,21410,4.0,Y,20,8,0,12.0,2,7,7,7,Yes
5.956996876394444,16,2,3,1.0,4.0,3.0,53,Travel_Rarely,Research & Development,9,3,Life Sciences,1,389,Male,1,Sales Representative,Married,20890,5.0,Y,16,8,0,28.0,2,2,2,2,No
6.737147478803889,16,3,3,1.0,4.0,3.0,39,Travel_Frequently,Sales,1,3,Marketing,1,556,Male,2,Healthcare Representative,Divorced,67550,7.0,Y,14,8,1,21.0,2,18,11,5,Yes
5.984595046853889,10,3,3,4.0,4.0,3.0,38,Travel_Frequently,Research & Development,25,3,Medical,1,4214,Male,2,Manufacturing Director,Single,163280,1.0,Y,17,8,3,10.0,2,10,9,9,No
6.790409415439444,21,3,3,2.0,1.0,3.0,30,Travel_Rarely,Research & Development,1,3,Other,1,3789,Male,3,Sales Executive,Married,179240,1.0,Y,13,8,2,10.0,2,10,6,7,Yes
5.766482597054722,17,3,3,4.0,4.0,4.0,48,Travel_Rarely,Sales,1,1,Marketing,1,2117,Male,2,Manufacturing Director,Single,74060,6.0,Y,14,8,2,25.0,2,1,0,0,No
7.057633868808334,12,3,3,2.0,1.0,2.0,28,Travel_Rarely,Research & Development,23,3,Life Sciences,1,3834,Male,3,Manufacturing Director,Divorced,46010,0.0,Y,15,8,2,6.0,2,5,0,0,No
9.742307005800834,16,3,3,4.0,3.0,2.0,28,Travel_Frequently,Research & Development,2,3,Other,1,3604,Female,1,Manager,Single,55770,0.0,Y,19,8,0,5.0,3,4,0,2,No
6.808343373493889,22,3,3,1.0,3.0,3.0,37,Travel_Rarely,Research & Development,20,5,Life Sciences,1,2214,Male,2,Manager,Single,68040,4.0,Y,13,8,1,8.0,1,3,0,2,No
7.2814457831325,9,2,3,2.0,3.0,2.0,57,Travel_Rarely,Sales,2,1,Life Sciences,1,3736,Male,3,Research Scientist,Married,61620,0.0,Y,14,8,0,13.0,5,12,2,8,No
8.987822400713888,10,3,4,4.0,3.0,2.0,19,Travel_Rarely,Research & Development,5,2,Life Sciences,1,1340,Male,1,Manager,Single,53320,1.0,Y,23,8,1,0.0,2,0,0,0,Yes
6.696197010263056,18,3,4,3.0,1.0,4.0,60,Travel_Frequently,Research & Development,16,3,Life Sciences,1,170,Female,4,Laboratory Technician,Married,23390,4.0,Y,20,8,0,22.0,4,18,13,11,No
7.183232931726667,7,2,3,2.0,1.0,2.0,28,Non-Travel,Research & Development,19,4,Life Sciences,1,1993,Female,4,Laboratory Technician,Single,52380,1.0,Y,17,8,1,10.0,4,10,1,9,Yes
9.533859883980277,11,3,3,2.0,2.0,2.0,52,Travel_Rarely,Research & Development,3,2,Technical Degree,1,690,Male,3,Laboratory Technician,Single,25790,9.0,Y,19,8,1,10.0,1,8,7,7,Yes
5.949748995983889,10,2,3,3.0,4.0,3.0,39,Travel_Frequently,Research & Development,2,1,Medical,1,1035,Male,2,Healthcare Representative,Divorced,51550,2.0,Y,18,8,1,7.0,3,2,2,2,No
7.059258143685834,6,4,3,3.0,1.0,4.0,34,Travel_Rarely,Sales,4,3,Life Sciences,1,2177,Male,2,Research Scientist,Single,88470,1.0,Y,16,8,0,10.0,3,10,9,6,No
9.812481035251944,16,3,3,3.0,3.0,3.0,35,Travel_Rarely,Research & Development,9,3,Life Sciences,1,3607,Male,4,Healthcare Representative,Married,98240,0.0,Y,19,8,0,4.0,2,3,2,2,No
5.6443585452922225,18,4,3,4.0,2.0,2.0,48,Travel_Rarely,Research & Development,1,4,Life Sciences,1,3584,Female,2,Laboratory Technician,Single,132370,5.0,Y,13,8,1,7.0,2,1,0,0,No
7.225216421240278,9,3,4,3.0,4.0,1.0,33,Travel_Frequently,Research & Development,8,3,Technical Degree,1,1722,Male,2,Laboratory Technician,Divorced,90690,3.0,Y,25,8,1,15.0,3,13,4,7,No
7.2879172244533335,18,3,3,3.0,2.0,2.0,38,Travel_Frequently,Research & Development,28,3,Medical,1,2469,Male,1,Healthcare Representative,Married,29790,4.0,Y,12,8,1,9.0,3,6,0,5,No
9.646204819276944,14,3,3,1.0,3.0,3.0,32,Travel_Frequently,Research & Development,9,3,Life Sciences,1,1118,Male,2,Laboratory Technician,Single,191900,3.0,Y,17,8,1,8.0,2,4,0,3,Yes
7.284447791164444,14,3,3,2.0,4.0,2.0,30,Travel_Rarely,Sales,12,4,Life Sciences,1,4021,Female,2,Sales Executive,Single,49500,1.0,Y,12,8,2,1.0,3,1,0,0,Yes
5.851734716644167,6,2,3,4.0,3.0,3.0,53,Travel_Rarely,Research & Development,6,4,Life Sciences,1,601,Male,1,Research Director,Divorced,40310,3.0,Y,12,8,1,26.0,3,7,4,7,No
10.389475680499721,7,2,3,3.0,3.0,3.0,38,Travel_Rarely,Research & Development,6,2,Medical,1,3490,Male,1,Research Scientist,Divorced,47360,0.0,Y,11,8,1,9.0,3,8,2,7,No
6.408486166889722,10,3,4,3.0,2.0,4.0,33,Non-Travel,Sales,7,3,Life Sciences,1,4274,Male,2,Sales Executive,Married,112450,0.0,Y,21,8,0,8.0,3,7,0,7,No
6.022454261490278,6,3,3,4.0,4.0,4.0,48,Travel_Rarely,Sales,1,1,Marketing,1,3587,Male,2,Manufacturing Director,Single,74060,6.0,Y,14,8,2,25.0,2,1,0,0,No
5.77297188755,17,3,3,3.0,3.0,3.0,40,Travel_Rarely,Sales,10,4,Life Sciences,1,4138,Male,1,Research Scientist,Single,93620,2.0,Y,11,8,1,8.0,6,2,2,2,No
7.9085330209727775,20,2,3,4.0,4.0,2.0,29,Travel_Frequently,Research & Development,13,2,Life Sciences,1,2545,Female,1,Laboratory Technician,Single,52200,1.0,Y,17,8,0,1.0,3,1,1,0,Yes
10.536275100401388,10,3,4,1.0,1.0,3.0,26,Travel_Frequently,Research & Development,9,3,Life Sciences,1,27,Female,1,Manager,Married,162910,1.0,Y,22,8,0,5.0,3,5,3,3,No
7.847051539491111,8,3,4,3.0,4.0,3.0,38,Non-Travel,Sales,4,3,Life Sciences,1,1916,Male,2,Research Director,Single,100480,1.0,Y,23,8,1,6.0,2,5,1,3,No
5.857095046853889,10,2,3,3.0,4.0,3.0,34,Travel_Frequently,Sales,28,4,Marketing,1,889,Male,5,Manufacturing Director,Divorced,103250,1.0,Y,11,8,1,9.0,3,9,7,2,No
7.197952922802222,7,1,3,4.0,2.0,3.0,24,Non-Travel,Research & Development,10,3,Life Sciences,1,2274,Female,2,Manager,Married,51600,1.0,Y,17,8,1,1.0,3,1,0,0,No
6.844819277108333,15,4,3,4.0,4.0,1.0,38,Travel_Rarely,Human Resources,25,1,Human Resources,1,2882,Female,1,Manufacturing Director,Married,78470,3.0,Y,14,8,1,9.0,3,7,1,7,No
7.598149263721389,4,3,3,2.0,1.0,3.0,41,Travel_Rarely,Research & Development,24,1,Life Sciences,1,3149,Male,1,Research Director,Married,26610,7.0,Y,14,8,1,22.0,2,18,11,8,No
6.596749219098611,5,3,3,4.0,2.0,2.0,33,Non-Travel,Research & Development,14,3,Other,1,3948,Male,1,Research Scientist,Divorced,108200,5.0,Y,12,8,0,11.0,2,9,1,7,No
7.625939312806667,11,1,3,1.0,4.0,2.0,21,Non-Travel,Research & Development,1,5,Life Sciences,1,1575,Female,2,Manager,Single,28630,1.0,Y,14,8,0,3.0,2,3,2,2,No
6.296598616688889,8,3,3,3.0,1.0,3.0,27,Travel_Rarely,Sales,27,3,Life Sciences,1,1708,Male,2,Research Scientist,Divorced,22930,0.0,Y,18,8,0,5.0,0,4,0,2,Yes
6.076991298527222,16,3,3,1.0,1.0,3.0,25,Travel_Rarely,Research & Development,5,2,Life Sciences,1,1618,Female,3,Laboratory Technician,Married,26600,5.0,Y,13,8,0,6.0,3,2,0,2,Yes
6.205102632753055,19,3,3,3.0,4.0,2.0,30,Travel_Frequently,Research & Development,10,3,Life Sciences,1,989,Female,1,Human Resources,Divorced,22070,6.0,Y,14,8,0,6.0,4,4,1,2,Yes
5.4168797411869445,24,2,3,4.0,3.0,3.0,53,Travel_Rarely,Research & Development,6,4,Life Sciences,1,2071,Male,1,Research Director,Divorced,40310,3.0,Y,12,8,1,26.0,3,7,4,7,No
10.243352298081112,13,3,3,4.0,1.0,2.0,42,Travel_Rarely,Research & Development,5,3,Medical,1,194,Male,3,Sales Executive,Married,53900,1.0,Y,14,8,0,10.0,3,10,5,8,No
7.5705365908075,14,3,4,2.0,3.0,3.0,35,Travel_Rarely,Research & Development,9,3,Medical,1,2637,Female,2,Sales Executive,Single,131420,1.0,Y,25,8,2,10.0,4,10,0,8,No
6.4374352967425,17,2,3,2.0,4.0,3.0,30,Travel_Rarely,Human Resources,1,4,Human Resources,1,1380,Female,1,Manager,Married,174260,2.0,Y,12,8,1,12.0,0,10,7,4,No
6.0182184292725,6,4,3,1.0,4.0,3.0,30,Travel_Rarely,Sales,9,1,Marketing,1,2154,Male,4,Research Director,Married,40890,0.0,Y,18,8,0,10.0,2,9,6,7,No
10.12006358768389,9,3,3,2.0,3.0,3.0,34,Travel_Rarely,Sales,25,5,Marketing,1,2300,Female,1,Research Scientist,Married,41940,0.0,Y,17,8,2,12.0,3,11,5,7,No
6.000273315483889,16,3,3,4.0,4.0,3.0,33,Travel_Rarely,Sales,23,4,Marketing,1,533,Female,4,Sales Executive,Divorced,39830,4.0,Y,12,8,0,9.0,3,3,1,2,No
7.455297858098889,12,3,4,2.0,2.0,3.0,36,Non-Travel,Research & Development,5,4,Life Sciences,1,48,Male,1,Sales Executive,Married,85780,7.0,Y,21,8,0,11.0,4,9,0,8,No
7.5635274431055555,16,3,4,3.0,4.0,3.0,38,Non-Travel,Sales,4,3,Life Sciences,1,3386,Male,2,Research Director,Single,100480,1.0,Y,23,8,1,6.0,2,5,1,3,No
6.908168228469167,5,3,3,1.0,1.0,3.0,49,Travel_Frequently,Sales,6,5,Medical,1,2219,Female,2,Healthcare Representative,Single,23420,3.0,Y,18,8,0,20.0,2,4,1,3,Yes
6.706059794734444,7,3,3,3.0,4.0,3.0,34,Travel_Frequently,Research & Development,7,4,Life Sciences,1,3289,Male,3,Laboratory Technician,Single,23480,1.0,Y,14,8,1,6.0,3,5,1,3,No
7.060059125390278,5,2,3,3.0,,3.0,36,Travel_Frequently,Research & Development,8,3,Other,1,41,Female,3,Sales Executive,Married,69620,4.0,Y,12,8,2,4.0,2,1,0,0,No
7.141634315037778,18,2,3,3.0,3.0,2.0,38,Travel_Frequently,Research & Development,13,3,Technical Degree,1,1935,Male,1,Manufacturing Director,Married,32100,0.0,Y,17,8,2,3.0,5,2,0,2,No
5.787998661311667,14,3,3,4.0,1.0,3.0,53,Travel_Rarely,Sales,1,2,Life Sciences,1,2867,Male,1,Manager,Divorced,39890,1.0,Y,13,8,0,5.0,2,4,1,3,No
6.606155734047222,21,3,4,2.0,4.0,3.0,31,Travel_Rarely,Research & Development,1,3,Life Sciences,1,1479,Male,3,Laboratory Technician,Married,20440,0.0,Y,21,8,0,10.0,2,9,7,8,No
7.080356983489445,14,2,3,2.0,2.0,3.0,32,Travel_Rarely,Sales,3,4,Life Sciences,1,2756,Male,2,Manufacturing Director,Married,97150,1.0,Y,15,8,1,10.0,1,10,0,9,No
8.253817492190834,7,2,3,4.0,3.0,3.0,33,Travel_Rarely,Research & Development,15,4,Life Sciences,1,2287,Female,1,Sales Executive,Single,62010,2.0,Y,15,8,3,14.0,2,0,0,0,No
5.6936546184738885,17,3,3,3.0,3.0,2.0,30,Non-Travel,Research & Development,8,3,Life Sciences,1,3735,Male,1,Manufacturing Director,Divorced,21430,1.0,Y,17,8,1,1.0,2,1,0,0,No
9.285539937527778,3,3,3,1.0,2.0,3.0,36,Travel_Rarely,Research & Development,1,3,Medical,1,2224,Male,2,Sales Executive,Single,53090,3.0,Y,13,8,0,15.0,5,5,0,1,No
7.2856135653725,8,3,3,4.0,2.0,3.0,32,Travel_Rarely,Sales,1,3,Life Sciences,1,948,Male,2,Research Scientist,Single,27430,1.0,Y,19,8,1,1.0,2,1,0,0,Yes
9.959563810798612,8,3,3,4.0,3.0,3.0,34,Travel_Rarely,Human Resources,2,3,Human Resources,1,2297,Male,2,Manufacturing Director,Married,28180,1.0,Y,13,8,1,10.0,2,10,8,6,No
7.025400490852222,16,3,4,2.0,4.0,3.0,29,Travel_Rarely,Research & Development,26,1,Life Sciences,1,2065,Male,1,Laboratory Technician,Married,22180,1.0,Y,24,8,1,10.0,1,10,0,8,No
8.791664435519722,16,3,3,3.0,4.0,3.0,37,Travel_Rarely,Research & Development,1,3,Life Sciences,1,4115,Female,4,Sales Executive,Married,54290,1.0,Y,17,8,1,16.0,3,16,6,8,No
6.548427041499167,20,3,4,3.0,4.0,3.0,34,Non-Travel,Sales,1,1,Marketing,1,546,Female,2,Research Director,Married,26960,3.0,Y,23,8,0,6.0,3,0,0,0,No
9.455095939312777,14,3,3,4.0,3.0,2.0,39,Travel_Rarely,Research & Development,1,1,Medical,1,3010,Female,1,Laboratory Technician,Married,42840,4.0,Y,17,8,1,12.0,0,1,0,0,Yes
6.175506470325556,11,3,3,3.0,4.0,3.0,33,Travel_Rarely,Sales,3,3,Medical,1,2713,Male,1,Manufacturing Director,Single,43730,4.0,Y,14,8,0,7.0,3,1,0,0,No
9.6150401606425,14,3,3,4.0,1.0,3.0,34,Non-Travel,Research & Development,27,2,Life Sciences,1,1096,Female,1,Sales Representative,Married,36920,1.0,Y,12,8,1,5.0,5,5,3,0,Yes
6.679530343596389,15,2,3,2.0,4.0,2.0,34,Travel_Rarely,Sales,6,4,Marketing,1,3440,Male,2,Research Director,Divorced,96130,0.0,Y,12,8,1,16.0,5,15,0,9,No
6.283877733154722,18,3,4,4.0,3.0,3.0,27,Travel_Frequently,Sales,24,3,Life Sciences,1,2726,Male,4,Healthcare Representative,Single,31720,1.0,Y,20,8,1,9.0,1,9,1,7,No
7.646014056224722,5,3,3,1.0,2.0,3.0,38,Non-Travel,Sales,6,4,Marketing,1,1032,Male,3,Sales Executive,Divorced,73360,5.0,Y,11,8,0,13.0,3,11,3,8,No
8.008150379294722,12,3,3,3.0,3.0,2.0,53,Travel_Rarely,Research & Development,11,4,Life Sciences,1,1493,Female,2,Research Scientist,Married,21480,3.0,Y,11,8,0,21.0,2,5,1,3,No
8.568425925925833,3,2,3,1.0,1.0,3.0,29,Travel_Rarely,Research & Development,8,2,Medical,1,2526,Male,1,Manager,Divorced,28530,4.0,Y,14,8,1,4.0,5,2,2,0,Yes
6.793806336456667,14,3,3,2.0,3.0,4.0,31,Travel_Rarely,Research & Development,14,2,Life Sciences,1,2440,Male,1,Sales Executive,Married,167560,1.0,Y,11,8,2,6.0,5,5,0,3,No
7.61406291834,18,2,3,2.0,3.0,3.0,50,Travel_Frequently,Research & Development,4,2,Medical,1,1741,Male,4,Sales Representative,Married,44240,3.0,Y,14,8,1,18.0,2,4,1,3,Yes
5.8017838018738885,20,2,3,3.0,2.0,1.0,39,Travel_Rarely,Sales,2,4,Marketing,1,3234,Female,4,Healthcare Representative,Married,138720,9.0,Y,12,8,3,12.0,3,8,3,6,No
8.350902498884167,15,3,3,4.0,4.0,3.0,27,Travel_Frequently,Sales,4,3,Technical Degree,1,264,Male,5,Laboratory Technician,Divorced,21940,1.0,Y,12,8,0,6.0,5,6,0,4,No
9.308866577420556,8,3,3,4.0,1.0,3.0,50,Travel_Rarely,Research & Development,17,3,Medical,1,4144,Male,1,Research Scientist,Divorced,173280,4.0,Y,15,8,2,20.0,1,3,2,0,Yes
5.628176037483056,16,2,3,2.0,3.0,3.0,35,Travel_Rarely,Research & Development,22,3,Medical,1,190,Female,1,Sales Representative,Married,29660,9.0,Y,18,8,0,15.0,2,11,6,9,No
7.165663766175555,4,3,3,2.0,2.0,2.0,27,Travel_Rarely,Sales,3,2,Technical Degree,1,2580,Male,2,Healthcare Representative,Married,135770,1.0,Y,12,8,1,6.0,2,5,1,2,No
7.058519634091667,8,1,4,4.0,4.0,3.0,36,Non-Travel,Human Resources,28,3,Human Resources,1,1571,Male,2,Laboratory Technician,Single,24320,4.0,Y,22,8,0,7.0,4,1,0,0,No
6.956659973226111,8,2,3,2.0,3.0,3.0,50,Travel_Frequently,Sales,4,2,Life Sciences,1,4135,Female,2,Laboratory Technician,Divorced,167990,7.0,Y,14,8,1,12.0,2,6,0,1,Yes
8.784087460954723,11,3,3,1.0,1.0,3.0,36,Travel_Frequently,Sales,21,3,Life Sciences,1,3811,Male,2,Human Resources,Married,23290,3.0,Y,15,8,0,9.0,2,3,0,2,No
7.542733154841389,5,3,3,3.0,4.0,3.0,36,Travel_Frequently,Research & Development,5,1,Technical Degree,1,2678,Male,1,Sales Executive,Married,13590,4.0,Y,12,8,0,17.0,2,5,0,3,No
6.2778145917,17,2,4,2.0,2.0,3.0,47,Travel_Rarely,Research & Development,1,4,Medical,1,2407,Male,3,Laboratory Technician,Divorced,183030,6.0,Y,22,8,1,29.0,2,3,1,2,No
9.01836791610861,17,3,3,4.0,4.0,3.0,28,Travel_Frequently,Research & Development,2,3,Life Sciences,1,2142,Female,2,Sales Representative,Married,21270,1.0,Y,14,8,0,2.0,3,2,2,2,No
9.969543730477222,13,2,3,4.0,2.0,4.0,21,Travel_Rarely,Research & Development,1,4,Life Sciences,1,558,Female,1,Research Scientist,Single,26100,1.0,Y,11,8,1,2.0,3,2,2,2,No
7.191141231592778,13,3,3,3.0,4.0,3.0,52,Travel_Frequently,Research & Development,1,1,Life Sciences,1,3310,Male,2,Laboratory Technician,Married,50060,3.0,Y,16,8,1,31.0,2,9,0,0,No
7.406324185631389,12,4,3,4.0,3.0,3.0,35,Travel_Rarely,Sales,10,4,Marketing,1,339,Female,1,Research Scientist,Single,26320,3.0,Y,13,8,3,7.0,3,2,2,2,No
6.324640785363611,14,3,3,2.0,2.0,3.0,46,Non-Travel,Research & Development,9,2,Life Sciences,1,3968,Male,2,Manufacturing Director,Single,57310,8.0,Y,17,8,0,6.0,2,2,2,2,No
8.546181392235555,4,2,3,2.0,4.0,4.0,31,Travel_Rarely,Research & Development,1,4,Life Sciences,1,3133,Male,3,Research Director,Single,61420,4.0,Y,13,8,2,10.0,2,6,0,5,No
7.52172021419,19,3,3,4.0,4.0,3.0,54,Non-Travel,Research & Development,9,3,Life Sciences,1,1325,Male,1,Laboratory Technician,Single,196130,2.0,Y,17,8,0,23.0,5,5,4,4,No
6.509293842034722,10,3,4,4.0,2.0,4.0,34,Travel_Rarely,Research & Development,18,1,Medical,1,1737,Male,1,Healthcare Representative,Single,27030,1.0,Y,21,8,1,9.0,2,8,7,7,No
6.914326193663333,16,3,3,2.0,4.0,2.0,33,Travel_Frequently,Sales,4,2,Life Sciences,1,3011,Male,4,Research Scientist,Single,47880,3.0,Y,11,8,1,9.0,0,7,0,1,No
6.8287862561355555,9,3,4,3.0,4.0,3.0,34,Non-Travel,Sales,1,1,Marketing,1,3486,Female,2,Research Director,Married,26960,3.0,Y,23,8,0,6.0,3,0,0,0,No
8.568799643016389,6,3,4,2.0,4.0,2.0,44,Travel_Rarely,Research & Development,10,3,Technical Degree,1,883,Male,3,Manager,Divorced,25190,0.0,Y,21,8,2,23.0,2,22,1,10,No
6.366503792949445,20,2,4,3.0,2.0,3.0,42,Travel_Rarely,Research & Development,10,3,Technical Degree,1,4180,Male,2,Laboratory Technician,Married,66510,0.0,Y,20,8,0,10.0,5,9,4,2,No
6.290709504685278,15,2,3,4.0,3.0,3.0,36,Travel_Rarely,Sales,1,3,Marketing,1,3625,Male,2,Sales Executive,Married,166270,3.0,Y,12,8,0,10.0,5,7,1,7,No
7.442206604194444,8,3,3,3.0,,3.0,30,Travel_Rarely,Research & Development,7,2,Life Sciences,1,587,Female,1,Manufacturing Director,Married,34480,1.0,Y,11,8,0,10.0,3,10,1,4,No
7.759435519856944,19,3,3,2.0,1.0,3.0,38,Travel_Rarely,Sales,6,4,Life Sciences,1,2887,Female,3,Research Scientist,Married,107480,7.0,Y,15,8,0,17.0,3,1,0,0,Yes
6.492742079428611,7,2,3,4.0,4.0,3.0,51,Travel_Rarely,Research & Development,29,4,Life Sciences,1,2770,Female,5,Manufacturing Director,Married,24510,3.0,Y,17,8,0,10.0,2,4,0,3,No
5.8093585452922225,24,3,3,3.0,3.0,3.0,29,Travel_Rarely,Research & Development,1,2,Medical,1,1759,Female,1,Sales Executive,Single,106730,1.0,Y,13,8,3,1.0,2,1,0,0,No
7.028778447121667,19,4,3,1.0,3.0,3.0,31,Travel_Rarely,Research & Development,3,2,Life Sciences,1,990,Male,3,Laboratory Technician,Married,77560,1.0,Y,15,8,2,6.0,3,5,0,2,No
6.348000892458611,10,3,3,3.0,3.0,3.0,39,Non-Travel,Research & Development,29,2,Life Sciences,1,735,Male,2,Sales Executive,Married,38750,3.0,Y,15,8,0,13.0,3,6,0,5,No
5.8089491298525,21,3,3,2.0,4.0,3.0,28,Travel_Rarely,Research & Development,21,4,Life Sciences,1,3312,Female,1,Healthcare Representative,Divorced,25000,1.0,Y,16,8,2,6.0,3,5,0,4,No
6.097274654172222,8,3,3,1.0,3.0,4.0,47,Travel_Rarely,Research & Development,3,2,Medical,1,767,Male,2,Laboratory Technician,Married,43640,3.0,Y,11,8,1,26.0,3,20,5,6,No
6.205054663096667,21,3,3,4.0,2.0,3.0,39,Travel_Rarely,Sales,10,3,Marketing,1,3858,Female,2,Research Director,Married,26840,4.0,Y,12,8,0,7.0,2,5,1,0,No
7.191469210173889,8,2,3,1.0,4.0,3.0,40,Travel_Rarely,Research & Development,2,3,Life Sciences,1,1456,Male,1,Manufacturing Director,Divorced,27180,1.0,Y,14,8,1,9.0,4,9,4,7,No
6.591118920124722,4,4,4,1.0,3.0,4.0,44,Travel_Rarely,Sales,29,4,Marketing,1,1706,Male,2,Sales Executive,Single,19510,4.0,Y,22,8,3,10.0,4,2,0,2,No
9.16688531905389,9,3,3,2.0,2.0,2.0,40,Non-Travel,Research & Development,2,4,Life Sciences,1,3389,Male,1,Human Resources,Single,65450,4.0,Y,15,8,0,22.0,2,1,0,0,Yes
5.588499553770555,20,4,3,4.0,3.0,3.0,45,Travel_Rarely,Sales,24,3,Life Sciences,1,1197,Male,1,Laboratory Technician,Single,36290,8.0,Y,16,8,1,8.0,2,5,0,1,No
6.449557117358055,6,3,4,4.0,4.0,2.0,59,Travel_Rarely,Research & Development,4,2,Life Sciences,1,2132,Male,2,Research Scientist,Single,165950,6.0,Y,21,8,1,25.0,2,9,5,4,No
6.613843150379167,7,2,4,1.0,3.0,1.0,46,Travel_Rarely,Sales,4,1,Technical Degree,1,172,Male,1,Laboratory Technician,Married,67120,6.0,Y,21,8,1,26.0,3,3,0,1,No
6.671448014279167,5,3,3,4.0,1.0,3.0,35,Travel_Rarely,Sales,7,2,Life Sciences,1,851,Male,1,Sales Executive,Single,22770,1.0,Y,12,8,1,3.0,2,3,1,2,No
8.652973003123334,15,3,4,1.0,1.0,2.0,27,Travel_Rarely,Research & Development,7,3,Life Sciences,1,2102,Male,3,Manufacturing Director,Married,34080,1.0,Y,24,8,0,9.0,2,9,6,8,No
8.806629852744166,10,3,3,4.0,4.0,2.0,30,Travel_Rarely,Sales,18,3,Life Sciences,1,4233,Male,4,Human Resources,Married,22960,1.0,Y,18,8,1,10.0,2,10,3,0,No
6.046729138777223,13,3,3,3.0,4.0,3.0,22,Travel_Rarely,Sales,29,4,Technical Degree,1,1341,Male,1,Sales Executive,Married,46630,0.0,Y,13,8,1,3.0,1,2,2,1,No
5.964280455153889,23,3,3,2.0,1.0,3.0,39,Travel_Rarely,Research & Development,6,2,Life Sciences,1,2361,Male,3,Research Scientist,Married,106090,2.0,Y,17,8,1,10.0,2,7,7,7,No
6.650921463632222,13,3,3,2.0,3.0,,51,Travel_Frequently,Sales,21,4,Medical,1,2143,Male,2,Research Scientist,Single,182000,0.0,Y,17,8,0,8.0,3,7,7,7,No
9.197425256581667,18,3,3,2.0,4.0,2.0,40,Travel_Rarely,Research & Development,2,4,Other,1,78,Male,4,Research Scientist,Married,50330,2.0,Y,14,8,2,6.0,6,4,0,2,No
7.0124297188752776,6,4,3,4.0,4.0,3.0,48,Travel_Frequently,Research & Development,2,3,Life Sciences,1,2564,Male,2,Research Director,Divorced,197400,3.0,Y,14,8,0,24.0,2,22,4,7,No
6.634679830432778,16,3,3,4.0,4.0,3.0,35,Travel_Rarely,Sales,2,4,Marketing,1,4190,Male,3,Manufacturing Director,Married,104660,1.0,Y,13,8,0,2.0,1,2,2,2,No
6.093000892458611,18,3,3,3.0,4.0,3.0,43,Travel_Rarely,Research & Development,11,2,Life Sciences,1,3581,Male,3,Laboratory Technician,Married,168350,3.0,Y,17,8,1,25.0,3,8,0,7,No
6.958528558678889,18,3,3,2.0,4.0,3.0,36,Travel_Frequently,Research & Development,1,3,Life Sciences,1,1420,Female,2,Laboratory Technician,Single,23050,1.0,Y,17,8,0,8.0,3,8,1,7,No
7.506392235608889,6,3,3,4.0,2.0,3.0,34,Travel_Rarely,Research & Development,10,3,Medical,1,3862,Male,3,Laboratory Technician,Divorced,41480,1.0,Y,11,8,0,11.0,3,11,7,9,No
6.251581883087778,14,4,3,4.0,4.0,3.0,31,Travel_Rarely,Sales,24,3,Life Sciences,1,3004,Male,2,Healthcare Representative,Divorced,10810,4.0,Y,11,8,3,13.0,4,7,1,7,No
6.887427487728611,7,3,3,4.0,4.0,3.0,35,Travel_Rarely,Sales,2,4,Marketing,1,1250,Male,3,Manufacturing Director,Married,104660,1.0,Y,13,8,0,2.0,1,2,2,2,No
6.327618250780834,18,3,4,4.0,3.0,1.0,56,Travel_Rarely,Sales,10,4,Other,1,1187,Male,2,Sales Executive,Married,40780,8.0,Y,24,8,1,14.0,3,10,9,8,Yes
5.783095716198056,20,3,4,3.0,4.0,2.0,30,Non-Travel,Sales,10,2,Life Sciences,1,3109,Male,3,Laboratory Technician,Single,188800,0.0,Y,22,8,1,12.0,3,11,6,7,No
5.815461847389445,10,3,4,4.0,3.0,2.0,30,Travel_Rarely,Sales,1,2,Technical Degree,1,792,Male,1,Laboratory Technician,Married,25060,8.0,Y,22,8,0,4.0,3,2,2,2,No
6.663478357875833,12,3,3,2.0,2.0,3.0,40,Travel_Frequently,Research & Development,26,4,Medical,1,4303,Male,2,Manufacturing Director,Divorced,54400,1.0,Y,12,8,1,20.0,2,20,2,13,No
6.957873717090555,18,3,3,1.0,4.0,2.0,32,Travel_Rarely,Research & Development,7,3,Technical Degree,1,3005,Male,2,Healthcare Representative,Single,24720,7.0,Y,13,8,0,10.0,2,7,0,7,No
6.535539937527778,18,3,3,3.0,3.0,4.0,33,Travel_Rarely,Research & Development,3,4,Life Sciences,1,3273,Male,4,Manufacturing Director,Married,59020,0.0,Y,12,8,1,14.0,2,13,3,7,No
9.18578759482361,6,2,3,1.0,1.0,4.0,39,Non-Travel,Research & Development,2,4,Medical,1,775,Male,2,Manufacturing Director,Single,43810,2.0,Y,15,8,2,11.0,1,1,0,0,Yes
6.981834002677222,4,4,3,4.0,4.0,3.0,39,Travel_Rarely,Sales,2,3,Life Sciences,1,1951,Male,3,Human Resources,Married,21150,1.0,Y,18,8,0,21.0,3,21,11,8,No
6.487501115573333,16,3,3,2.0,4.0,2.0,35,Travel_Rarely,Sales,24,3,Medical,1,1953,Male,5,Sales Executive,Divorced,57450,1.0,Y,17,8,3,3.0,4,3,1,2,No
8.452941767068056,10,3,4,4.0,3.0,4.0,29,Travel_Frequently,Research & Development,8,4,Life Sciences,1,2463,Female,1,Sales Executive,Single,23770,8.0,Y,21,8,1,10.0,2,3,0,2,No
5.906033020972778,20,1,3,3.0,3.0,3.0,50,Travel_Rarely,Research & Development,8,4,Life Sciences,1,3271,Male,2,Sales Executive,Married,49410,5.0,Y,11,8,1,30.0,3,4,0,3,No
7.3425937081658335,6,1,3,4.0,3.0,3.0,58,Travel_Rarely,Sales,9,2,Medical,1,1913,Female,4,Sales Executive,Single,59570,4.0,Y,14,8,1,7.0,2,1,0,0,Yes
7.774157742079167,19,2,3,4.0,4.0,4.0,35,Travel_Frequently,Research & Development,17,4,Medical,1,929,Male,1,Research Director,Single,54720,3.0,Y,11,8,1,13.0,3,11,6,7,Yes
7.076050870147222,8,2,3,2.0,3.0,3.0,32,Travel_Rarely,Sales,15,3,Marketing,1,1307,Male,1,Research Scientist,Single,101690,1.0,Y,14,8,0,12.0,6,11,5,7,No
8.938624497991944,12,3,3,2.0,1.0,2.0,44,Travel_Rarely,Research & Development,1,1,Medical,1,2735,Female,3,Research Scientist,Divorced,15630,5.0,Y,12,8,2,9.0,3,4,1,3,No
9.408796296296112,19,3,3,4.0,3.0,2.0,25,Travel_Rarely,Research & Development,7,2,Medical,1,2626,Male,5,Sales Executive,Divorced,41030,6.0,Y,15,8,1,7.0,2,2,0,2,No
7.663491744756667,4,4,3,4.0,4.0,3.0,29,Travel_Rarely,Research & Development,1,3,Life Sciences,1,114,Female,2,Research Director,Single,66670,9.0,Y,12,8,1,6.0,6,3,1,2,No
8.127032574743334,16,3,4,1.0,3.0,4.0,51,Travel_Rarely,Sales,23,3,Medical,1,1992,Female,2,Research Scientist,Married,192720,9.0,Y,20,8,0,18.0,2,10,2,7,Yes
7.314774654172222,13,3,3,3.0,2.0,3.0,35,Travel_Rarely,Research & Development,29,3,Life Sciences,1,115,Female,3,Sales Executive,Single,50030,9.0,Y,15,8,0,10.0,2,1,0,0,No
7.420375948237222,18,3,3,4.0,3.0,3.0,29,Travel_Rarely,Research & Development,16,3,Medical,1,1067,Female,1,Manufacturing Director,Divorced,22100,8.0,Y,11,8,1,11.0,4,7,1,6,No
8.03552543507361,14,2,3,3.0,4.0,3.0,44,Travel_Rarely,Research & Development,9,3,Technical Degree,1,3883,Female,3,Healthcare Representative,Divorced,68610,4.0,Y,12,8,0,8.0,2,2,2,2,No
7.048322177599166,20,3,3,3.0,3.0,3.0,54,Travel_Rarely,Research & Development,5,3,Medical,1,1984,Female,2,Manufacturing Director,Married,24780,6.0,Y,11,8,0,13.0,0,9,7,0,No
6.294323962516667,22,3,3,4.0,2.0,2.0,28,Travel_Rarely,Human Resources,1,3,Human Resources,1,3492,Female,4,Laboratory Technician,Divorced,67810,0.0,Y,15,8,1,10.0,2,9,1,7,No
7.211657742079167,16,3,3,4.0,2.0,3.0,34,Travel_Rarely,Research & Development,10,3,Medical,1,922,Male,3,Laboratory Technician,Divorced,41480,1.0,Y,11,8,0,11.0,3,11,7,9,No
6.509149933065555,11,3,3,3.0,4.0,3.0,27,Travel_Frequently,Research & Development,13,2,Life Sciences,1,319,Female,4,Research Scientist,Married,195370,0.0,Y,12,8,0,5.0,5,4,1,1,No
6.393979250334445,12,3,4,1.0,2.0,3.0,29,Travel_Rarely,Research & Development,18,3,Life Sciences,1,1478,Male,2,Sales Executive,Married,31430,2.0,Y,22,8,3,10.0,2,0,0,0,No
9.048025435073612,9,1,3,3.0,3.0,3.0,50,Travel_Rarely,Research & Development,4,2,Medical,1,869,Female,1,Laboratory Technician,Married,27990,4.0,Y,12,8,1,27.0,0,1,0,0,No
7.540649263721389,15,3,3,2.0,4.0,3.0,53,Travel_Rarely,Research & Development,24,3,Life Sciences,1,946,Male,4,Research Director,Married,133200,3.0,Y,11,8,0,11.0,2,4,1,2,No
6.211170236501389,21,4,4,1.0,3.0,2.0,31,Travel_Rarely,Sales,25,2,Life Sciences,1,2573,Female,3,Manufacturing Director,Divorced,182130,8.0,Y,21,8,2,4.0,3,2,2,2,No
6.2699743418116665,23,3,3,1.0,3.0,2.0,32,Travel_Frequently,Sales,1,1,Marketing,1,969,Male,2,Laboratory Technician,Married,88580,6.0,Y,16,8,1,10.0,2,5,1,3,No
6.26495091477,5,2,3,4.0,1.0,3.0,34,Travel_Rarely,Research & Development,26,3,Other,1,2930,Female,1,Sales Executive,Married,190380,6.0,Y,13,8,0,13.0,3,11,5,9,No
7.482175368139167,17,3,4,1.0,3.0,2.0,25,Travel_Rarely,Research & Development,2,4,Medical,1,2646,Female,2,Manufacturing Director,Divorced,27850,0.0,Y,21,8,0,6.0,2,5,0,4,No
7.8992704149930555,10,3,3,1.0,4.0,3.0,33,Travel_Frequently,Sales,29,4,Life Sciences,1,4208,Female,1,Human Resources,Single,31800,1.0,Y,14,8,1,15.0,2,15,8,12,No
5.891552878179167,9,3,3,3.0,1.0,3.0,24,Travel_Rarely,Sales,10,2,Marketing,1,2310,Male,1,Manufacturing Director,Divorced,23560,0.0,Y,13,8,0,2.0,5,1,0,0,No
6.545786479250277,8,3,3,4.0,2.0,3.0,33,Travel_Frequently,Research & Development,9,3,Life Sciences,1,2996,Male,4,Research Director,Married,193920,6.0,Y,12,8,1,12.0,3,10,8,8,No
7.340396028558611,9,3,3,1.0,1.0,3.0,45,Travel_Frequently,Research & Development,19,4,Life Sciences,1,1717,Male,3,Research Director,Married,34410,2.0,Y,13,8,1,5.0,5,1,0,0,Yes
6.348326639892778,9,3,3,4.0,2.0,2.0,31,Travel_Frequently,Research & Development,9,4,Medical,1,35,Male,1,Sales Executive,Divorced,46840,1.0,Y,16,8,1,2.0,4,2,2,2,No
9.556190316822779,14,3,4,2.0,2.0,2.0,41,Travel_Rarely,Research & Development,18,4,Life Sciences,1,4335,Male,5,Laboratory Technician,Single,53470,1.0,Y,24,8,1,4.0,1,4,0,2,Yes
7.4565785363675,8,3,3,4.0,4.0,4.0,49,Travel_Rarely,Sales,3,4,Marketing,1,2467,Male,1,Sales Executive,Single,47280,3.0,Y,11,8,1,8.0,4,5,0,4,No
5.6145225345825,17,3,3,1.0,1.0,4.0,44,Travel_Rarely,Sales,5,3,Life Sciences,1,3636,Male,1,Laboratory Technician,Married,63220,4.0,Y,11,8,1,10.0,2,3,1,2,Yes
9.755817715305556,17,3,3,2.0,1.0,3.0,45,Travel_Rarely,Sales,10,2,Marketing,1,3717,Male,1,Sales Executive,Divorced,38330,2.0,Y,14,8,0,24.0,1,7,0,7,No
6.021955600178333,9,3,3,4.0,2.0,3.0,34,Travel_Rarely,Sales,9,3,Marketing,1,1394,Female,2,Manager,Single,53680,2.0,Y,14,8,1,9.0,2,3,1,2,No
6.9926639892902775,10,3,3,3.0,1.0,3.0,19,Travel_Rarely,Research & Development,23,4,Life Sciences,1,596,Male,2,Laboratory Technician,Single,191970,1.0,Y,12,8,0,1.0,2,1,0,0,No
5.854761267291111,21,3,3,2.0,4.0,3.0,30,Travel_Rarely,Sales,9,3,Medical,1,1359,Male,2,Research Scientist,Single,39360,0.0,Y,11,8,1,6.0,3,5,1,2,No
7.241699018295278,17,4,3,2.0,3.0,3.0,35,Travel_Rarely,Research & Development,10,1,Life Sciences,1,843,Male,1,Healthcare Representative,Married,109030,0.0,Y,11,8,0,6.0,3,5,4,2,No
9.448313253011944,16,3,3,4.0,4.0,3.0,31,Travel_Rarely,Research & Development,16,3,Life Sciences,1,3327,Female,3,Sales Executive,Married,22790,3.0,Y,12,8,1,8.0,3,6,0,2,No
5.852395136099722,6,3,3,4.0,4.0,3.0,42,Travel_Rarely,Research & Development,8,2,Life Sciences,1,872,Female,5,Manager,Single,40140,8.0,Y,13,8,1,24.0,3,1,0,1,No
6.489901829540278,8,2,4,2.0,2.0,3.0,47,Travel_Rarely,Research & Development,1,4,Medical,1,3877,Male,3,Laboratory Technician,Divorced,183030,6.0,Y,22,8,1,29.0,2,3,1,2,No
6.696093261936389,11,4,3,2.0,2.0,3.0,38,Travel_Rarely,Sales,22,2,Medical,1,3325,Male,1,Sales Executive,Married,137340,0.0,Y,13,8,0,3.0,3,2,1,2,No
9.571763721552777,5,1,3,4.0,1.0,2.0,42,Travel_Rarely,Research & Development,6,3,Medical,1,1162,Male,2,Laboratory Technician,Divorced,100080,6.0,Y,19,8,1,9.0,3,4,1,2,No
9.6303792949575,16,3,3,2.0,2.0,3.0,46,Travel_Rarely,Research & Development,9,3,Medical,1,2762,Male,3,Manager,Divorced,164370,8.0,Y,15,8,1,16.0,0,4,0,2,No
6.683103525211944,4,4,4,2.0,2.0,3.0,36,Travel_Rarely,Human Resources,25,1,Human Resources,1,2818,Male,2,Research Scientist,Divorced,31170,6.0,Y,21,8,1,7.0,2,3,0,1,No
5.834962070504167,16,2,3,3.0,4.0,4.0,60,Travel_Rarely,Sales,17,4,Medical,1,952,Male,1,Manager,Divorced,40250,3.0,Y,13,8,1,19.0,5,1,0,0,No
6.090158411423333,9,4,3,3.0,3.0,3.0,39,Travel_Rarely,Sales,26,4,Life Sciences,1,2923,Male,2,Research Director,Divorced,81610,7.0,Y,12,8,1,7.0,2,3,1,2,No
6.919400937081389,7,3,3,3.0,4.0,2.0,56,Travel_Rarely,Research & Development,2,4,Medical,1,3235,Male,1,Manager,Married,20420,7.0,Y,12,8,0,30.0,6,10,1,1,No
6.163679161088611,13,2,3,2.0,3.0,3.0,40,Travel_Rarely,Research & Development,3,3,Life Sciences,1,721,Male,2,Sales Executive,Divorced,45770,5.0,Y,11,8,1,15.0,3,12,11,8,No
6.717322623828611,14,2,3,2.0,4.0,3.0,28,Travel_Rarely,Research & Development,2,2,Medical,1,3057,Male,3,Manager,Single,28580,1.0,Y,12,8,0,7.0,2,7,0,7,No
5.4247568049975,22,2,3,2.0,3.0,2.0,33,Travel_Frequently,Research & Development,9,2,Medical,1,2085,Female,1,Sales Executive,Married,20970,1.0,Y,14,8,2,10.0,5,10,0,1,No
5.9981135653725,9,2,3,3.0,4.0,4.0,60,Travel_Rarely,Sales,17,4,Medical,1,3892,Male,1,Manager,Divorced,40250,3.0,Y,13,8,1,19.0,5,1,0,0,No
8.997649486836112,20,3,3,2.0,1.0,3.0,44,Travel_Rarely,Research & Development,26,2,Life Sciences,1,3341,Male,2,Manufacturing Director,Married,76390,1.0,Y,14,8,0,8.0,6,8,7,1,No
6.480602409638333,12,3,3,1.0,2.0,3.0,50,Travel_Frequently,Sales,2,2,Marketing,1,3160,Male,1,Sales Executive,Married,29600,1.0,Y,14,8,3,32.0,2,32,10,7,No
6.563278670236389,6,2,3,4.0,4.0,3.0,51,Travel_Rarely,Research & Development,29,4,Life Sciences,1,4240,Female,5,Manufacturing Director,Married,24510,3.0,Y,17,8,0,10.0,2,4,0,3,No
5.552637215528611,23,3,3,3.0,1.0,2.0,40,Travel_Rarely,Human Resources,2,3,Medical,1,511,Male,5,Sales Executive,Married,24550,1.0,Y,15,8,1,8.0,2,7,7,5,No
7.734698795180556,8,2,3,1.0,3.0,3.0,27,Non-Travel,Sales,11,3,Technical Degree,1,1999,Female,2,Laboratory Technician,Married,99850,1.0,Y,14,8,1,3.0,3,3,1,2,No
5.961054216867222,17,2,3,3.0,2.0,,54,Travel_Rarely,Research & Development,5,2,Life Sciences,1,1723,Female,2,Sales Executive,Married,40140,2.0,Y,19,8,1,16.0,4,9,7,1,No
6.199719991075278,22,4,3,4.0,3.0,2.0,34,Travel_Frequently,Human Resources,7,4,Other,1,1401,Female,1,Research Scientist,Married,13930,1.0,Y,11,8,2,10.0,4,10,1,9,No
7.307313699241389,21,3,3,4.0,2.0,4.0,46,Travel_Rarely,Research & Development,10,3,Medical,1,3981,Male,1,Sales Executive,Married,44220,4.0,Y,11,8,1,13.0,2,9,3,7,Yes
7.069322846943056,20,3,3,1.0,2.0,3.0,55,Travel_Rarely,Research & Development,23,1,Life Sciences,1,2420,Male,5,Laboratory Technician,Divorced,23420,5.0,Y,11,8,2,8.0,2,4,1,2,No
6.999843819723333,20,3,3,4.0,4.0,3.0,37,Travel_Rarely,Sales,5,1,Marketing,1,2968,Male,1,Research Scientist,Single,27050,1.0,Y,11,8,0,17.0,2,17,5,7,No
6.1841309683175,8,3,3,4.0,3.0,3.0,30,Travel_Rarely,Research & Development,11,4,Medical,1,1220,Male,2,Laboratory Technician,Divorced,171690,1.0,Y,17,8,2,1.0,2,1,0,0,No
6.6227108433733335,16,3,3,1.0,4.0,3.0,36,Travel_Frequently,Research & Development,6,3,Life Sciences,1,1572,Female,2,Research Scientist,Married,47710,4.0,Y,13,8,1,16.0,2,13,1,12,No
6.510507585898889,11,3,4,1.0,4.0,4.0,29,Travel_Frequently,Research & Development,5,1,Medical,1,2338,Female,1,Research Scientist,Divorced,62440,1.0,Y,22,8,0,6.0,3,6,1,3,No
6.133031012940555,11,4,3,1.0,1.0,2.0,25,Travel_Rarely,Research & Development,17,3,Medical,1,361,Male,1,Laboratory Technician,Single,199260,7.0,Y,11,8,3,6.0,5,4,0,1,No
6.6232719767958335,19,1,3,2.0,3.0,3.0,27,Travel_Rarely,Sales,10,4,Life Sciences,1,912,Male,3,Sales Executive,Married,194190,7.0,Y,14,8,1,5.0,2,3,0,2,No
6.191015171798056,17,2,3,2.0,1.0,3.0,41,Travel_Rarely,Research & Development,7,3,Technical Degree,1,1616,Female,3,Research Scientist,Married,27820,1.0,Y,14,8,0,10.0,2,10,0,7,No
6.4266822846941665,20,3,3,1.0,2.0,3.0,32,Travel_Rarely,Research & Development,26,3,Medical,1,3920,Female,2,Research Director,Single,88230,6.0,Y,13,8,2,10.0,3,0,0,0,Yes
6.929782463185833,7,1,3,3.0,3.0,2.0,20,Travel_Rarely,Research & Development,11,3,Medical,1,1875,Male,2,Sales Executive,Single,93960,1.0,Y,12,8,0,2.0,6,2,0,2,Yes
7.4955243195,9,4,3,1.0,2.0,3.0,41,Travel_Rarely,Research & Development,13,4,Life Sciences,1,4128,Female,1,Healthcare Representative,Married,109200,0.0,Y,15,8,1,21.0,3,20,0,10,No
6.0590885765283335,10,1,3,4.0,3.0,3.0,57,Travel_Rarely,Research & Development,21,4,Life Sciences,1,1573,Male,5,Research Scientist,Married,191610,2.0,Y,18,8,0,15.0,2,3,1,2,No
6.515185185185,20,2,3,4.0,4.0,2.0,54,Travel_Rarely,Sales,27,4,Medical,1,1048,Male,1,Research Scientist,Married,31310,4.0,Y,14,8,0,14.0,3,7,1,7,No
5.681246095493056,21,3,3,4.0,1.0,3.0,30,Travel_Frequently,Sales,9,3,Life Sciences,1,2457,Male,1,Research Director,Single,95820,0.0,Y,12,8,1,10.0,2,9,0,7,No
6.754674252565556,22,2,3,2.0,3.0,3.0,25,Travel_Rarely,Research & Development,2,3,Life Sciences,1,221,Male,1,Research Scientist,Married,190940,1.0,Y,16,8,0,7.0,3,7,0,6,No
6.591452476572778,11,3,3,3.0,4.0,3.0,35,Travel_Rarely,Human Resources,14,1,Life Sciences,1,1201,Male,2,Research Scientist,Married,79880,1.0,Y,18,8,0,4.0,3,4,1,1,No
7.0378201695669445,16,3,3,3.0,4.0,2.0,30,Travel_Rarely,Research & Development,8,3,Life Sciences,1,288,Male,2,Sales Executive,Divorced,52090,7.0,Y,14,8,1,10.0,3,8,7,7,No
6.455912539045,19,3,3,4.0,4.0,4.0,23,Travel_Rarely,Research & Development,7,3,Life Sciences,1,2621,Male,2,Research Scientist,Single,191870,1.0,Y,11,8,1,5.0,2,5,1,4,No
6.8489234716641665,6,3,3,1.0,1.0,3.0,39,Travel_Rarely,Research & Development,1,3,Other,1,2585,Female,1,Laboratory Technician,Married,105120,1.0,Y,12,8,1,10.0,2,10,7,9,No
8.788284248103333,3,4,3,4.0,3.0,2.0,36,Travel_Rarely,Sales,7,2,Life Sciences,1,4222,Male,4,Laboratory Technician,Married,144110,0.0,Y,18,8,3,2.0,2,1,0,0,Yes
6.171205934850278,17,3,3,1.0,1.0,4.0,56,Travel_Rarely,Research & Development,10,4,Other,1,766,Male,2,Sales Representative,Married,42580,2.0,Y,16,8,0,5.0,2,3,1,0,No
6.1409248103525,18,3,3,2.0,3.0,3.0,45,Travel_Rarely,Research & Development,10,4,Life Sciences,1,346,Male,1,Research Director,Single,56050,1.0,Y,12,8,2,1.0,2,1,0,0,No
8.010058009816944,4,2,3,4.0,2.0,3.0,40,Travel_Frequently,Sales,1,3,Marketing,1,434,Male,1,Research Scientist,Divorced,39310,8.0,Y,19,8,0,3.0,2,1,0,0,No
6.09344042838,15,3,3,4.0,3.0,3.0,35,Travel_Rarely,Research & Development,15,2,Medical,1,173,Female,2,Laboratory Technician,Single,54060,0.0,Y,12,8,1,6.0,2,5,4,3,No
7.341761490405833,14,2,3,2.0,3.0,3.0,34,Non-Travel,Research & Development,7,2,Technical Degree,1,2729,Female,1,Research Scientist,Single,86200,0.0,Y,13,8,1,10.0,2,9,8,7,No
9.341363230700555,18,4,3,4.0,3.0,3.0,27,Travel_Rarely,Research & Development,13,2,Medical,1,63,Female,4,Research Director,Single,28560,1.0,Y,12,8,2,5.0,5,5,0,4,No
5.9686613119141665,6,3,3,4.0,3.0,3.0,30,Travel_Rarely,Research & Development,1,4,Technical Degree,1,1245,Female,1,Research Scientist,Single,53010,1.0,Y,16,8,1,10.0,3,10,1,8,No
10.025922579205556,15,4,3,2.0,1.0,3.0,29,Travel_Rarely,Sales,2,4,Marketing,1,3272,Female,4,Research Scientist,Married,106500,1.0,Y,13,8,2,1.0,2,1,0,0,Yes
9.18370370370361,15,4,3,3.0,1.0,4.0,31,Non-Travel,Sales,23,1,Medical,1,4065,Male,1,Sales Executive,Divorced,38670,1.0,Y,11,8,1,4.0,4,4,2,3,No
5.934716644355,14,3,3,4.0,2.0,2.0,44,Travel_Rarely,Sales,24,5,Medical,1,3300,Female,1,Sales Executive,Single,25660,9.0,Y,11,8,1,10.0,3,5,2,3,No
6.611693440428334,21,4,3,3.0,1.0,4.0,34,Travel_Rarely,Sales,4,3,Life Sciences,1,3647,Male,2,Research Scientist,Single,88470,1.0,Y,16,8,0,10.0,3,10,9,6,No
6.431574074073889,10,4,4,4.0,4.0,3.0,53,Travel_Rarely,Research & Development,1,1,Medical,1,3332,Male,1,Sales Executive,Single,44250,6.0,Y,22,8,1,33.0,2,12,3,8,No
7.433730477465278,17,1,3,1.0,3.0,3.0,23,Travel_Rarely,Research & Development,23,1,Life Sciences,1,308,Female,2,Research Scientist,Single,173280,1.0,Y,17,8,1,2.0,2,2,0,2,No
7.3149352967425,13,3,3,3.0,2.0,1.0,47,Non-Travel,Research & Development,3,2,Life Sciences,1,3917,Female,2,Sales Executive,Married,39550,7.0,Y,12,8,1,4.0,5,1,0,0,No
9.496305220883333,8,2,4,3.0,4.0,2.0,35,Non-Travel,Research & Development,1,1,Life Sciences,1,3571,Male,2,Sales Executive,Married,136100,4.0,Y,22,8,2,16.0,4,13,4,12,No
7.4191711289602775,13,3,3,3.0,2.0,3.0,29,Travel_Rarely,Research & Development,28,4,Life Sciences,1,1284,Female,1,Sales Representative,Married,48410,0.0,Y,11,8,0,6.0,3,5,0,4,No
7.3337672913875,12,2,3,1.0,3.0,3.0,26,Travel_Frequently,Research & Development,3,3,Medical,1,1982,Male,2,Laboratory Technician,Divorced,139640,1.0,Y,11,8,2,5.0,1,5,1,3,No
5.548329986613056,18,3,3,3.0,4.0,3.0,21,Travel_Rarely,Sales,2,3,Life Sciences,1,2706,Male,2,Manufacturing Director,Single,137570,1.0,Y,12,8,1,0.0,3,0,0,0,No
7.322629406514722,12,3,3,4.0,4.0,4.0,29,Travel_Frequently,Research & Development,6,2,Medical,1,1061,Male,1,Human Resources,Married,41150,1.0,Y,11,8,0,11.0,1,11,3,10,No
7.373640116019445,17,3,3,4.0,3.0,3.0,33,Non-Travel,Sales,15,3,Other,1,1923,Male,4,Research Director,Single,194360,1.0,Y,19,8,2,10.0,4,10,6,0,No
8.72000780901361,5,3,3,3.0,4.0,3.0,34,Travel_Frequently,Research & Development,9,4,Life Sciences,1,2581,Female,2,Manufacturing Director,Married,26250,1.0,Y,12,8,3,16.0,4,15,6,11,No
6.499181169120833,4,2,3,3.0,2.0,4.0,29,Travel_Rarely,Research & Development,19,4,Life Sciences,1,1634,Male,3,Research Scientist,Married,17900,5.0,Y,16,8,1,6.0,4,2,1,1,Yes
8.568365684961945,14,3,3,4.0,2.0,4.0,31,Travel_Frequently,Research & Development,3,1,Life Sciences,1,695,Male,1,Sales Executive,Single,71040,1.0,Y,14,8,1,3.0,3,3,2,2,Yes
5.595016733600834,21,4,3,4.0,2.0,2.0,48,Travel_Rarely,Research & Development,1,4,Life Sciences,1,2114,Female,2,Laboratory Technician,Single,132370,5.0,Y,13,8,1,7.0,2,1,0,0,No
6.116324185631389,15,2,3,4.0,3.0,2.0,43,Travel_Rarely,Sales,9,5,Technical Degree,1,4188,Female,1,Research Director,Divorced,12740,1.0,Y,19,8,0,6.0,3,5,1,4,No
6.849281570727222,16,3,3,2.0,3.0,3.0,40,Travel_Rarely,Research & Development,15,3,Life Sciences,1,1661,Female,2,Laboratory Technician,Single,25710,7.0,Y,14,8,0,22.0,1,20,5,13,No
6.208421463632222,7,4,3,1.0,4.0,,29,Travel_Rarely,Research & Development,5,4,Life Sciences,1,3340,Female,4,Healthcare Representative,Divorced,66730,6.0,Y,12,8,1,8.0,2,4,0,3,No
8.994060687193056,3,2,3,3.0,4.0,2.0,36,Travel_Rarely,Sales,9,3,Marketing,1,3785,Female,4,Research Scientist,Single,142750,3.0,Y,18,8,1,7.0,5,3,1,2,No
6.547684069611667,19,3,3,1.0,4.0,3.0,36,Travel_Frequently,Research & Development,6,3,Life Sciences,1,3042,Female,2,Research Scientist,Married,47710,4.0,Y,13,8,1,16.0,2,13,1,12,No
10.177815707273334,8,3,4,3.0,4.0,1.0,40,Travel_Frequently,Research & Development,26,4,Life Sciences,1,588,Male,2,Research Scientist,Married,194060,3.0,Y,20,8,3,16.0,2,1,0,0,No
5.795688308790556,8,3,3,3.0,2.0,3.0,21,Travel_Rarely,Human Resources,10,2,Human Resources,1,1583,Male,1,Laboratory Technician,Single,53730,1.0,Y,12,8,1,1.0,2,1,0,0,Yes
6.501198125836667,17,3,3,3.0,3.0,3.0,34,Travel_Frequently,Sales,24,4,Marketing,1,1372,Male,2,Manufacturing Director,Married,164130,6.0,Y,16,8,0,6.0,1,4,1,2,No
9.272661758143611,18,3,3,3.0,4.0,1.0,30,Travel_Rarely,Research & Development,21,1,Medical,1,1352,Male,2,Laboratory Technician,Married,104350,0.0,Y,11,8,0,12.0,5,11,4,7,No
6.0314212405175,17,3,4,2.0,1.0,2.0,35,Travel_Frequently,Research & Development,15,3,Medical,1,1269,Male,3,Manufacturing Director,Married,65490,1.0,Y,20,8,0,9.0,3,9,1,8,No
7.87463966979,7,2,3,1.0,2.0,3.0,28,Travel_Rarely,Sales,2,4,Life Sciences,1,3223,Male,3,Research Scientist,Single,20750,7.0,Y,18,8,3,10.0,0,7,3,7,Yes
7.548187193217222,5,2,3,4.0,4.0,3.0,43,Travel_Frequently,Sales,14,3,Life Sciences,1,3078,Female,1,Manufacturing Director,Married,37480,7.0,Y,14,8,2,8.0,3,3,1,2,No
6.981154618473889,7,3,4,4.0,4.0,2.0,46,Travel_Rarely,Human Resources,1,3,Life Sciences,1,4005,Female,1,Laboratory Technician,Divorced,190810,3.0,Y,21,8,0,12.0,2,9,4,7,No
6.62365015618,16,3,3,3.0,2.0,3.0,27,Travel_Rarely,Research & Development,20,4,Other,1,460,Male,2,Manufacturing Director,Married,34850,9.0,Y,17,8,2,4.0,2,2,2,2,No
6.568748326639723,20,4,3,4.0,4.0,3.0,39,Travel_Rarely,Sales,2,3,Life Sciences,1,3421,Male,3,Human Resources,Married,21150,1.0,Y,18,8,0,21.0,3,21,11,8,No
10.283344489067222,14,2,3,2.0,3.0,1.0,53,Travel_Rarely,Sales,14,2,Life Sciences,1,4305,Female,5,Manufacturing Director,Married,35170,2.0,Y,12,8,1,13.0,1,7,4,5,No
7.2152744310575,7,3,3,2.0,4.0,4.0,37,Travel_Rarely,Research & Development,8,1,Life Sciences,1,1677,Male,1,Sales Executive,Single,41930,4.0,Y,16,8,1,12.0,5,6,1,2,No
8.243568719321667,8,3,3,1.0,2.0,4.0,34,Travel_Rarely,Research & Development,7,1,Medical,1,3741,Male,1,Research Scientist,Single,62880,0.0,Y,15,8,1,16.0,2,15,10,10,Yes
8.90600066934389,11,3,4,4.0,4.0,3.0,43,Travel_Rarely,Sales,1,3,Marketing,1,2918,Female,2,Manufacturing Director,Married,29320,5.0,Y,24,8,0,22.0,3,17,1,9,No
6.568506247210833,22,3,4,3.0,1.0,4.0,60,Travel_Frequently,Research & Development,16,3,Life Sciences,1,1640,Female,4,Laboratory Technician,Married,23390,4.0,Y,20,8,0,22.0,4,18,13,11,No
6.420398259705278,19,4,3,2.0,2.0,3.0,28,Travel_Rarely,Research & Development,29,2,Life Sciences,1,4020,Male,2,Laboratory Technician,Married,68520,1.0,Y,18,8,1,1.0,2,1,0,0,No
7.613877733154722,10,3,3,3.0,4.0,3.0,21,Travel_Rarely,Research & Development,3,1,Life Sciences,1,2365,Female,1,Laboratory Technician,Single,170990,1.0,Y,14,8,1,3.0,2,2,2,2,No
6.670332440874445,16,3,3,2.0,1.0,3.0,25,Non-Travel,Research & Development,7,4,Medical,1,1480,Female,4,Laboratory Technician,Divorced,134640,1.0,Y,13,8,1,6.0,2,6,1,5,No
7.627585899151945,9,3,4,3.0,1.0,4.0,32,Travel_Rarely,Research & Development,24,3,Life Sciences,1,3375,Male,4,Laboratory Technician,Married,37300,1.0,Y,25,8,1,8.0,4,8,6,3,No
5.8034214636322226,8,3,3,4.0,4.0,3.0,42,Travel_Rarely,Research & Development,8,2,Life Sciences,1,2342,Female,5,Manager,Single,40140,8.0,Y,13,8,1,24.0,3,1,0,1,No
6.2904038375725,18,2,4,1.0,3.0,1.0,46,Travel_Rarely,Sales,4,1,Technical Degree,1,3112,Male,1,Laboratory Technician,Married,67120,6.0,Y,21,8,1,26.0,3,3,0,1,No
7.1504306113341665,5,2,3,4.0,4.0,3.0,32,Travel_Rarely,Research & Development,8,1,Medical,1,2607,Female,2,Research Scientist,Single,46270,8.0,Y,17,8,1,8.0,2,1,0,0,No
9.29953145917,10,3,3,4.0,2.0,3.0,41,Travel_Rarely,Research & Development,9,2,Life Sciences,1,89,Female,1,Laboratory Technician,Single,54870,6.0,Y,19,8,2,8.0,0,5,1,2,No
6.125139446675556,11,3,3,3.0,2.0,3.0,41,Travel_Rarely,Research & Development,5,3,Life Sciences,1,4039,Female,1,Sales Executive,Married,66230,5.0,Y,18,8,0,14.0,3,5,1,4,No
6.014217983043055,8,2,3,3.0,1.0,3.0,28,Travel_Rarely,Research & Development,7,3,Medical,1,1617,Male,3,Healthcare Representative,Divorced,119570,1.0,Y,13,8,0,10.0,2,10,1,8,No
6.514476796073056,17,2,3,1.0,2.0,2.0,49,Travel_Rarely,Research & Development,25,2,Life Sciences,1,420,Female,2,Sales Executive,Married,43450,4.0,Y,15,8,0,29.0,3,26,1,7,No
6.231782686300556,18,3,3,4.0,1.0,3.0,47,Travel_Rarely,Research & Development,2,3,Medical,1,275,Female,5,Sales Executive,Single,50210,2.0,Y,17,8,0,20.0,3,7,1,7,No
6.97703145917,20,3,4,1.0,4.0,2.0,24,Non-Travel,Research & Development,2,5,Technical Degree,1,3323,Male,2,Healthcare Representative,Married,187220,0.0,Y,22,8,1,6.0,3,5,3,4,No
7.9238721552877776,8,2,4,4.0,3.0,3.0,34,Non-Travel,Research & Development,7,4,Medical,1,3950,Female,1,Research Scientist,Divorced,196260,1.0,Y,21,8,0,15.0,5,15,0,7,No
8.799687639446667,18,1,3,2.0,4.0,2.0,38,Travel_Rarely,Research & Development,19,3,Medical,1,3991,Female,2,Manufacturing Director,Married,64740,2.0,Y,13,8,2,20.0,3,4,0,3,No
6.244544846050833,18,4,3,3.0,3.0,3.0,35,Non-Travel,Research & Development,2,1,Medical,1,258,Male,1,Research Scientist,Married,187400,1.0,Y,19,8,1,1.0,2,1,0,0,No
6.563664658634444,22,3,4,3.0,1.0,2.0,43,Travel_Rarely,Research & Development,7,2,Life Sciences,1,3016,Female,2,Manager,Married,65000,8.0,Y,23,8,0,10.0,3,1,0,0,No
5.867147478803889,5,3,3,4.0,1.0,3.0,39,Travel_Rarely,Research & Development,2,1,Medical,1,2679,Female,1,Research Scientist,Married,47790,4.0,Y,14,8,2,9.0,3,7,1,7,No
9.624552655064445,18,3,3,1.0,1.0,3.0,33,Travel_Frequently,Research & Development,15,4,Medical,1,3197,Female,1,Laboratory Technician,Single,24060,1.0,Y,11,8,0,10.0,3,10,9,7,Yes
6.0387237840247225,9,3,3,3.0,2.0,2.0,45,Non-Travel,Research & Development,8,1,Life Sciences,1,1909,Male,2,Sales Executive,Married,33190,1.0,Y,12,8,1,9.0,3,9,0,8,No
6.6137438643461115,7,3,3,3.0,4.0,3.0,27,Travel_Frequently,Research & Development,13,2,Life Sciences,1,1789,Female,4,Research Scientist,Married,195370,0.0,Y,12,8,0,5.0,5,4,1,1,No
9.131313029897223,5,3,3,1.0,4.0,,46,Travel_Frequently,Research & Development,20,3,Technical Degree,1,1261,Male,3,Sales Executive,Single,40350,4.0,Y,14,8,1,14.0,2,9,0,8,No
6.870745203034167,14,2,3,1.0,4.0,3.0,31,Travel_Rarely,Research & Development,8,5,Life Sciences,1,2487,Male,5,Sales Executive,Married,131200,1.0,Y,12,8,2,13.0,6,12,5,7,No
7.068854306113334,11,3,4,1.0,4.0,3.0,29,Travel_Rarely,Research & Development,19,4,Life Sciences,1,2106,Male,1,Manufacturing Director,Divorced,99500,1.0,Y,20,8,0,3.0,3,3,1,2,No
6.186782686300556,10,2,3,4.0,3.0,3.0,38,Travel_Frequently,Research & Development,7,3,Medical,1,3665,Female,2,Sales Representative,Divorced,76250,1.0,Y,15,8,0,4.0,2,4,0,3,No
5.6997612672911115,17,4,3,2.0,2.0,3.0,35,Travel_Frequently,Research & Development,1,3,Other,1,2879,Male,2,Research Director,Single,22750,5.0,Y,13,8,0,10.0,2,6,1,2,No
6.821863007585834,19,3,3,1.0,4.0,1.0,34,Travel_Rarely,Research & Development,3,3,Life Sciences,1,3798,Male,2,Sales Executive,Single,20440,1.0,Y,11,8,0,1.0,2,1,0,0,No
7.462772199910556,17,3,3,4.0,3.0,3.0,36,Non-Travel,Research & Development,8,4,Life Sciences,1,3865,Male,4,Laboratory Technician,Married,103880,0.0,Y,14,8,0,4.0,2,3,1,2,No
6.6112148594375,7,4,3,3.0,1.0,2.0,38,Travel_Rarely,Human Resources,2,4,Medical,1,233,Male,1,Human Resources,Single,20140,3.0,Y,17,8,1,8.0,5,0,0,0,No
10.639274877286667,3,3,3,2.0,4.0,3.0,44,Travel_Rarely,Research & Development,8,1,Life Sciences,1,2648,Female,1,Sales Representative,Single,26100,6.0,Y,15,8,0,6.0,2,4,1,2,No
6.145695002231111,18,3,3,2.0,2.0,2.0,30,Travel_Rarely,Research & Development,4,3,Medical,1,3824,Female,1,Research Director,Married,21210,1.0,Y,13,8,1,6.0,2,6,1,1,No
10.328779562695,8,3,4,3.0,3.0,2.0,28,Travel_Rarely,Research & Development,10,1,Medical,1,2734,Male,1,Sales Executive,Single,25610,1.0,Y,22,8,1,2.0,3,2,2,2,Yes
6.131379964301389,10,3,3,3.0,3.0,3.0,42,Non-Travel,Research & Development,1,1,Technical Degree,1,4350,Male,2,Sales Executive,Divorced,78790,2.0,Y,11,8,1,11.0,2,5,0,2,No
7.243524096385277,12,2,3,3.0,3.0,2.0,46,Travel_Rarely,Sales,19,4,Marketing,1,155,Female,1,Sales Executive,Divorced,41080,2.0,Y,14,8,0,19.0,5,10,0,8,No
8.30682954038361,8,3,4,3.0,4.0,3.0,35,Travel_Rarely,Research & Development,15,4,Life Sciences,1,2494,Male,2,Research Scientist,Single,19040,1.0,Y,22,8,1,10.0,4,10,7,7,Yes
7.052285809906111,8,3,4,1.0,4.0,3.0,42,Travel_Frequently,Research & Development,8,4,Medical,1,2263,Female,1,Sales Executive,Single,60620,1.0,Y,22,8,2,12.0,2,12,5,8,No
6.611890896920833,11,3,3,4.0,4.0,2.0,29,Travel_Rarely,Research & Development,3,3,Technical Degree,1,648,Female,2,Healthcare Representative,Divorced,48050,,Y,16,8,1,9.0,2,7,1,7,No
10.43528558679139,8,1,3,4.0,3.0,3.0,49,Travel_Rarely,Sales,21,1,Life Sciences,1,216,Male,1,Sales Executive,Divorced,40110,1.0,Y,18,8,2,31.0,2,31,0,9,No
6.541055332440833,9,1,3,1.0,3.0,2.0,49,Travel_Rarely,Research & Development,7,3,Life Sciences,1,2257,Male,3,Laboratory Technician,Married,53240,2.0,Y,19,8,0,20.0,2,3,1,2,No
6.0997289156625,19,2,3,3.0,3.0,3.0,44,Non-Travel,Research & Development,5,3,Life Sciences,1,785,Male,1,Laboratory Technician,Single,23190,3.0,Y,18,8,0,7.0,4,5,0,3,No
8.492295850066666,6,3,3,2.0,4.0,3.0,42,Travel_Rarely,Sales,1,3,Life Sciences,1,1121,Female,1,Sales Executive,Divorced,23720,3.0,Y,12,8,1,14.0,3,0,0,0,No
8.548406961177777,4,3,3,3.0,4.0,2.0,26,Travel_Rarely,Human Resources,9,3,Life Sciences,1,655,Male,2,Research Scientist,Single,68110,1.0,Y,11,8,1,8.0,4,8,2,2,No
9.895960508701389,5,2,3,2.0,1.0,2.0,30,Travel_Rarely,Research & Development,4,3,Life Sciences,1,1943,Female,5,Healthcare Representative,Married,56050,0.0,Y,12,8,1,9.0,0,8,1,7,No
6.1634772423025,20,2,3,1.0,3.0,4.0,49,Travel_Rarely,Sales,14,4,Life Sciences,1,642,Male,2,Research Scientist,Married,62300,2.0,Y,14,8,0,23.0,2,1,0,0,No
7.350915885765278,19,2,3,4.0,2.0,3.0,38,Travel_Frequently,Research & Development,2,5,Medical,1,1143,Female,4,Sales Executive,Married,84460,0.0,Y,14,8,0,7.0,3,6,1,2,No
8.082981927710833,9,2,4,2.0,3.0,3.0,31,Travel_Rarely,Research & Development,15,1,Medical,1,2815,Female,2,Sales Executive,Married,40660,3.0,Y,22,8,0,4.0,2,2,2,2,Yes
6.249861668897778,21,3,3,1.0,4.0,3.0,36,Non-Travel,Sales,28,1,Life Sciences,1,3391,Male,2,Research Scientist,Divorced,48980,4.0,Y,13,8,1,12.0,3,7,0,7,No
6.199965417224444,16,3,3,3.0,3.0,3.0,20,Travel_Rarely,Research & Development,18,4,Medical,1,921,Female,2,Sales Executive,Single,37430,1.0,Y,13,8,1,2.0,2,2,2,2,No
6.964200133868611,21,3,3,2.0,2.0,3.0,30,Travel_Frequently,Research & Development,8,4,Medical,1,475,Male,1,Sales Executive,Single,191440,0.0,Y,11,8,0,4.0,3,3,1,2,Yes
5.945283355644722,14,3,3,3.0,3.0,4.0,43,Travel_Frequently,Research & Development,14,3,Medical,1,73,Female,5,Research Director,Divorced,38860,1.0,Y,17,8,2,9.0,2,9,0,0,No
6.973972556894167,7,3,3,2.0,3.0,3.0,29,Travel_Rarely,Research & Development,8,3,Medical,1,163,Female,3,Manufacturing Director,Married,194310,1.0,Y,11,8,0,10.0,3,10,0,7,No
9.899727800089167,12,3,4,4.0,3.0,4.0,30,Non-Travel,Sales,25,4,Other,1,1567,Male,1,Healthcare Representative,Married,53800,7.0,Y,21,8,1,4.0,0,2,2,2,No
7.5880365908075,10,3,3,3.0,2.0,2.0,52,Travel_Rarely,Research & Development,7,1,Life Sciences,1,60,Female,2,Research Scientist,Married,47740,2.0,Y,18,8,1,11.0,2,8,7,7,Yes
6.804213520749444,18,2,3,2.0,1.0,3.0,43,Travel_Rarely,Research & Development,25,2,Medical,1,352,Male,2,Healthcare Representative,Married,61320,6.0,Y,13,8,0,22.0,3,4,1,0,No
6.05562583668,10,1,4,3.0,2.0,3.0,31,Travel_Rarely,Research & Development,3,2,Medical,1,2755,Female,3,Sales Executive,Single,42850,1.0,Y,21,8,1,1.0,2,1,1,0,No
9.182936189201111,3,3,3,1.0,1.0,3.0,38,Travel_Rarely,Research & Development,8,3,Life Sciences,1,2960,Female,1,Manager,Divorced,68700,1.0,Y,11,8,1,8.0,5,8,7,7,No
6.011565149486667,8,4,3,4.0,2.0,1.0,35,Travel_Rarely,Research & Development,23,4,Life Sciences,1,2294,Male,2,Research Scientist,Single,63340,1.0,Y,14,8,0,11.0,2,11,3,3,No
5.713265283355556,17,2,3,2.0,1.0,1.0,31,Travel_Rarely,Research & Development,10,4,Life Sciences,1,137,Male,3,Sales Executive,Married,21870,1.0,Y,15,8,1,13.0,2,13,3,12,No
6.653464970995,22,3,3,2.0,4.0,2.0,30,Travel_Rarely,Sales,9,4,Marketing,1,2446,Male,1,Laboratory Technician,Married,87220,1.0,Y,17,8,1,10.0,3,10,0,8,No
6.2616198125836116,5,4,3,3.0,4.0,2.0,55,Travel_Rarely,Human Resources,16,3,Technical Degree,1,1821,Male,4,Manufacturing Director,Single,43190,4.0,Y,11,8,0,12.0,3,9,7,3,Yes
6.1152588130297225,18,4,4,1.0,1.0,3.0,60,Travel_Rarely,Research & Development,8,2,Life Sciences,1,3219,Female,5,Laboratory Technician,Single,53290,8.0,Y,20,8,0,10.0,3,2,2,2,No
5.831321954484444,19,4,3,3.0,4.0,4.0,49,Travel_Rarely,Sales,7,2,Life Sciences,1,1820,Female,2,Healthcare Representative,Married,89980,1.0,Y,14,8,2,9.0,2,9,7,7,Yes
7.757408522980556,19,2,3,3.0,4.0,3.0,45,Travel_Rarely,Research & Development,17,2,Medical,1,1481,Male,2,Laboratory Technician,Married,79910,0.0,Y,13,8,2,21.0,2,20,4,10,No
6.848192771084166,19,3,4,4.0,3.0,3.0,35,Travel_Rarely,Sales,8,4,Life Sciences,1,2445,Male,1,Laboratory Technician,Married,24610,2.0,Y,20,8,1,17.0,4,7,0,7,No
9.264941990182777,4,3,3,2.0,2.0,3.0,42,Travel_Rarely,Research & Development,23,4,Life Sciences,1,2138,Female,1,Manager,Married,64470,6.0,Y,13,8,0,18.0,3,1,0,0,No
7.677974118696945,7,3,4,4.0,4.0,3.0,26,Travel_Rarely,Sales,1,3,Marketing,1,3416,Female,2,Research Scientist,Married,175840,1.0,Y,20,8,0,8.0,2,8,1,3,No
7.235296742525556,9,1,3,4.0,2.0,3.0,33,Travel_Rarely,Research & Development,4,3,Life Sciences,1,2868,Male,1,Human Resources,Married,33060,1.0,Y,11,8,3,8.0,6,8,1,6,No
10.186752565818612,16,2,3,4.0,3.0,2.0,31,Travel_Rarely,Research & Development,15,2,Life Sciences,1,2198,Male,2,Sales Executive,Married,49600,1.0,Y,15,8,0,10.0,3,10,6,7,Yes
8.693284248103334,8,2,3,3.0,2.0,3.0,33,Travel_Frequently,Sales,1,3,Marketing,1,458,Male,2,Human Resources,Married,21760,1.0,Y,14,8,1,6.0,2,6,1,2,No
6.732850290048889,23,3,3,1.0,3.0,2.0,43,Non-Travel,Human Resources,8,5,Medical,1,1036,Female,3,Sales Executive,Single,22580,4.0,Y,18,8,0,7.0,2,3,1,2,No
9.787759928603055,5,3,3,4.0,4.0,2.0,33,Travel_Rarely,Research & Development,1,2,Medical,1,1775,Male,3,Laboratory Technician,Single,28710,1.0,Y,17,8,3,10.0,2,10,7,8,Yes
7.966096608656667,7,3,3,1.0,1.0,3.0,26,Travel_Frequently,Sales,2,3,Life Sciences,1,1975,Male,2,Research Scientist,Married,48210,6.0,Y,14,8,2,6.0,2,3,1,2,Yes
8.682660642570278,16,3,3,3.0,2.0,3.0,27,Non-Travel,Research & Development,2,3,Life Sciences,1,1544,Male,1,Research Director,Married,168230,0.0,Y,17,8,0,6.0,3,5,1,4,No
7.318058902275555,18,4,4,4.0,1.0,2.0,34,Travel_Frequently,Research & Development,2,1,Life Sciences,1,2503,Male,1,Manufacturing Director,Married,134990,4.0,Y,23,8,2,11.0,2,7,0,7,Yes
6.078459393128056,17,3,3,4.0,4.0,4.0,39,Travel_Rarely,Human Resources,1,4,Medical,1,1246,Male,1,Sales Executive,Married,36730,3.0,Y,14,8,1,19.0,3,1,0,0,Yes
6.138780678268611,6,3,3,2.0,4.0,3.0,28,Travel_Rarely,Research & Development,21,4,Life Sciences,1,1842,Female,1,Healthcare Representative,Divorced,25000,1.0,Y,16,8,2,6.0,3,5,0,4,No
6.948871039714167,8,3,4,4.0,4.0,3.0,26,Non-Travel,Research & Development,18,2,Medical,1,3889,Male,1,Human Resources,Single,108800,1.0,Y,23,8,1,7.0,5,7,5,7,No
7.155449576081945,15,3,3,2.0,2.0,2.0,42,Travel_Rarely,Research & Development,20,2,Medical,1,3287,Male,2,Sales Representative,Married,72950,1.0,Y,15,8,0,10.0,3,9,7,8,No
6.585214190093611,18,3,3,4.0,1.0,4.0,35,Non-Travel,Research & Development,5,1,Medical,1,300,Male,1,Healthcare Representative,Divorced,51630,2.0,Y,18,8,2,16.0,4,1,0,0,No
9.046835118250556,13,3,3,3.0,1.0,3.0,35,Non-Travel,Research & Development,5,4,Technical Degree,1,4206,Female,3,Manufacturing Director,Married,48980,2.0,Y,15,8,2,10.0,2,4,2,3,No
8.264600624720833,15,3,3,1.0,3.0,2.0,45,Travel_Rarely,Research & Development,22,3,Life Sciences,1,2067,Female,2,Sales Representative,Married,132120,4.0,Y,13,8,0,7.0,4,3,0,2,No
8.96047188755,4,2,3,3.0,4.0,3.0,31,Travel_Rarely,Research & Development,20,1,Technical Degree,1,1522,Female,3,Research Scientist,Married,99070,,Y,13,8,1,6.0,3,5,0,3,No
10.483958054439722,12,3,4,1.0,1.0,3.0,26,Travel_Frequently,Research & Development,9,3,Life Sciences,1,1497,Female,1,Manager,Married,162910,1.0,Y,22,8,0,5.0,3,5,3,3,No
5.914191209281389,7,4,3,4.0,2.0,2.0,48,Travel_Rarely,Research & Development,1,4,Life Sciences,1,644,Female,2,Laboratory Technician,Single,132370,5.0,Y,13,8,1,7.0,2,1,0,0,No
7.114883980365834,13,3,3,1.0,2.0,3.0,37,Non-Travel,Research & Development,7,2,Medical,1,3150,Male,1,Sales Executive,Divorced,20280,1.0,Y,16,8,1,9.0,3,9,7,7,No
10.213510709504444,4,3,3,4.0,2.0,3.0,56,Travel_Rarely,Research & Development,24,4,Life Sciences,1,2189,Male,2,Laboratory Technician,Married,32210,4.0,Y,15,8,2,33.0,2,19,15,9,No
5.487701918786111,21,2,3,4.0,4.0,3.0,24,Travel_Frequently,Sales,22,3,Life Sciences,1,3153,Female,1,Healthcare Representative,Married,29350,0.0,Y,14,8,2,3.0,5,2,2,1,No
7.522344935296666,15,2,3,1.0,3.0,3.0,45,Travel_Frequently,Sales,21,1,Marketing,1,2932,Male,3,Research Scientist,Married,22890,4.0,Y,13,8,0,9.0,3,3,0,2,No
7.504865015617778,9,3,3,3.0,3.0,4.0,45,Travel_Rarely,Research & Development,19,4,Medical,1,986,Male,1,Sales Representative,Married,71190,4.0,Y,15,8,0,9.0,2,5,0,3,No
6.632546854082777,19,2,3,4.0,4.0,3.0,35,Travel_Rarely,Research & Development,1,4,Other,1,2186,Female,2,Research Director,Married,81200,0.0,Y,13,8,0,10.0,2,9,0,0,No
6.771792726461389,11,3,3,4.0,3.0,2.0,31,Non-Travel,Research & Development,1,2,Technical Degree,1,1892,Female,2,Sales Executive,Married,27930,1.0,Y,16,8,0,9.0,4,9,0,0,No
6.048932396251667,17,2,4,3.0,1.0,3.0,27,Travel_Rarely,Research & Development,10,3,Medical,1,3213,Male,5,Research Scientist,Married,132450,1.0,Y,23,8,1,9.0,3,9,0,7,No
8.267108433734721,12,3,3,2.0,4.0,2.0,43,Travel_Rarely,Research & Development,10,5,Technical Degree,1,3172,Female,2,Sales Executive,Divorced,26830,4.0,Y,11,8,0,21.0,3,1,0,0,No
7.0433400267736115,13,3,3,2.0,1.0,2.0,28,Travel_Rarely,Research & Development,23,3,Life Sciences,1,2364,Male,3,Manufacturing Director,Divorced,46010,0.0,Y,15,8,2,6.0,2,5,0,0,No
8.637327086122223,18,2,4,3.0,3.0,3.0,40,Travel_Rarely,Research & Development,8,3,Medical,1,1581,Female,1,Healthcare Representative,Married,86280,2.0,Y,20,8,0,8.0,2,6,1,0,Yes
5.800688308790556,8,2,4,4.0,3.0,3.0,32,Non-Travel,Research & Development,7,2,Life Sciences,1,212,Female,2,Research Director,Married,32980,8.0,Y,22,8,0,6.0,4,4,1,2,Yes
6.435560017849166,11,1,3,2.0,3.0,2.0,40,Travel_Frequently,Research & Development,2,4,Medical,1,2050,Male,4,Human Resources,Single,75960,9.0,Y,11,8,0,20.0,0,18,2,13,No
6.960893574296945,5,4,3,4.0,3.0,2.0,58,Travel_Rarely,Research & Development,8,4,Life Sciences,1,2781,Male,2,Sales Executive,Single,29720,0.0,Y,14,8,0,38.0,2,37,1,8,No
5.864801427933889,9,4,3,2.0,2.0,3.0,35,Travel_Frequently,Research & Development,1,3,Other,1,4349,Male,2,Research Director,Single,22750,5.0,Y,13,8,0,10.0,2,6,1,2,No
6.2871028558677775,19,3,3,3.0,1.0,3.0,29,Travel_Frequently,Human Resources,2,4,Human Resources,1,1108,Male,2,Sales Executive,Single,28750,1.0,Y,11,8,0,1.0,3,1,0,0,Yes
7.762282463185834,8,2,3,3.0,2.0,3.0,32,Travel_Rarely,Human Resources,13,4,Life Sciences,1,2921,Female,3,Manufacturing Director,Married,85640,2.0,Y,16,8,1,6.0,2,4,1,2,No
7.550253235162778,5,2,3,3.0,3.0,2.0,38,Travel_Frequently,Research & Development,13,3,Technical Degree,1,465,Male,1,Manufacturing Director,Married,32100,0.0,Y,17,8,2,3.0,5,2,0,2,No
10.234273761713334,4,3,4,4.0,3.0,4.0,30,Non-Travel,Sales,25,4,Other,1,97,Male,1,Healthcare Representative,Married,53800,7.0,Y,21,8,1,4.0,0,2,2,2,No
5.723318830878889,22,2,3,1.0,3.0,1.0,37,Travel_Rarely,Sales,10,4,Marketing,1,1908,Female,3,Human Resources,Married,30720,5.0,Y,14,8,0,17.0,3,14,11,7,Yes
9.424116465863333,10,2,4,4.0,1.0,3.0,35,Travel_Rarely,Sales,7,4,Life Sciences,1,3474,Male,3,Sales Representative,Single,61180,0.0,Y,21,8,1,9.0,3,8,4,7,Yes
6.822862561356389,20,3,3,1.0,2.0,3.0,55,Travel_Rarely,Research & Development,1,3,Medical,1,3128,Female,1,Sales Executive,Single,120310,3.0,Y,11,8,0,37.0,5,10,7,7,No
8.260271084337223,7,3,3,3.0,3.0,3.0,49,Travel_Rarely,Human Resources,6,2,Life Sciences,1,924,Female,2,Research Scientist,Married,107390,2.0,Y,11,8,3,30.0,3,15,2,12,No
7.113221775992778,7,2,3,4.0,1.0,2.0,41,Travel_Frequently,Sales,10,2,Medical,1,1360,Female,3,Manufacturing Director,Divorced,79450,4.0,Y,12,8,1,21.0,6,7,7,7,No
10.42924364123139,10,2,3,3.0,3.0,2.0,47,Travel_Rarely,Research & Development,8,4,Medical,1,3750,Female,2,Sales Representative,Married,23660,3.0,Y,17,8,0,11.0,5,5,1,2,No
9.564423248549723,6,3,3,3.0,4.0,3.0,36,Travel_Rarely,Research & Development,10,3,Medical,1,3376,Male,3,Sales Executive,Married,22320,1.0,Y,12,8,1,16.0,2,16,3,7,Yes
6.423100178491667,17,3,4,1.0,4.0,3.0,56,Travel_Rarely,Human Resources,1,2,Medical,1,4037,Female,5,Sales Executive,Single,25590,1.0,Y,21,8,0,5.0,3,4,1,0,Yes
6.6077264614011115,21,3,4,2.0,4.0,2.0,19,Travel_Rarely,Research & Development,8,2,Life Sciences,1,4330,Male,2,Sales Executive,Single,159720,1.0,Y,21,8,0,1.0,2,1,1,0,Yes
6.957549085229722,12,3,3,3.0,3.0,3.0,30,Travel_Frequently,Research & Development,4,5,Technical Degree,1,244,Male,3,Manager,Divorced,57720,1.0,Y,17,8,0,1.0,3,1,0,0,No
5.954673136992223,13,3,3,4.0,4.0,3.0,53,Travel_Rarely,Research & Development,9,3,Life Sciences,1,3239,Female,3,Laboratory Technician,Single,48090,2.0,Y,18,8,0,19.0,2,2,2,2,No
7.122437527889167,10,3,3,3.0,1.0,2.0,56,Travel_Frequently,Research & Development,20,4,Life Sciences,1,144,Female,3,Sales Executive,Married,53210,9.0,Y,14,8,0,36.0,1,7,7,7,No
8.848461624274723,5,3,3,3.0,1.0,2.0,46,Travel_Frequently,Research & Development,12,1,Medical,1,2776,Male,1,Laboratory Technician,Married,20740,2.0,Y,15,8,1,21.0,3,10,9,5,No
10.337145247657222,3,3,3,4.0,3.0,3.0,50,Travel_Frequently,Research & Development,1,4,Medical,1,544,Male,2,Research Scientist,Single,159920,3.0,Y,14,8,0,5.0,3,0,0,0,Yes
5.759625167335833,22,3,3,2.0,4.0,3.0,32,Travel_Rarely,Research & Development,3,2,Life Sciences,1,3822,Male,3,Research Scientist,Married,47210,3.0,Y,14,8,1,6.0,3,3,0,2,No
9.227227800089167,4,3,3,3.0,4.0,2.0,30,Travel_Rarely,Research & Development,7,3,Technical Degree,1,345,Male,2,Research Director,Single,14830,5.0,Y,13,8,0,12.0,3,0,0,0,No
6.3962449799194445,12,3,3,1.0,3.0,3.0,51,Travel_Rarely,Research & Development,1,4,Life Sciences,1,1018,Female,1,Manager,Married,40330,2.0,Y,14,8,0,15.0,2,2,2,2,No
5.8666309683175,9,3,3,1.0,4.0,3.0,33,Travel_Rarely,Sales,26,2,Marketing,1,2096,Male,1,Research Scientist,Married,42300,0.0,Y,12,8,0,15.0,0,14,4,10,No
7.108023203926667,10,3,3,3.0,2.0,3.0,35,Travel_Rarely,Sales,8,1,Marketing,1,4304,Female,3,Laboratory Technician,Married,37600,1.0,Y,14,8,3,10.0,2,10,0,6,No
9.19811802766611,6,2,4,2.0,3.0,3.0,50,Travel_Frequently,Research & Development,3,3,Other,1,881,Male,2,Research Scientist,Married,42940,2.0,Y,20,8,0,32.0,2,30,12,13,No
9.768964747880277,17,2,4,3.0,4.0,3.0,27,Travel_Rarely,Sales,2,4,Medical,1,3293,Male,2,Manager,Divorced,33460,1.0,Y,21,8,1,9.0,2,9,0,8,No
7.429799196786944,15,3,3,1.0,4.0,4.0,19,Travel_Rarely,Research & Development,4,3,Medical,1,165,Male,1,Sales Executive,Single,76440,1.0,Y,15,8,2,1.0,2,1,0,0,Yes
6.333652387326945,16,3,3,3.0,1.0,3.0,30,Non-Travel,Sales,1,3,Medical,1,4326,Female,1,Sales Executive,Divorced,54700,1.0,Y,18,8,1,12.0,2,12,6,10,No
6.9768016510486115,21,3,4,3.0,4.0,2.0,51,Travel_Rarely,Research & Development,1,2,Life Sciences,1,119,Male,1,Sales Executive,Married,41050,4.0,Y,22,8,1,18.0,2,7,0,7,No
5.550182954038333,18,3,3,2.0,2.0,3.0,32,Non-Travel,Research & Development,10,4,Life Sciences,1,3943,Female,1,Laboratory Technician,Single,87400,2.0,Y,11,8,1,12.0,2,7,0,7,No
5.949687639446666,18,4,3,4.0,4.0,4.0,43,Travel_Rarely,Research & Development,7,2,Medical,1,669,Female,1,Laboratory Technician,Single,195020,3.0,Y,18,8,2,23.0,3,21,15,17,No
8.281270638107777,9,3,3,3.0,1.0,2.0,31,Travel_Rarely,Research & Development,21,3,Life Sciences,1,638,Male,2,Laboratory Technician,Married,99800,1.0,Y,12,8,0,6.0,1,6,0,1,No
8.380700580098056,6,2,3,3.0,2.0,3.0,55,Travel_Frequently,Research & Development,26,2,Life Sciences,1,1958,Female,2,Sales Executive,Married,27890,3.0,Y,13,8,1,17.0,2,8,6,7,No
6.413691432396111,18,2,3,4.0,4.0,3.0,39,Travel_Rarely,Research & Development,1,3,Other,1,3337,Female,3,Human Resources,Married,68040,8.0,Y,14,8,1,13.0,3,5,0,4,No
6.955496430165,15,2,3,1.0,4.0,3.0,31,Travel_Rarely,Research & Development,28,4,Technical Degree,1,3874,Female,2,Sales Executive,Married,127420,1.0,Y,11,8,0,10.0,4,10,0,2,No
5.6869031682283335,24,3,4,2.0,1.0,2.0,34,Travel_Frequently,Research & Development,2,4,Medical,1,2268,Female,2,Sales Representative,Divorced,68770,7.0,Y,20,8,0,16.0,3,14,6,9,No
9.853332217759721,13,3,3,3.0,1.0,3.0,25,Travel_Rarely,Sales,11,3,Life Sciences,1,1847,Female,1,Laboratory Technician,Married,23110,1.0,Y,11,8,1,5.0,2,5,0,3,No
5.839499107541111,6,3,3,3.0,3.0,4.0,40,Travel_Rarely,Research & Development,1,1,Life Sciences,1,557,Male,1,Healthcare Representative,Single,22130,1.0,Y,17,8,0,21.0,4,20,4,9,No
6.5326450245425,6,4,3,1.0,3.0,2.0,30,Travel_Rarely,Sales,13,3,Marketing,1,2826,Female,2,Laboratory Technician,Single,57700,1.0,Y,16,8,1,5.0,2,5,0,4,No
7.963643462739722,13,3,3,3.0,,3.0,40,Travel_Rarely,Sales,5,5,Life Sciences,1,3779,Male,1,Manufacturing Director,Single,52310,1.0,Y,12,8,2,21.0,4,21,7,7,No
7.533669120928056,14,2,3,4.0,3.0,2.0,34,Travel_Frequently,Sales,9,1,Technical Degree,1,3505,Male,2,Sales Executive,Single,26570,2.0,Y,13,8,1,5.0,3,3,0,2,No
6.677000223114445,18,1,3,3.0,3.0,3.0,21,Travel_Rarely,Sales,16,2,Life Sciences,1,1709,Male,3,Sales Executive,Single,87260,1.0,Y,11,8,1,3.0,2,3,1,2,No
5.8651952253455555,21,3,3,2.0,3.0,2.0,33,Travel_Rarely,Sales,1,3,Life Sciences,1,4046,Female,5,Sales Executive,Single,12230,1.0,Y,13,8,1,10.0,3,10,0,9,No
6.093780678268611,18,3,3,1.0,3.0,4.0,37,Travel_Rarely,Research & Development,1,3,Life Sciences,1,4231,Female,3,Sales Executive,Single,52070,4.0,Y,17,8,3,16.0,3,5,0,2,No
6.923985943775,16,4,4,4.0,2.0,3.0,50,Travel_Rarely,Sales,9,3,Life Sciences,1,3222,Male,2,Research Scientist,Married,23220,7.0,Y,25,8,1,4.0,0,2,2,2,No
7.3100156180275,19,3,3,3.0,2.0,2.0,52,Travel_Rarely,Research & Development,7,1,Life Sciences,1,3000,Female,2,Research Scientist,Married,47740,2.0,Y,18,8,1,11.0,2,8,7,7,Yes
8.267090584560277,10,3,3,3.0,4.0,3.0,29,Travel_Frequently,Sales,3,2,Marketing,1,2220,Female,2,Laboratory Technician,Single,68110,0.0,Y,15,8,1,9.0,2,8,7,7,Yes
9.6396240517625,14,3,3,1.0,3.0,3.0,32,Travel_Frequently,Research & Development,9,3,Life Sciences,1,4058,Male,2,Laboratory Technician,Single,191900,3.0,Y,17,8,1,8.0,2,4,0,3,Yes
6.763322177599167,21,3,3,4.0,2.0,2.0,33,Non-Travel,Research & Development,2,4,Medical,1,996,Male,1,Sales Representative,Single,25960,8.0,Y,14,8,1,13.0,4,11,1,7,No
7.1794210174027775,7,3,3,4.0,3.0,2.0,38,Travel_Rarely,Research & Development,11,2,Life Sciences,1,2415,Male,1,Sales Executive,Married,198450,7.0,Y,11,8,1,7.0,3,0,0,0,No
7.403495091476945,16,3,4,3.0,4.0,4.0,34,Travel_Rarely,Research & Development,10,4,Other,1,726,Female,2,Laboratory Technician,Single,74120,1.0,Y,24,8,0,14.0,4,14,4,11,No
8.590515394912778,15,3,3,4.0,3.0,3.0,43,Travel_Frequently,Sales,4,3,Medical,1,1704,Female,2,Healthcare Representative,Divorced,34190,3.0,Y,11,8,1,10.0,5,8,4,7,No
6.382989736724444,8,3,3,3.0,2.0,3.0,42,Travel_Rarely,Research & Development,1,3,Life Sciences,1,3771,Female,1,Manufacturing Director,Married,106850,4.0,Y,11,8,3,4.0,2,1,0,0,No
6.703873270861111,16,3,3,2.0,4.0,2.0,31,Travel_Rarely,Research & Development,8,1,Technical Degree,1,1516,Male,1,Manufacturing Director,Married,29360,4.0,Y,12,8,1,10.0,2,8,7,7,No
6.707713074520278,13,3,3,4.0,1.0,4.0,35,Non-Travel,Research & Development,5,1,Medical,1,1770,Male,1,Healthcare Representative,Divorced,51630,2.0,Y,18,8,2,16.0,4,1,0,0,No
6.107708612226666,16,2,3,2.0,3.0,3.0,40,Travel_Rarely,Research & Development,3,3,Life Sciences,1,3661,Male,2,Sales Executive,Divorced,45770,5.0,Y,11,8,1,15.0,3,12,11,8,No
6.015408299866111,12,2,4,4.0,3.0,2.0,29,Non-Travel,Sales,22,4,Marketing,1,1562,Male,2,Human Resources,Married,57360,1.0,Y,22,8,0,4.0,1,4,0,2,No
5.656244979919444,22,3,4,4.0,3.0,2.0,34,Travel_Frequently,Research & Development,5,3,Medical,1,158,Male,2,Research Scientist,Divorced,137440,0.0,Y,20,8,1,3.0,3,2,1,0,Yes
7.897929495760556,4,3,3,2.0,4.0,3.0,36,Travel_Frequently,Human Resources,7,3,Medical,1,2800,Male,1,Research Scientist,Married,26900,0.0,Y,11,8,0,10.0,1,9,2,8,No
8.623647925033334,18,3,3,1.0,4.0,3.0,46,Travel_Frequently,Research & Development,20,3,Technical Degree,1,2731,Male,3,Sales Executive,Single,40350,4.0,Y,14,8,1,14.0,2,9,0,8,No
9.511185854529167,15,2,3,3.0,4.0,3.0,59,Travel_Rarely,Research & Development,16,4,Medical,1,3426,Female,5,Laboratory Technician,Single,186650,3.0,Y,12,8,0,30.0,3,5,4,3,No
7.699776885318889,21,3,3,4.0,3.0,3.0,32,Travel_Frequently,Research & Development,9,3,Life Sciences,1,3564,Female,2,Research Scientist,Single,50700,4.0,Y,12,8,1,10.0,6,8,0,7,No
8.463939089691944,4,3,3,2.0,4.0,3.0,60,Travel_Rarely,Sales,2,2,Life Sciences,1,3562,Male,2,Sales Executive,Divorced,25640,0.0,Y,14,8,1,12.0,3,11,1,9,No
6.2207708612225,7,3,4,3.0,1.0,3.0,23,Travel_Rarely,Research & Development,10,3,Medical,1,2769,Male,2,Laboratory Technician,Divorced,64390,3.0,Y,22,8,3,3.0,2,0,0,0,No
5.69458723784,12,2,3,3.0,3.0,4.0,35,Travel_Frequently,Research & Development,19,3,Life Sciences,1,2911,Female,1,Sales Executive,Single,21450,1.0,Y,13,8,0,10.0,6,10,0,8,No
6.884605087014722,14,2,3,3.0,3.0,3.0,29,Travel_Rarely,Research & Development,20,1,Medical,1,915,Female,2,Manager,Single,41630,9.0,Y,15,8,1,8.0,4,5,1,4,No
8.581112226684445,15,2,4,4.0,4.0,3.0,20,Travel_Frequently,Sales,8,3,Marketing,1,1989,Male,3,Sales Executive,Single,34640,1.0,Y,20,8,0,2.0,3,2,0,2,Yes
8.398550870147222,11,2,3,4.0,3.0,3.0,35,Travel_Rarely,Research & Development,9,2,Life Sciences,1,3318,Female,1,Healthcare Representative,Married,31400,1.0,Y,13,8,1,17.0,2,17,5,15,No
6.890247657295833,17,3,3,3.0,2.0,3.0,35,Travel_Rarely,Sales,8,1,Marketing,1,1364,Female,3,Laboratory Technician,Married,37600,1.0,Y,14,8,3,10.0,2,10,0,6,No
6.3542358322175,17,1,3,3.0,4.0,3.0,30,Travel_Frequently,Research & Development,1,4,Medical,1,4197,Male,1,Research Scientist,Single,20330,1.0,Y,14,8,1,12.0,3,12,3,7,No
9.4063933511825,12,1,3,4.0,3.0,3.0,48,Travel_Frequently,Sales,10,2,Marketing,1,947,Male,1,Healthcare Representative,Married,63470,2.0,Y,12,8,1,19.0,3,9,7,7,Yes
10.384829317268888,7,2,4,2.0,3.0,3.0,37,Non-Travel,Research & Development,1,3,Medical,1,3081,Male,3,Laboratory Technician,Married,20080,3.0,Y,22,8,0,15.0,5,13,10,7,No
8.835515394912777,15,3,3,1.0,2.0,3.0,36,Travel_Rarely,Research & Development,1,3,Medical,1,754,Male,2,Sales Executive,Single,53090,3.0,Y,13,8,0,15.0,5,5,0,1,No
7.140719544845833,15,3,4,3.0,4.0,2.0,51,Travel_Rarely,Research & Development,1,2,Life Sciences,1,3059,Male,1,Sales Executive,Married,41050,4.0,Y,22,8,1,18.0,2,7,0,7,No
5.670689424363889,18,3,3,1.0,2.0,2.0,40,Travel_Rarely,Research & Development,1,4,Medical,1,3367,Male,2,Research Scientist,Divorced,192320,2.0,Y,14,8,1,11.0,3,1,0,0,No
10.219431057563334,6,3,3,4.0,4.0,2.0,58,Travel_Frequently,Sales,9,2,Technical Degree,1,3343,Male,1,Sales Executive,Divorced,21530,9.0,Y,11,8,0,3.0,3,1,0,0,Yes
10.724109772422779,2,1,3,4.0,3.0,3.0,49,Travel_Rarely,Sales,21,1,Life Sciences,1,3156,Male,1,Sales Executive,Divorced,40110,1.0,Y,18,8,2,31.0,2,31,0,9,No
6.270796519410833,17,3,3,4.0,2.0,3.0,31,Travel_Rarely,Research & Development,16,4,Life Sciences,1,2248,Male,3,Human Resources,Single,42440,9.0,Y,13,8,0,8.0,3,3,0,2,No
7.652668451583889,8,3,4,3.0,4.0,4.0,34,Travel_Rarely,Research & Development,10,4,Other,1,2196,Female,2,Laboratory Technician,Single,74120,1.0,Y,24,8,0,14.0,4,14,4,11,No
10.741521642123889,4,3,3,3.0,3.0,3.0,36,Travel_Rarely,Research & Development,18,1,Medical,1,888,Male,2,Manufacturing Director,Married,67250,9.0,Y,17,8,1,7.0,3,3,1,1,No
6.863613342257778,8,2,3,4.0,2.0,3.0,29,Travel_Rarely,Sales,20,3,Marketing,1,3238,Female,2,Manager,Divorced,29260,1.0,Y,15,8,1,2.0,3,2,2,2,No
8.263554216867222,17,2,3,2.0,3.0,2.0,22,Non-Travel,Sales,17,2,Marketing,1,3820,Male,3,Sales Executive,Married,97050,1.0,Y,18,8,2,4.0,3,4,1,3,No
7.256364346273889,20,3,3,1.0,3.0,4.0,41,Travel_Frequently,Sales,11,3,Other,1,1929,Male,1,Laboratory Technician,Divorced,168720,2.0,Y,15,8,1,21.0,2,18,0,11,No
5.911398929049445,8,3,3,2.0,4.0,2.0,34,Travel_Rarely,Research & Development,2,2,Life Sciences,1,3800,Male,2,Research Scientist,Married,65860,9.0,Y,18,8,1,9.0,3,2,2,1,No
9.164568273092222,18,3,3,1.0,2.0,3.0,45,Travel_Rarely,Human Resources,12,3,Human Resources,1,656,Male,2,Laboratory Technician,Single,43060,2.0,Y,11,8,2,26.0,3,24,1,11,Yes
7.674680946006111,21,4,3,,4.0,3.0,38,Travel_Rarely,Research & Development,24,2,Other,1,490,Female,1,Laboratory Technician,Single,23260,8.0,Y,14,8,0,19.0,3,1,0,0,No
6.130056894243611,17,3,3,2.0,2.0,2.0,58,Non-Travel,Research & Development,2,4,Medical,1,3984,Male,1,Laboratory Technician,Divorced,23760,4.0,Y,12,8,1,37.0,3,16,14,14,No
5.725047969656389,12,2,3,3.0,3.0,3.0,40,Travel_Rarely,Sales,26,4,Marketing,1,1630,Female,1,Sales Executive,Married,34820,0.0,Y,18,8,1,21.0,2,20,1,12,No
6.595310129406389,7,4,3,3.0,1.0,2.0,38,Travel_Rarely,Human Resources,2,4,Medical,1,3173,Male,1,Human Resources,Single,20140,3.0,Y,17,8,1,8.0,5,0,0,0,No
6.171856314145278,6,2,3,3.0,4.0,2.0,27,Travel_Rarely,Sales,3,3,Life Sciences,1,2461,Male,1,Manager,Single,66940,1.0,Y,13,8,1,6.0,2,6,1,4,No
10.324920794288056,2,1,3,3.0,3.0,3.0,44,Travel_Rarely,Human Resources,6,2,Human Resources,1,3540,Male,3,Sales Executive,Single,45580,1.0,Y,13,8,1,6.0,2,6,0,2,Yes
6.521040829986389,7,2,3,4.0,4.0,3.0,28,Travel_Rarely,Research & Development,7,3,Other,1,32,Male,1,Human Resources,Single,96370,1.0,Y,13,8,0,5.0,6,5,0,2,No
5.481305220883334,21,3,3,3.0,4.0,3.0,21,Travel_Rarely,Sales,2,3,Life Sciences,1,4176,Male,2,Manufacturing Director,Single,137570,1.0,Y,12,8,1,0.0,3,0,0,0,No
7.649213520749444,5,3,3,2.0,1.0,4.0,23,Travel_Rarely,Sales,13,3,Marketing,1,1763,Male,5,Sales Executive,Married,42210,1.0,Y,11,8,1,5.0,4,4,0,2,No
6.793417001338611,21,3,3,1.0,4.0,1.0,34,Travel_Rarely,Research & Development,3,3,Life Sciences,1,2328,Male,2,Sales Executive,Single,20440,1.0,Y,11,8,0,1.0,2,1,0,0,No
10.073468317715278,11,3,3,1.0,1.0,1.0,40,Travel_Rarely,Sales,16,4,Marketing,1,3854,Male,1,Research Director,Single,36330,3.0,Y,16,8,2,10.0,0,4,0,3,Yes
7.304058456046389,19,4,3,3.0,4.0,3.0,38,Travel_Rarely,Sales,4,4,Life Sciences,1,4332,Male,1,Manufacturing Director,Single,70820,1.0,Y,14,8,0,2.0,3,2,2,1,No
8.626478134761111,7,1,4,4.0,3.0,3.0,35,Travel_Rarely,Research & Development,12,2,Medical,1,181,Female,2,Sales Representative,Married,28090,4.0,Y,23,8,1,10.0,2,8,0,0,No
6.457032574743334,20,3,3,1.0,4.0,3.0,37,Travel_Frequently,Sales,2,3,Marketing,1,2909,Female,2,Laboratory Technician,Divorced,97560,4.0,Y,19,8,0,13.0,2,9,5,8,No
6.485137215528611,8,3,3,4.0,2.0,2.0,33,Non-Travel,Research & Development,14,3,Other,1,2478,Male,1,Research Scientist,Divorced,108200,5.0,Y,12,8,0,11.0,2,9,1,7,No
9.400333556447778,16,3,3,2.0,2.0,2.0,52,Travel_Rarely,Research & Development,3,2,Technical Degree,1,3630,Male,3,Laboratory Technician,Single,25790,9.0,Y,19,8,1,10.0,1,8,7,7,Yes
6.705311244979722,22,2,3,3.0,4.0,2.0,35,Travel_Rarely,Sales,6,3,Marketing,1,2347,Female,3,Sales Representative,Married,135820,1.0,Y,17,8,1,1.0,3,1,0,1,No
5.619178937973889,19,2,3,2.0,2.0,3.0,37,Travel_Rarely,Research & Development,17,3,Life Sciences,1,2730,Female,3,Sales Executive,Married,20640,4.0,Y,16,8,0,8.0,3,1,0,0,No
7.336194779116389,5,2,3,4.0,1.0,4.0,42,Non-Travel,Research & Development,5,4,Medical,1,3561,Male,5,Sales Executive,Married,170460,7.0,Y,11,8,0,10.0,3,4,0,3,No
7.341831771530556,8,2,4,1.0,3.0,1.0,54,Travel_Rarely,Research & Development,25,1,Medical,1,1308,Female,1,Laboratory Technician,Married,48550,9.0,Y,25,8,1,16.0,2,4,0,3,No
5.8991354306111115,15,2,3,2.0,,2.0,36,Travel_Rarely,Research & Development,22,4,Life Sciences,1,1196,Male,1,Healthcare Representative,Married,29500,4.0,Y,14,8,0,8.0,1,6,0,0,No
6.3037840249886115,11,3,3,4.0,4.0,4.0,42,Travel_Frequently,Research & Development,18,4,Technical Degree,1,156,Male,4,Sales Executive,Married,132060,0.0,Y,13,8,2,7.0,2,6,0,4,No
5.731063141454444,13,3,3,4.0,1.0,3.0,39,Travel_Rarely,Research & Development,2,1,Medical,1,1209,Female,1,Research Scientist,Married,47790,4.0,Y,14,8,2,9.0,3,7,1,7,No
7.045020080321111,15,2,3,2.0,3.0,3.0,40,Travel_Rarely,Sales,6,2,Life Sciences,1,3074,Female,1,Laboratory Technician,Married,26470,6.0,Y,13,8,0,20.0,2,1,0,0,No
7.492061579651667,7,2,4,3.0,1.0,3.0,39,Travel_Rarely,Research & Development,18,2,Life Sciences,1,3623,Male,2,Laboratory Technician,Single,28360,0.0,Y,20,8,0,6.0,3,5,0,3,Yes
7.434889558232777,18,2,4,4.0,,4.0,43,Non-Travel,Research & Development,6,2,Medical,1,2876,Male,1,Healthcare Representative,Divorced,20280,4.0,Y,20,8,1,7.0,2,5,2,2,No
7.424292726461389,16,3,3,1.0,1.0,3.0,46,Travel_Rarely,Research & Development,23,1,Life Sciences,1,4010,Male,2,Laboratory Technician,Divorced,34910,2.0,Y,14,8,0,25.0,0,19,2,8,No
5.832150825524167,10,2,3,3.0,2.0,3.0,55,Travel_Rarely,Research & Development,6,1,Life Sciences,1,4340,Female,2,Laboratory Technician,Single,26550,8.0,Y,17,8,0,36.0,0,24,2,15,No
6.460577867023611,12,3,3,1.0,4.0,2.0,45,Travel_Rarely,Research & Development,2,3,Medical,1,150,Female,1,Sales Executive,Married,50980,3.0,Y,14,8,1,8.0,4,2,0,2,No
7.400925925925834,4,1,3,4.0,2.0,3.0,33,Travel_Rarely,Research & Development,4,3,Life Sciences,1,1398,Male,1,Human Resources,Married,33060,1.0,Y,11,8,3,8.0,6,8,1,6,No
6.174215751896389,22,1,3,4.0,4.0,2.0,37,Travel_Rarely,Research & Development,14,4,Life Sciences,1,2068,Male,3,Research Scientist,Married,65770,1.0,Y,13,8,0,14.0,1,14,3,11,No
6.627418563141389,11,3,3,2.0,4.0,2.0,35,Travel_Rarely,Sales,24,3,Medical,1,483,Male,5,Sales Executive,Divorced,57450,1.0,Y,17,8,3,3.0,4,3,1,2,No
7.524006024096111,6,3,3,3.0,4.0,2.0,25,Travel_Rarely,Research & Development,8,3,Life Sciences,1,3246,Male,2,Research Scientist,Single,74840,1.0,Y,15,8,0,6.0,3,6,1,4,No
5.742622713074445,13,2,3,4.0,3.0,3.0,52,Travel_Rarely,Research & Development,29,3,Life Sciences,1,1800,Male,2,Manufacturing Director,Married,29420,8.0,Y,11,8,1,9.0,1,5,1,4,No
6.41557340473,17,3,3,1.0,3.0,3.0,40,Travel_Frequently,Sales,9,3,Marketing,1,344,Male,3,Manufacturing Director,Single,22380,,Y,14,8,0,10.0,3,1,0,0,No
8.247884872824445,11,2,3,4.0,3.0,3.0,20,Travel_Rarely,Research & Development,1,3,Life Sciences,1,256,Male,5,Sales Representative,Single,61620,1.0,Y,12,8,3,1.0,2,1,1,1,Yes
10.723779562695,4,3,3,4.0,3.0,1.0,38,Travel_Rarely,Sales,10,3,Medical,1,3242,Male,4,Laboratory Technician,Married,181720,6.0,Y,12,8,2,6.0,5,1,0,1,No
7.342251227130555,18,3,3,4.0,4.0,3.0,27,Travel_Rarely,Sales,2,3,Life Sciences,1,2606,Female,1,Manager,Single,39040,1.0,Y,15,8,0,7.0,2,7,0,7,No
6.969796965640278,17,2,3,2.0,1.0,3.0,42,Travel_Rarely,Research & Development,2,3,Medical,1,1601,Female,4,Manager,Divorced,110310,3.0,Y,12,8,1,8.0,2,5,1,2,No
5.8897757697455555,13,3,3,3.0,4.0,3.0,59,Travel_Rarely,Research & Development,5,3,Life Sciences,1,2908,Female,3,Manager,Married,198330,3.0,Y,13,8,0,7.0,2,1,0,0,No
8.116000669343888,10,3,3,4.0,3.0,3.0,32,Travel_Frequently,Research & Development,9,3,Life Sciences,1,2094,Female,2,Research Scientist,Single,50700,4.0,Y,12,8,1,10.0,6,8,0,7,No
6.974335118250556,14,3,3,3.0,4.0,4.0,28,Travel_Rarely,Sales,9,3,Medical,1,2496,Female,2,Sales Executive,Married,47660,1.0,Y,12,8,0,5.0,3,5,0,3,No
7.19817826863,14,3,3,3.0,4.0,3.0,52,Travel_Frequently,Research & Development,1,1,Life Sciences,1,1840,Male,2,Laboratory Technician,Married,50060,3.0,Y,16,8,1,31.0,2,9,0,0,No
7.7476974564925,8,3,4,2.0,3.0,3.0,35,Travel_Rarely,Research & Development,9,3,Medical,1,1167,Female,2,Sales Executive,Single,131420,1.0,Y,25,8,2,10.0,4,10,0,8,No
7.609788041053055,6,3,3,1.0,2.0,1.0,29,Travel_Frequently,Research & Development,28,3,Medical,1,3740,Female,5,Research Scientist,Single,44340,5.0,Y,17,8,3,7.0,1,5,0,0,Yes
6.6707407407405555,21,3,3,2.0,2.0,2.0,27,Travel_Rarely,Sales,3,2,Technical Degree,1,1110,Male,2,Healthcare Representative,Married,135770,1.0,Y,12,8,1,6.0,2,5,1,2,No
7.422472110664722,21,1,3,4.0,4.0,3.0,43,Travel_Rarely,Research & Development,25,4,Life Sciences,1,2429,Male,2,Sales Executive,Married,22200,1.0,Y,11,8,0,10.0,2,10,8,8,No
6.746860776438889,19,2,3,1.0,3.0,1.0,48,Travel_Rarely,Sales,13,4,Medical,1,3035,Male,4,Sales Executive,Married,98540,3.0,Y,16,8,1,15.0,2,0,0,0,No
7.0846943328869445,17,3,4,3.0,4.0,2.0,39,Travel_Rarely,Sales,5,4,Marketing,1,1517,Female,2,Human Resources,Divorced,21050,0.0,Y,20,8,0,19.0,3,18,3,7,No
6.116401160196111,11,3,3,1.0,3.0,3.0,46,Travel_Rarely,Research & Development,6,4,Medical,1,553,Male,3,Sales Executive,Married,21740,3.0,Y,11,8,1,23.0,3,12,4,9,No
9.709125390450556,6,3,4,3.0,3.0,3.0,49,Travel_Rarely,Research & Development,1,3,Life Sciences,1,59,Male,3,Manufacturing Director,Single,73140,7.0,Y,22,8,0,25.0,2,7,0,7,No
9.051015171798056,12,3,3,3.0,1.0,3.0,35,Non-Travel,Research & Development,5,4,Technical Degree,1,1266,Female,3,Manufacturing Director,Married,48980,2.0,Y,15,8,2,10.0,2,4,2,3,No
6.629573850959167,5,4,3,2.0,2.0,3.0,40,Travel_Frequently,Sales,9,3,Medical,1,2079,Male,1,Manufacturing Director,Married,45230,5.0,Y,16,8,1,5.0,5,0,0,0,No
8.534615127175277,5,1,4,3.0,4.0,1.0,26,Travel_Rarely,Sales,1,3,Marketing,1,1676,Female,2,Manufacturing Director,Single,24260,1.0,Y,22,8,0,1.0,3,1,0,0,Yes
9.47783132530111,3,3,3,4.0,4.0,3.0,49,Non-Travel,Research & Development,23,1,Other,1,1414,Female,2,Sales Executive,Divorced,92410,1.0,Y,19,8,1,7.0,5,7,1,7,No
6.585251004015833,8,3,3,2.0,3.0,2.0,29,Travel_Rarely,Research & Development,2,3,Life Sciences,1,3190,Female,1,Healthcare Representative,Married,41570,1.0,Y,17,8,3,6.0,2,6,1,2,No
6.307388442659445,15,3,3,3.0,4.0,2.0,31,Travel_Rarely,Research & Development,2,4,Life Sciences,1,199,Female,1,Sales Executive,Divorced,29090,9.0,Y,14,8,2,10.0,2,5,0,1,No
6.86505243195,18,3,3,1.0,3.0,2.0,43,Non-Travel,Human Resources,8,5,Medical,1,2506,Female,3,Sales Executive,Single,22580,4.0,Y,18,8,0,7.0,2,3,1,2,No
6.245912539045,19,3,3,2.0,,3.0,45,Travel_Rarely,Research & Development,1,2,Medical,1,4220,Female,1,Sales Executive,Divorced,70830,2.0,Y,12,8,1,25.0,5,1,0,0,No
6.922603748326389,20,3,3,2.0,3.0,3.0,31,Travel_Rarely,Research & Development,2,4,Life Sciences,1,4024,Female,5,Manager,Divorced,103770,1.0,Y,14,8,0,10.0,2,10,0,2,No
8.601861892012222,11,4,3,2.0,3.0,3.0,35,Travel_Rarely,Research & Development,2,4,Life Sciences,1,2875,Female,2,Research Director,Married,108830,3.0,Y,12,8,0,8.0,3,1,0,1,Yes
7.026203703703611,16,2,3,2.0,3.0,3.0,40,Travel_Rarely,Sales,6,2,Life Sciences,1,1604,Female,1,Laboratory Technician,Married,26470,6.0,Y,13,8,0,20.0,2,1,0,0,No
6.996710174029444,22,2,3,4.0,4.0,3.0,43,Travel_Frequently,Sales,14,3,Life Sciences,1,138,Female,1,Manufacturing Director,Married,37480,7.0,Y,14,8,2,,3,3,1,2,No
8.656827309236945,19,3,3,4.0,3.0,3.0,28,Travel_Rarely,Research & Development,25,3,Technical Degree,1,4052,Male,1,Research Director,Single,187890,3.0,Y,16,8,1,6.0,4,2,2,2,Yes
6.897238955823055,17,2,3,4.0,4.0,4.0,29,Travel_Rarely,Research & Development,5,3,Medical,1,1667,Male,1,Research Scientist,Divorced,51300,4.0,Y,11,8,0,8.0,3,3,1,2,No
8.570076974564723,12,2,3,2.0,4.0,3.0,38,Travel_Rarely,Research & Development,8,2,Technical Degree,1,2474,Female,1,Manufacturing Director,Married,25140,3.0,Y,11,8,0,15.0,2,1,1,0,No
5.925865684961945,7,3,3,1.0,4.0,3.0,42,Travel_Rarely,Sales,2,2,Medical,1,1569,Female,1,Laboratory Technician,Single,21330,3.0,Y,13,8,2,14.0,2,1,0,0,No
6.1471474788038885,17,3,3,1.0,2.0,4.0,43,Travel_Rarely,Sales,7,4,Marketing,1,3344,Male,2,Sales Executive,Divorced,48760,4.0,Y,16,8,2,4.0,4,1,0,0,No
7.89505243195,20,3,3,3.0,4.0,3.0,29,Travel_Frequently,Sales,3,2,Marketing,1,750,Female,2,Laboratory Technician,Single,68110,0.0,Y,15,8,1,9.0,2,8,7,7,Yes
6.799304997768611,18,3,3,3.0,3.0,3.0,33,Travel_Rarely,Sales,13,4,Marketing,1,1712,Female,2,Manufacturing Director,Divorced,45680,,Y,18,8,1,6.0,2,5,1,2,No
7.507933958054167,6,3,3,1.0,3.0,2.0,26,Travel_Rarely,Sales,4,3,Marketing,1,1255,Male,2,Manager,Single,24040,1.0,Y,12,8,0,1.0,6,1,0,1,Yes
8.610624721106388,13,3,4,1.0,4.0,2.0,34,Non-Travel,Research & Development,7,3,Life Sciences,1,1591,Male,1,Sales Representative,Single,56170,8.0,Y,25,8,1,9.0,3,5,0,4,Yes
6.670779785809723,8,3,3,4.0,4.0,3.0,35,Travel_Rarely,Research & Development,8,4,Medical,1,4202,Female,3,Research Scientist,Married,38380,1.0,Y,16,8,1,1.0,2,1,0,1,No
7.400677153056667,16,2,3,1.0,1.0,3.0,45,Non-Travel,Sales,2,4,Life Sciences,1,886,Male,2,Manufacturing Director,Married,58550,1.0,Y,14,8,1,10.0,3,10,4,5,No
8.07494310575611,15,3,3,4.0,4.0,3.0,38,Travel_Frequently,Sales,3,3,Marketing,1,3099,Female,2,Sales Executive,Married,49070,1.0,Y,11,8,1,1.0,3,1,0,0,No
5.637257920571111,20,3,3,3.0,1.0,3.0,42,Travel_Rarely,Sales,23,3,Marketing,1,2212,Female,3,Research Scientist,Married,26420,0.0,Y,13,8,1,21.0,3,20,0,9,No
6.719988844265833,20,3,3,3.0,3.0,3.0,30,Travel_Frequently,Research & Development,4,5,Technical Degree,1,1714,Male,3,Manager,Divorced,57720,1.0,Y,17,8,0,1.0,3,1,0,0,No
8.215925925925834,8,2,4,2.0,3.0,4.0,33,Travel_Rarely,Research & Development,10,3,Life Sciences,1,3118,Female,4,Research Director,Married,67280,7.0,Y,22,8,0,15.0,2,7,7,7,Yes
5.512371709058334,20,3,3,1.0,4.0,2.0,34,Travel_Rarely,Sales,2,3,Marketing,1,4067,Male,4,Healthcare Representative,Single,46950,1.0,Y,16,8,1,14.0,2,14,2,1,No
8.533591030789722,13,1,3,2.0,2.0,3.0,56,Travel_Rarely,Research & Development,15,3,Life Sciences,1,2805,Male,2,Laboratory Technician,Married,33120,9.0,Y,19,8,0,7.0,1,5,4,3,Yes
6.48505577867,17,2,3,2.0,2.0,2.0,35,Travel_Rarely,Sales,7,4,Life Sciences,1,19,Male,1,Sales Representative,Divorced,24380,7.0,Y,16,8,0,10.0,5,7,6,2,No
6.9260832217758335,6,2,4,1.0,1.0,1.0,33,Travel_Rarely,Research & Development,9,1,Medical,1,2318,Male,1,Healthcare Representative,Married,76420,2.0,Y,20,8,1,8.0,2,2,2,2,No
6.940734047300277,15,3,3,2.0,3.0,3.0,36,Travel_Rarely,Human Resources,1,3,Human Resources,1,2334,Male,1,Research Scientist,Single,23770,6.0,Y,13,8,2,15.0,3,1,0,0,No
7.7529774654172225,8,3,3,4.0,4.0,3.0,47,Travel_Rarely,Sales,18,4,Medical,1,3402,Female,2,Research Scientist,Single,55820,1.0,Y,16,8,0,9.0,3,9,0,7,No
7.271265060240833,17,3,3,4.0,4.0,3.0,34,Travel_Rarely,Research & Development,12,3,Technical Degree,1,1780,Male,1,Research Scientist,Single,45050,1.0,Y,12,8,0,6.0,3,6,1,4,No
6.971432396251667,8,3,3,4.0,2.0,3.0,33,Travel_Rarely,Research & Development,1,1,Life Sciences,1,2304,Male,1,Research Scientist,Single,42560,1.0,Y,13,8,3,5.0,1,5,0,2,No
6.124366354306111,7,3,3,3.0,1.0,3.0,31,Travel_Frequently,Research & Development,5,2,Technical Degree,1,469,Male,2,Sales Executive,Married,65020,1.0,Y,12,8,0,4.0,3,4,0,3,No
6.123829763498334,19,4,3,3.0,3.0,3.0,36,Travel_Rarely,Research & Development,9,2,Medical,1,2086,Male,2,Sales Executive,Divorced,119350,1.0,Y,11,8,3,7.0,6,7,1,7,No
8.027183177153056,19,3,3,3.0,4.0,3.0,55,Travel_Rarely,Sales,26,3,Marketing,1,1592,Male,1,Laboratory Technician,Single,104480,2.0,Y,13,8,0,30.0,3,5,1,2,No
6.106849620705,22,2,3,2.0,1.0,1.0,31,Travel_Rarely,Research & Development,9,1,Medical,1,1695,Female,1,Sales Representative,Divorced,189470,2.0,Y,12,8,2,9.0,2,3,1,2,Yes
7.874120928156945,7,2,3,1.0,2.0,3.0,21,Travel_Frequently,Research & Development,9,3,Medical,1,1570,Female,4,Manufacturing Director,Single,178750,1.0,Y,12,8,0,3.0,5,3,1,2,Yes
5.526487059348334,21,1,3,1.0,3.0,3.0,58,Travel_Rarely,Research & Development,27,3,Other,1,681,Male,2,Laboratory Technician,Divorced,21870,1.0,Y,18,8,1,2.0,1,2,2,2,No
7.492792280231945,6,3,4,3.0,4.0,3.0,22,Travel_Rarely,Research & Development,3,3,Medical,1,1373,Male,1,Laboratory Technician,Married,132690,1.0,Y,25,8,1,2.0,2,2,2,2,No
5.780244310575555,17,4,3,1.0,4.0,3.0,30,Travel_Rarely,Sales,9,1,Marketing,1,3624,Male,4,Research Director,Married,40890,0.0,Y,18,8,0,10.0,2,9,6,7,No
6.157259036144445,17,2,3,3.0,3.0,3.0,31,Travel_Frequently,Research & Development,2,1,Life Sciences,1,1538,Female,1,Manager,Married,97130,1.0,Y,17,8,0,10.0,5,10,8,9,No
5.911448014279166,17,3,3,2.0,4.0,3.0,32,Travel_Rarely,Research & Development,3,2,Life Sciences,1,882,Male,3,Research Scientist,Married,47210,3.0,Y,14,8,1,6.0,3,3,0,2,No
10.356290718429166,4,2,4,3.0,4.0,3.0,27,Travel_Rarely,Sales,2,4,Medical,1,1823,Male,2,Manager,Divorced,33460,1.0,Y,21,8,1,9.0,2,9,0,8,No
8.49833556448,17,3,4,1.0,4.0,2.0,34,Non-Travel,Research & Development,7,3,Life Sciences,1,3061,Male,1,Sales Representative,Single,56170,8.0,Y,25,8,1,9.0,3,5,0,4,Yes
6.634491298527222,6,1,3,4.0,1.0,1.0,29,Travel_Rarely,Research & Development,6,3,Life Sciences,1,2049,Male,1,Sales Executive,Married,22440,1.0,Y,12,8,3,11.0,5,11,3,10,Yes
9.823790718429168,9,3,4,,4.0,2.0,26,Travel_Rarely,Research & Development,4,4,Life Sciences,1,2737,Female,3,Sales Executive,Married,47890,7.0,Y,20,8,1,5.0,2,2,0,0,No
5.672882641677778,18,3,3,1.0,3.0,2.0,51,Travel_Rarely,Sales,16,3,Medical,1,359,Male,3,Research Scientist,Married,94390,2.0,Y,15,8,3,29.0,0,20,4,17,No
6.710400490852222,21,3,3,4.0,1.0,3.0,33,Travel_Frequently,Human Resources,10,3,Medical,1,3730,Female,2,Sales Executive,Married,27000,0.0,Y,14,8,3,5.0,2,4,0,3,No
6.843305443998055,6,3,3,3.0,1.0,3.0,28,Travel_Frequently,Research & Development,9,3,Life Sciences,1,3753,Female,2,Sales Executive,Single,59330,0.0,Y,11,8,0,5.0,3,4,1,3,No
8.121528335564445,10,2,3,4.0,3.0,3.0,33,Travel_Rarely,Research & Development,15,4,Life Sciences,1,3757,Female,1,Sales Executive,Single,62010,2.0,Y,15,8,3,14.0,2,0,0,0,No
8.3304841588575,13,3,3,1.0,3.0,2.0,45,Travel_Rarely,Research & Development,22,3,Life Sciences,1,3537,Female,2,Sales Representative,Married,132120,4.0,Y,13,8,0,7.0,4,3,0,2,No
6.6870716198125,14,2,3,2.0,4.0,3.0,28,Travel_Rarely,Research & Development,2,2,Medical,1,1587,Male,3,Manager,Single,28580,1.0,Y,12,8,0,7.0,2,7,0,7,No
6.649164435519722,6,1,3,3.0,4.0,3.0,30,Travel_Frequently,Research & Development,1,4,Medical,1,2727,Male,1,Research Scientist,Single,20330,1.0,Y,14,8,1,12.0,3,12,3,7,No
6.8450925925925,18,3,4,4.0,2.0,3.0,38,Travel_Rarely,Research & Development,7,4,Medical,1,2024,Male,1,Sales Executive,Single,66530,7.0,Y,20,8,1,10.0,2,1,0,0,No
6.605768630075834,17,3,3,4.0,4.0,3.0,45,Travel_Rarely,Sales,3,1,Marketing,1,3017,Female,1,Sales Executive,Married,171740,9.0,Y,14,8,1,12.0,6,10,9,8,No
5.960827755466111,13,3,3,1.0,3.0,2.0,31,Travel_Rarely,Research & Development,2,2,Medical,1,4165,Male,2,Laboratory Technician,Divorced,39750,1.0,Y,15,8,1,5.0,3,5,4,3,No
5.930352521195833,15,3,3,1.0,4.0,4.0,31,Travel_Rarely,Sales,1,3,Marketing,1,227,Female,2,Sales Executive,Divorced,64650,4.0,Y,17,8,0,13.0,3,7,5,7,No
10.091921017402777,9,1,4,4.0,3.0,3.0,33,Travel_Rarely,Human Resources,28,2,Human Resources,1,3046,Female,5,Manager,Single,55610,1.0,Y,21,8,1,1.0,3,1,0,0,Yes
6.888653502900278,18,2,3,4.0,4.0,4.0,29,Travel_Rarely,Research & Development,5,3,Medical,1,3137,Male,1,Research Scientist,Divorced,51300,4.0,Y,11,8,0,8.0,3,3,1,2,No
6.458857652833333,19,2,3,3.0,1.0,2.0,30,Travel_Frequently,Sales,3,2,Medical,1,4369,Male,2,Healthcare Representative,Single,28620,5.0,Y,14,8,0,9.0,2,6,0,1,Yes
9.553095716198056,4,3,3,4.0,2.0,3.0,41,Travel_Rarely,Research & Development,9,2,Life Sciences,1,1559,Female,1,Laboratory Technician,Single,54870,6.0,Y,19,8,2,8.0,0,5,1,2,No
6.509081883087778,18,3,3,1.0,1.0,3.0,39,Travel_Rarely,Research & Development,1,3,Other,1,4055,Female,1,Laboratory Technician,Married,105120,1.0,Y,12,8,1,10.0,2,10,7,9,No
6.550412762159723,5,3,3,2.0,4.0,3.0,35,Non-Travel,Sales,10,1,Life Sciences,1,3971,Female,2,Research Director,Divorced,43230,2.0,Y,18,8,3,15.0,3,7,1,7,No
10.318809683176944,7,2,3,2.0,3.0,3.0,33,Travel_Rarely,Research & Development,9,3,Medical,1,838,Female,2,Manufacturing Director,Married,28990,1.0,Y,17,8,0,15.0,3,15,5,7,No
7.320118250780833,15,3,4,2.0,4.0,2.0,32,Travel_Rarely,Research & Development,3,4,Medical,1,365,Female,4,Sales Executive,Divorced,30380,2.0,Y,20,8,0,8.0,3,5,0,3,No
7.352933958054167,21,4,3,4.0,3.0,,42,Travel_Rarely,Research & Development,23,4,Other,1,484,Male,1,Research Scientist,Married,23730,6.0,Y,14,8,1,21.0,3,1,0,0,No
6.7040261044175,20,2,3,3.0,3.0,3.0,29,Travel_Rarely,Research & Development,20,1,Medical,1,3855,Female,2,Manager,Single,41630,9.0,Y,15,8,1,8.0,4,5,1,4,No
6.646674475680277,19,4,3,1.0,4.0,3.0,36,Non-Travel,Research & Development,1,3,Medical,1,560,Male,3,Sales Representative,Single,34520,2.0,Y,13,8,3,18.0,4,11,0,9,No
9.421815037929445,3,2,3,3.0,3.0,3.0,35,Travel_Frequently,Sales,1,2,Technical Degree,1,3644,Male,2,Manager,Single,66460,1.0,Y,13,8,1,9.0,2,9,1,1,No
7.119144355198333,9,2,3,4.0,4.0,4.0,45,Travel_Rarely,Research & Development,7,2,Other,1,3438,Male,1,Human Resources,Married,56610,3.0,Y,12,8,0,26.0,2,9,1,1,No
9.751638777331388,18,3,3,3.0,1.0,3.0,49,Travel_Frequently,Research & Development,1,1,Medical,1,2973,Female,2,Research Scientist,Single,35910,9.0,Y,13,8,0,22.0,2,3,1,2,No
6.203937974118611,12,2,3,2.0,4.0,3.0,36,Travel_Rarely,Human Resources,2,4,Technical Degree,1,1893,Male,1,Sales Executive,Single,79180,2.0,Y,12,8,2,8.0,3,6,0,1,No
5.963064480142778,6,2,3,4.0,2.0,3.0,48,Travel_Rarely,Research & Development,2,3,Life Sciences,1,4014,Female,2,Manager,Married,62720,4.0,Y,14,8,0,29.0,3,22,12,9,No
10.208935742971667,11,3,3,4.0,4.0,2.0,41,Travel_Frequently,Research & Development,1,3,Life Sciences,1,731,Male,4,Sales Executive,Divorced,191410,3.0,Y,12,8,1,12.0,2,6,3,3,No
6.948790718429167,18,3,3,1.0,1.0,3.0,31,Travel_Frequently,Sales,8,4,Other,1,3989,Female,3,Manufacturing Director,Married,25520,2.0,Y,18,8,0,9.0,2,3,2,2,No
6.7592224453366665,18,3,3,4.0,1.0,3.0,33,Travel_Frequently,Human Resources,10,3,Medical,1,2260,Female,2,Sales Executive,Married,27000,0.0,Y,14,8,3,5.0,2,4,0,3,No
8.748737170905834,5,3,3,4.0,3.0,2.0,37,Travel_Rarely,Sales,9,4,Marketing,1,3169,Female,2,Laboratory Technician,Married,20860,4.0,Y,14,8,0,17.0,3,3,1,0,No
5.797681838464722,12,3,3,1.0,1.0,3.0,20,Travel_Rarely,Research & Development,29,3,Life Sciences,1,3372,Female,3,Laboratory Technician,Single,27070,1.0,Y,11,8,0,1.0,2,1,0,0,Yes
7.390114904060556,14,3,3,4.0,2.0,3.0,38,Travel_Frequently,Sales,29,2,Medical,1,2406,Female,1,Sales Executive,Single,39170,1.0,Y,15,8,3,4.0,2,4,3,3,No
7.034967648371111,22,3,3,2.0,,3.0,41,Travel_Rarely,Research & Development,24,1,Life Sciences,1,1679,Male,1,Research Director,Married,26610,7.0,Y,14,8,1,22.0,2,18,11,8,No
7.2216912092813885,17,4,4,1.0,1.0,2.0,29,Travel_Rarely,Research & Development,2,4,Other,1,2600,Male,2,Laboratory Technician,Married,20960,0.0,Y,22,8,0,6.0,2,5,0,2,No
6.9776729138775,17,3,3,3.0,1.0,3.0,49,Travel_Rarely,Sales,9,3,Technical Degree,1,3322,Female,2,Sales Representative,Married,190330,2.0,Y,18,8,1,7.0,5,4,0,2,No
8.777667336010555,11,2,3,4.0,2.0,3.0,30,Travel_Rarely,Sales,9,3,Marketing,1,629,Female,1,Research Scientist,Married,90710,0.0,Y,19,8,1,12.0,2,11,5,7,No
7.6708422579205555,4,3,3,3.0,3.0,4.0,45,Travel_Rarely,Research & Development,19,4,Medical,1,2456,Male,1,Sales Representative,Married,71190,4.0,Y,15,8,0,9.0,2,5,0,3,No
5.743733824185555,19,2,3,4.0,4.0,3.0,41,Non-Travel,Research & Development,3,2,Life Sciences,1,1659,Female,2,Research Scientist,Single,99360,7.0,Y,17,8,1,16.0,2,14,1,10,No
6.835493083444722,9,3,3,3.0,2.0,3.0,41,Travel_Rarely,Research & Development,1,5,Medical,1,1191,Male,1,Healthcare Representative,Divorced,40810,2.0,Y,13,8,0,14.0,3,5,0,4,No
5.931586345381389,14,2,3,2.0,4.0,3.0,49,Travel_Frequently,Sales,11,4,Life Sciences,1,1120,Male,2,Research Scientist,Married,35060,3.0,Y,11,8,1,28.0,4,5,4,3,No
6.8974219098616665,12,2,3,4.0,4.0,2.0,32,Travel_Frequently,Research & Development,9,2,Medical,1,2688,Female,2,Research Scientist,Single,35000,0.0,Y,16,8,1,8.0,2,7,3,6,No
6.963504016064166,15,3,4,3.0,4.0,2.0,45,Travel_Rarely,Research & Development,2,1,Technical Degree,1,2824,Female,2,Healthcare Representative,Single,57680,5.0,Y,23,8,1,9.0,4,6,0,3,No
7.560214190093611,7,4,4,3.0,2.0,3.0,53,Travel_Frequently,Sales,8,2,Medical,1,3443,Male,2,Research Scientist,Married,120610,2.0,Y,20,8,1,30.0,2,15,6,12,No
5.8705890227575,11,3,3,4.0,1.0,3.0,31,Travel_Rarely,Research & Development,2,3,Life Sciences,1,2525,Male,3,Laboratory Technician,Married,21680,0.0,Y,14,8,1,2.0,2,1,0,0,Yes
7.3336144578311115,20,3,3,3.0,4.0,3.0,37,Travel_Rarely,Research & Development,23,3,Life Sciences,1,3515,Male,3,Manufacturing Director,Divorced,166590,7.0,Y,16,8,1,9.0,2,6,1,3,No
6.898016510486389,7,1,3,3.0,3.0,3.0,36,Travel_Rarely,Research & Development,9,3,Life Sciences,1,3370,Female,2,Healthcare Representative,Single,24360,4.0,Y,13,8,0,16.0,3,11,3,9,No
7.329946452476389,5,3,3,1.0,3.0,3.0,43,Travel_Rarely,Research & Development,3,3,Medical,1,1142,Male,1,Research Scientist,Married,90940,1.0,Y,12,8,1,10.0,0,10,0,9,No
7.403985943775,10,3,3,4.0,4.0,4.0,49,Travel_Rarely,Sales,3,4,Marketing,1,3937,Male,1,Sales Executive,Single,47280,3.0,Y,11,8,1,8.0,4,5,0,4,No
9.187611557340277,8,2,3,4.0,1.0,3.0,42,Travel_Rarely,Sales,18,2,Medical,1,4409,Male,1,Laboratory Technician,Divorced,23980,0.0,Y,14,8,1,10.0,2,9,7,8,No
5.8601695671575,6,3,3,3.0,3.0,3.0,36,Travel_Rarely,Sales,1,2,Marketing,1,1277,Female,2,Sales Executive,Divorced,86060,1.0,Y,14,8,2,17.0,3,17,12,8,No
9.91037148594361,10,2,3,4.0,1.0,3.0,29,Travel_Rarely,Human Resources,3,5,Life Sciences,1,3394,Male,1,Sales Executive,Single,27230,6.0,Y,11,8,1,3.0,2,0,0,0,Yes
6.830325747434166,16,3,3,1.0,1.0,3.0,45,Travel_Frequently,Research & Development,3,1,Medical,1,2994,Female,1,Sales Executive,Divorced,35400,1.0,Y,13,8,0,24.0,6,24,9,11,No
7.4265305667111114,18,2,3,3.0,3.0,4.0,30,Travel_Rarely,Sales,3,4,Marketing,1,3385,Male,1,Sales Executive,Divorced,64340,5.0,Y,14,8,1,10.0,3,8,7,7,No
5.584257028112222,22,3,3,1.0,1.0,2.0,36,Travel_Frequently,Sales,16,2,Life Sciences,1,3651,Male,1,Research Scientist,Married,12810,2.0,Y,11,8,0,17.0,2,15,6,13,No
8.221657742079167,5,3,3,3.0,2.0,3.0,39,Travel_Rarely,Sales,29,1,Marketing,1,680,Female,1,Laboratory Technician,Divorced,54600,6.0,Y,13,8,2,21.0,3,19,15,2,No
7.265254350736111,22,3,3,1.0,2.0,3.0,34,Travel_Rarely,Research & Development,8,2,Medical,1,2767,Male,1,Research Scientist,Married,58780,1.0,Y,14,8,0,5.0,1,5,1,3,No
7.493022088353333,11,3,3,1.0,2.0,3.0,38,Non-Travel,Sales,6,4,Marketing,1,3972,Male,3,Sales Executive,Divorced,73360,5.0,Y,11,8,0,13.0,3,11,3,8,No
6.567639446675556,18,4,3,4.0,3.0,2.0,58,Travel_Rarely,Research & Development,8,4,Life Sciences,1,1311,Male,2,Sales Executive,Single,29720,0.0,Y,14,8,0,38.0,2,37,1,8,No
7.113871039714167,19,3,4,4.0,4.0,3.0,25,Travel_Rarely,Research & Development,26,3,Technical Degree,1,2791,Male,1,Laboratory Technician,Married,88530,1.0,Y,22,8,1,2.0,3,2,2,1,No
7.27698237394,8,1,3,4.0,2.0,3.0,33,Travel_Rarely,Research & Development,4,3,Life Sciences,1,4338,Male,1,Human Resources,Married,33060,1.0,Y,11,8,3,8.0,6,8,1,6,No
7.826244979919444,20,4,3,3.0,1.0,2.0,58,Travel_Rarely,Sales,1,4,Technical Degree,1,709,Male,2,Sales Executive,Married,10090,7.0,Y,13,8,2,31.0,3,10,5,9,Yes
7.771574074073889,6,2,3,1.0,1.0,3.0,33,Travel_Rarely,Research & Development,23,5,Life Sciences,1,3274,Male,1,Human Resources,Single,86390,5.0,Y,16,8,2,6.0,3,3,0,2,Yes
7.750476349843611,4,4,3,4.0,3.0,4.0,39,Travel_Rarely,Research & Development,7,3,Life Sciences,1,1350,Female,1,Research Scientist,Married,196580,4.0,Y,13,8,1,17.0,3,15,5,9,No
8.738227353859722,15,3,3,3.0,2.0,3.0,27,Non-Travel,Research & Development,2,3,Life Sciences,1,3014,Male,1,Research Director,Married,168230,0.0,Y,17,8,0,6.0,3,5,1,4,No
9.43807675145,9,3,3,3.0,3.0,4.0,38,Travel_Rarely,Research & Development,1,3,Medical,1,3225,Female,3,Manager,Single,96190,4.0,Y,13,8,1,10.0,2,1,0,0,No
8.339129852744167,8,3,3,3.0,4.0,1.0,31,Travel_Rarely,Sales,16,4,Marketing,1,2995,Female,2,Research Scientist,Divorced,28040,0.0,Y,19,8,2,3.0,0,2,2,2,No
6.6693105756358335,9,3,3,4.0,4.0,3.0,50,Travel_Rarely,Research & Development,9,3,Medical,1,3050,Female,3,Laboratory Technician,Single,98880,6.0,Y,15,8,0,20.0,2,4,1,3,No
6.589684292726389,11,3,3,4.0,3.0,3.0,41,Travel_Rarely,Research & Development,2,3,Life Sciences,1,480,Male,2,Research Scientist,Single,47410,6.0,Y,16,8,0,8.0,3,2,2,1,No
7.137511155733889,5,3,4,4.0,2.0,2.0,37,Travel_Rarely,Research & Development,1,3,Life Sciences,1,3450,Male,1,Laboratory Technician,Single,170680,3.0,Y,23,8,0,8.0,6,4,0,1,No
7.877561356537222,4,3,3,4.0,1.0,3.0,32,Travel_Rarely,Research & Development,10,1,Medical,1,5,Male,1,Sales Executive,Single,23420,4.0,Y,12,8,2,9.0,2,6,0,4,No
10.859905176260556,1,2,3,4.0,3.0,2.0,31,Travel_Rarely,Research & Development,15,2,Life Sciences,1,3668,Male,2,Sales Executive,Married,49600,1.0,Y,15,8,0,10.0,3,10,6,7,Yes
10.637412985274167,8,3,3,4.0,1.0,3.0,46,Travel_Rarely,Sales,12,3,Marketing,1,3461,Female,3,Healthcare Representative,Divorced,89430,8.0,Y,12,8,1,19.0,6,16,1,7,No
5.9575881302988885,17,4,3,2.0,3.0,3.0,34,Travel_Rarely,Research & Development,2,5,Technical Degree,1,1762,Male,2,Healthcare Representative,Single,49990,3.0,Y,12,8,2,10.0,2,5,4,3,No
6.942819053993611,19,1,3,1.0,1.0,3.0,26,Travel_Rarely,Research & Development,5,4,Medical,1,3464,Female,2,Sales Executive,Married,46820,1.0,Y,11,8,1,6.0,3,5,1,3,No
7.543404730031111,6,3,3,3.0,2.0,3.0,32,Travel_Rarely,Research & Development,2,3,Medical,1,1564,Male,2,Research Scientist,Married,57470,1.0,Y,13,8,0,8.0,0,8,0,7,No
9.171296296296111,11,3,3,1.0,3.0,3.0,58,Travel_Frequently,Research & Development,10,4,Technical Degree,1,3993,Female,1,Sales Representative,Married,29360,2.0,Y,13,8,1,23.0,3,2,2,2,No
8.922465417224444,10,3,4,2.0,2.0,3.0,27,Travel_Rarely,Research & Development,8,2,Medical,1,2680,Male,1,Laboratory Technician,Married,164220,1.0,Y,20,8,1,6.0,3,6,0,3,No
7.017688531905278,6,3,3,4.0,4.0,4.0,38,Travel_Frequently,Research & Development,19,2,Life Sciences,1,2400,Male,2,Research Scientist,Married,24510,7.0,Y,12,8,1,19.0,3,13,2,9,No
6.9203145917,19,3,3,1.0,3.0,3.0,43,Travel_Rarely,Research & Development,3,3,Medical,1,2612,Male,1,Research Scientist,Married,90940,1.0,Y,12,8,1,10.0,0,10,0,9,No
6.514453369031667,20,2,3,4.0,2.0,3.0,29,Travel_Rarely,Sales,20,3,Marketing,1,298,Female,2,Manager,Divorced,29260,1.0,Y,15,8,1,2.0,3,2,2,2,No
5.807373940205,9,3,3,2.0,4.0,3.0,33,Travel_Rarely,Research & Development,1,4,Medical,1,1907,Female,4,Manufacturing Director,Single,44650,0.0,Y,13,8,0,6.0,3,5,1,4,No
6.4665350290047225,9,2,3,2.0,2.0,4.0,44,Non-Travel,Research & Development,23,2,Medical,1,2782,Female,1,Research Scientist,Married,195860,4.0,Y,16,8,0,17.0,3,3,1,2,No
8.768038821954445,17,3,3,2.0,4.0,3.0,55,Travel_Rarely,Research & Development,1,4,Other,1,1496,Female,1,Research Scientist,Married,67990,3.0,Y,11,8,0,12.0,2,10,0,8,No
9.92190093708139,11,3,4,4.0,4.0,1.0,35,Travel_Rarely,Research & Development,2,1,Life Sciences,1,419,Male,3,Healthcare Representative,Married,106090,1.0,Y,22,8,0,10.0,3,10,0,7,No
5.551375502007778,21,3,3,4.0,1.0,1.0,29,Travel_Rarely,Research & Development,5,3,Medical,1,4143,Male,2,Sales Representative,Single,75530,1.0,Y,19,8,0,5.0,3,5,0,4,No
5.767146363230555,14,3,3,4.0,1.0,3.0,31,Travel_Rarely,Research & Development,2,3,Life Sciences,1,1055,Male,3,Laboratory Technician,Married,21680,0.0,Y,14,8,1,2.0,2,1,0,0,Yes
7.992630522088334,4,4,3,1.0,3.0,2.0,53,Non-Travel,Research & Development,10,4,Medical,1,3951,Male,2,Healthcare Representative,Married,20700,4.0,Y,13,8,2,27.0,2,3,0,2,No
7.3495716198125,5,3,3,1.0,4.0,3.0,36,Travel_Rarely,Research & Development,1,3,Medical,1,4271,Female,2,Manufacturing Director,Divorced,175670,5.0,Y,13,8,0,7.0,6,1,0,0,No
7.404615127175278,13,4,3,1.0,2.0,3.0,41,Travel_Rarely,Research & Development,13,4,Life Sciences,1,2658,Female,1,Healthcare Representative,Married,109200,0.0,Y,15,8,1,21.0,3,20,0,10,No
6.610256581883055,10,2,3,2.0,4.0,3.0,30,Travel_Rarely,Human Resources,1,4,Human Resources,1,2850,Female,1,Manager,Married,174260,2.0,Y,12,8,1,12.0,0,10,7,4,No
7.367196564033889,7,4,4,3.0,4.0,3.0,30,Travel_Rarely,Sales,8,2,Technical Degree,1,2771,Male,1,Sales Representative,Married,63920,1.0,Y,21,8,1,11.0,2,11,10,8,No
6.033238509593889,22,3,3,4.0,4.0,3.0,35,Travel_Frequently,Research & Development,9,2,Other,1,3503,Female,1,Manufacturing Director,Divorced,104960,1.0,Y,13,8,1,5.0,2,5,0,2,No
7.6756414547075,10,1,3,2.0,4.0,4.0,34,Travel_Rarely,Sales,28,3,Life Sciences,1,2421,Female,2,Research Scientist,Married,176500,1.0,Y,19,8,1,15.0,6,15,4,13,No
8.424199018295278,7,3,4,1.0,4.0,3.0,24,Travel_Frequently,Research & Development,15,3,Life Sciences,1,2381,Male,2,Research Scientist,Single,54880,1.0,Y,22,8,1,6.0,6,6,1,3,No
8.23665997322611,8,2,3,3.0,3.0,3.0,25,Travel_Rarely,Sales,10,1,Marketing,1,1320,Male,2,Research Director,Single,82370,1.0,Y,13,8,0,6.0,6,6,0,3,Yes
5.5774486836233335,17,3,3,4.0,1.0,3.0,39,Travel_Rarely,Research & Development,2,1,Medical,1,4149,Female,1,Research Scientist,Married,47790,4.0,Y,14,8,2,9.0,3,7,1,7,No
8.43789045069139,5,3,3,3.0,4.0,1.0,31,Travel_Rarely,Sales,16,4,Marketing,1,55,Female,2,Research Scientist,Divorced,28040,0.0,Y,19,8,2,3.0,0,2,2,2,No
7.5869433288708334,13,3,3,1.0,4.0,3.0,39,Travel_Rarely,Research & Development,4,4,Life Sciences,1,4112,Male,1,Sales Executive,Single,134020,7.0,Y,14,8,1,18.0,1,7,1,7,No
6.013562025881111,19,2,3,2.0,4.0,3.0,36,Travel_Rarely,Human Resources,2,4,Technical Degree,1,3363,Male,1,Sales Executive,Single,79180,2.0,Y,12,8,2,8.0,3,6,0,1,No
6.442016956715555,16,3,3,1.0,3.0,2.0,38,Travel_Rarely,Research & Development,1,2,Medical,1,1436,Male,4,Laboratory Technician,Divorced,64720,0.0,Y,12,8,0,17.0,4,16,5,13,No
8.22650602409611,11,3,3,3.0,4.0,3.0,29,Travel_Frequently,Sales,3,2,Marketing,1,3690,Female,2,Laboratory Technician,Single,68110,0.0,Y,15,8,1,9.0,2,8,7,7,Yes
7.6603302097277775,5,3,3,1.0,4.0,2.0,47,Travel_Rarely,Research & Development,23,4,Life Sciences,1,3703,Female,2,Sales Executive,Married,62740,7.0,Y,14,8,2,17.0,0,6,1,2,No
5.8830789825969445,12,2,3,2.0,1.0,3.0,34,Travel_Rarely,Research & Development,20,3,Medical,1,3243,Female,3,Laboratory Technician,Divorced,57440,3.0,Y,19,8,1,7.0,4,0,0,0,No
7.1154228023202775,3,4,3,2.0,4.0,3.0,42,Travel_Rarely,Sales,21,2,Life Sciences,1,567,Female,1,Healthcare Representative,Single,22010,4.0,Y,12,8,1,16.0,3,1,0,0,No
6.018154841588333,8,2,3,2.0,1.0,2.0,29,Travel_Rarely,Sales,9,3,Life Sciences,1,748,Male,1,Laboratory Technician,Single,111030,1.0,Y,12,8,0,10.0,5,10,0,9,No
6.6312561356536115,20,3,3,1.0,4.0,3.0,39,Travel_Frequently,Sales,1,3,Marketing,1,2026,Male,2,Healthcare Representative,Divorced,67550,7.0,Y,14,8,1,21.0,2,18,11,5,Yes
7.672952922802223,10,4,3,3.0,3.0,2.0,37,Travel_Rarely,Research & Development,29,4,Technical Degree,1,901,Male,1,Laboratory Technician,Married,78800,3.0,Y,12,8,1,9.0,2,4,0,2,No
7.232559125390278,11,2,3,4.0,4.0,2.0,58,Travel_Rarely,Sales,2,2,Medical,1,2809,Female,1,Research Scientist,Married,43850,1.0,Y,13,8,1,40.0,2,40,15,6,Yes
5.869206827309167,9,2,3,2.0,1.0,3.0,39,Travel_Rarely,Research & Development,4,3,Life Sciences,1,4086,Male,2,Sales Executive,Single,98520,0.0,Y,12,8,1,21.0,5,20,11,10,No
6.427543507362778,20,2,3,1.0,2.0,2.0,49,Travel_Rarely,Research & Development,25,2,Life Sciences,1,1890,Female,2,Sales Executive,Married,43450,4.0,Y,15,8,0,29.0,3,26,1,7,No
7.258086791610833,20,2,4,3.0,4.0,3.0,43,Travel_Rarely,Sales,25,2,Life Sciences,1,3458,Male,3,Research Scientist,Divorced,50550,5.0,Y,22,8,0,18.0,2,1,0,0,No
5.777309236947778,17,3,4,4.0,3.0,2.0,34,Travel_Frequently,Research & Development,5,3,Medical,1,3098,Male,2,Research Scientist,Divorced,137440,0.0,Y,20,8,1,3.0,3,2,1,0,Yes
9.456818384649445,12,2,3,4.0,4.0,3.0,34,Travel_Rarely,Research & Development,1,2,Medical,1,995,Female,2,Healthcare Representative,Married,176650,0.0,Y,11,8,0,6.0,5,5,1,2,No
6.616015171798056,11,3,3,1.0,3.0,2.0,38,Travel_Rarely,Research & Development,1,2,Medical,1,4376,Male,4,Laboratory Technician,Divorced,64720,0.0,Y,12,8,0,17.0,4,16,5,13,No
7.6227487728691665,9,2,3,4.0,1.0,4.0,44,Travel_Rarely,Sales,26,1,Marketing,1,3761,Male,1,Sales Representative,Married,107610,3.0,Y,11,8,1,24.0,5,20,14,17,No
9.335107095046666,9,3,3,4.0,4.0,3.0,38,Travel_Rarely,Research & Development,29,3,Life Sciences,1,1232,Female,1,Manufacturing Director,Single,37220,5.0,Y,14,8,0,6.0,0,3,1,2,No
6.612196564033889,18,3,3,4.0,1.0,4.0,35,Non-Travel,Research & Development,5,1,Medical,1,3240,Male,1,Healthcare Representative,Divorced,51630,2.0,Y,18,8,2,16.0,4,1,0,0,No
6.998694779116389,14,3,3,1.0,2.0,3.0,43,Travel_Rarely,Sales,10,2,Life Sciences,1,133,Female,1,Sales Executive,Divorced,46170,1.0,Y,11,8,0,25.0,2,25,3,9,No
6.934386434627222,9,2,3,3.0,1.0,2.0,49,Travel_Rarely,Research & Development,2,3,Life Sciences,1,1342,Female,1,Sales Executive,Married,47240,1.0,Y,11,8,1,16.0,3,15,5,11,No
7.525390450691389,8,3,3,1.0,3.0,3.0,33,Travel_Frequently,Research & Development,1,2,Life Sciences,1,3475,Female,1,Sales Executive,Single,62140,1.0,Y,19,8,2,14.0,3,13,3,8,Yes
10.036663319946388,16,3,4,4.0,4.0,3.0,20,Travel_Frequently,Sales,4,4,Life Sciences,1,2785,Female,2,Healthcare Representative,Single,99240,1.0,Y,22,8,0,1.0,3,1,1,0,Yes
5.857853636769167,21,3,3,2.0,3.0,,36,Travel_Rarely,Research & Development,1,3,Medical,1,1597,Female,5,Healthcare Representative,Married,196360,1.0,Y,12,8,1,10.0,3,10,9,0,No
6.949188978134722,12,3,3,1.0,2.0,,31,Travel_Rarely,Research & Development,1,3,Medical,1,2227,Male,1,Laboratory Technician,Single,168560,3.0,Y,12,8,1,9.0,3,3,1,0,No
6.420218652387222,17,2,3,3.0,3.0,3.0,39,Travel_Rarely,Sales,3,4,Marketing,1,3967,Female,2,Laboratory Technician,Single,26100,7.0,Y,12,8,0,9.0,2,4,2,2,No
10.505999553770556,9,2,3,4.0,4.0,4.0,25,Travel_Rarely,Human Resources,25,4,Human Resources,1,539,Female,2,Research Scientist,Married,82680,1.0,Y,12,8,0,7.0,3,7,5,6,Yes
6.055022311468056,21,3,4,1.0,1.0,3.0,50,Non-Travel,Research & Development,17,3,Medical,1,396,Female,1,Laboratory Technician,Divorced,42980,1.0,Y,20,8,1,31.0,6,31,14,7,No
7.457332663989167,20,3,3,1.0,4.0,3.0,32,Travel_Rarely,Research & Development,21,3,Other,1,1273,Male,2,Sales Executive,Married,23620,1.0,Y,11,8,0,9.0,2,9,7,8,No
7.447954038375555,20,2,3,1.0,2.0,3.0,28,Travel_Rarely,Sales,2,4,Life Sciences,1,283,Male,3,Research Scientist,Single,20750,7.0,Y,18,8,3,10.0,0,7,3,7,Yes
10.125659303881944,13,3,4,3.0,3.0,2.0,28,Travel_Rarely,Research & Development,10,1,Medical,1,1264,Male,1,Sales Executive,Single,25610,1.0,Y,22,8,1,2.0,3,2,2,2,Yes
8.442636099955278,15,2,3,1.0,1.0,3.0,33,Travel_Rarely,Research & Development,3,2,Life Sciences,1,572,Male,1,Sales Executive,Single,49360,0.0,Y,14,8,0,6.0,2,5,0,3,Yes
7.1323070058008335,12,3,3,1.0,2.0,1.0,28,Travel_Rarely,Sales,2,4,Marketing,1,3502,Male,1,Sales Executive,Married,93550,0.0,Y,11,8,0,6.0,4,5,0,4,No
6.62479361892,6,2,3,3.0,3.0,1.0,35,Travel_Rarely,Research & Development,6,3,Life Sciences,1,2048,Female,3,Laboratory Technician,Single,31020,1.0,Y,13,8,1,6.0,3,5,1,4,No
5.826133422579167,7,2,3,3.0,3.0,4.0,35,Travel_Frequently,Research & Development,19,3,Life Sciences,1,1441,Female,1,Sales Executive,Single,21450,1.0,Y,13,8,0,10.0,6,10,0,8,No
10.446802766621945,6,2,3,1.0,2.0,2.0,29,Travel_Rarely,Research & Development,1,2,Medical,1,931,Male,2,Sales Representative,Divorced,42400,1.0,Y,14,8,0,10.0,2,10,0,9,No
6.513829763498333,14,2,3,1.0,3.0,2.0,24,Non-Travel,Research & Development,1,5,Life Sciences,1,2703,Male,3,Research Scientist,Divorced,93800,0.0,Y,16,8,0,5.0,2,4,1,3,No
6.698284248103334,23,3,4,4.0,3.0,3.0,35,Travel_Rarely,Sales,8,4,Life Sciences,1,975,Male,1,Laboratory Technician,Married,24610,2.0,Y,20,8,1,17.0,4,7,0,7,No
5.824501338688056,15,3,3,4.0,3.0,3.0,44,Non-Travel,Research & Development,20,3,Life Sciences,1,3545,Male,1,Sales Representative,Single,45560,2.0,Y,13,8,0,6.0,4,0,0,0,No
6.813521865238611,19,3,4,1.0,4.0,3.0,29,Travel_Rarely,Research & Development,19,4,Life Sciences,1,636,Male,1,Manufacturing Director,Divorced,99500,1.0,Y,20,8,0,3.0,3,3,1,2,No
7.424808121374166,17,1,3,2.0,4.0,4.0,34,Travel_Rarely,Sales,28,3,Life Sciences,1,951,Female,2,Research Scientist,Married,176500,1.0,Y,19,8,1,15.0,6,15,4,13,No
7.864447791164444,4,2,3,3.0,2.0,3.0,32,Travel_Rarely,Human Resources,13,4,Life Sciences,1,1451,Female,3,Manufacturing Director,Married,85640,2.0,Y,16,8,1,6.0,2,4,1,2,No
9.150129406514722,14,2,3,4.0,1.0,2.0,49,Travel_Rarely,Research & Development,2,4,Medical,1,935,Male,1,Laboratory Technician,Divorced,42270,4.0,Y,18,8,0,17.0,3,2,2,2,No
6.816948906738055,13,3,3,2.0,4.0,3.0,36,Travel_Rarely,Research & Development,2,3,Life Sciences,1,2757,Male,2,Sales Representative,Married,43200,3.0,Y,17,8,0,5.0,2,1,0,0,No
7.398471664435278,10,2,3,2.0,1.0,3.0,26,Non-Travel,Research & Development,21,1,Life Sciences,1,3431,Female,1,Manufacturing Director,Single,135250,8.0,Y,17,8,1,7.0,4,2,2,2,Yes
6.1878056671127775,19,4,3,2.0,3.0,2.0,59,Travel_Rarely,Research & Development,4,4,Technical Degree,1,4385,Male,1,Healthcare Representative,Married,27600,8.0,Y,11,8,0,7.0,3,2,2,2,No
10.8810575635875,2,3,3,1.0,4.0,2.0,44,Travel_Rarely,Research & Development,22,3,Medical,1,3314,Female,1,Laboratory Technician,Married,104530,2.0,Y,11,8,1,10.0,2,3,0,2,No
7.3924007139669445,10,3,3,4.0,3.0,4.0,26,Travel_Rarely,Research & Development,9,1,Medical,1,3907,Male,1,Sales Executive,Married,106860,1.0,Y,14,8,1,3.0,2,3,0,2,No
5.933469433288611,15,3,3,4.0,1.0,3.0,36,Travel_Rarely,Research & Development,2,2,Medical,1,3866,Female,2,Healthcare Representative,Divorced,114160,6.0,Y,16,8,0,13.0,2,5,0,4,No
7.279580544399722,7,1,3,1.0,1.0,3.0,26,Travel_Rarely,Research & Development,5,4,Medical,1,1994,Female,2,Sales Executive,Married,46820,1.0,Y,11,8,1,6.0,3,5,1,3,No
6.888547523426944,21,3,4,4.0,3.0,3.0,26,Travel_Rarely,Research & Development,11,4,Medical,1,2677,Male,2,Manager,Single,92780,0.0,Y,20,8,0,5.0,3,4,0,0,No
7.1993429272644445,7,3,3,3.0,4.0,2.0,52,Travel_Rarely,Research & Development,1,2,Medical,1,4383,Female,4,Manager,Single,83460,7.0,Y,14,8,0,6.0,5,2,2,2,No
7.6081648817491665,6,3,3,1.0,2.0,1.0,29,Travel_Frequently,Research & Development,28,3,Medical,1,800,Female,5,Research Scientist,Single,44340,,Y,17,8,3,7.0,1,5,0,0,Yes
7.088992637215278,13,3,3,2.0,3.0,3.0,31,Travel_Rarely,Research & Development,2,4,Life Sciences,1,1084,Female,5,Manager,Divorced,103770,1.0,Y,14,8,0,10.0,2,10,0,2,No
5.9119422132975,8,2,3,1.0,3.0,3.0,44,Non-Travel,Research & Development,8,2,Life Sciences,1,286,Male,1,Research Scientist,Single,135030,2.0,Y,12,8,0,9.0,6,5,1,4,No
6.3992112896027775,21,3,3,2.0,3.0,2.0,51,Travel_Frequently,Sales,21,4,Medical,1,3613,Male,2,Research Scientist,Single,182000,0.0,Y,17,8,0,8.0,3,7,7,7,No
7.423312137438611,15,1,3,4.0,4.0,2.0,32,Travel_Rarely,Research & Development,2,3,Life Sciences,1,270,Male,5,Research Scientist,Single,30380,1.0,Y,11,8,0,10.0,5,10,0,8,No
7.005754127621389,10,2,3,3.0,4.0,3.0,29,Travel_Rarely,Sales,4,3,Other,1,1465,Female,2,Human Resources,Single,35390,1.0,Y,18,8,0,6.0,2,6,1,5,No
6.126974564926111,6,2,3,1.0,4.0,4.0,38,Travel_Rarely,Sales,1,1,Medical,1,2851,Male,2,Laboratory Technician,Single,176030,4.0,Y,16,8,0,12.0,0,8,0,7,No
6.227997545738333,17,3,3,1.0,3.0,2.0,20,Travel_Rarely,Research & Development,6,3,Medical,1,3539,Male,5,Research Director,Single,83920,1.0,Y,17,8,0,2.0,5,2,1,2,No
7.412276885318889,19,2,3,2.0,3.0,3.0,38,Travel_Rarely,Sales,20,4,Medical,1,2643,Female,2,Research Director,Married,20290,3.0,Y,11,8,1,20.0,3,18,1,11,No
6.034225792056945,22,2,3,4.0,3.0,4.0,21,Travel_Rarely,Research & Development,3,2,Life Sciences,1,17,Male,1,Laboratory Technician,Single,42130,1.0,Y,12,8,3,3.0,3,3,1,0,No
10.149457831325277,17,2,3,2.0,3.0,1.0,53,Travel_Rarely,Sales,14,2,Life Sciences,1,1365,Female,5,Manufacturing Director,Married,35170,2.0,Y,12,8,1,13.0,1,7,4,5,No
10.058450468540556,11,3,4,4.0,3.0,4.0,34,Travel_Frequently,Research & Development,7,2,Medical,1,4355,Male,4,Sales Representative,Divorced,29740,1.0,Y,23,8,0,5.0,2,5,2,0,No
6.258383534136389,16,3,3,1.0,4.0,3.0,31,Travel_Rarely,Research & Development,16,3,Medical,1,3713,Male,2,Human Resources,Divorced,27820,1.0,Y,19,8,1,13.0,5,13,9,9,No
7.002454261490278,16,3,3,2.0,4.0,4.0,55,Travel_Rarely,Research & Development,7,3,Life Sciences,1,753,Female,3,Research Scientist,Divorced,50930,2.0,Y,16,8,1,31.0,3,7,0,0,No
7.779502454261389,6,3,4,1.0,3.0,2.0,25,Travel_Rarely,Research & Development,2,4,Medical,1,1176,Female,2,Manufacturing Director,Divorced,27850,0.0,Y,21,8,0,6.0,2,5,0,4,No
6.702890450691389,13,3,3,4.0,4.0,3.0,36,Travel_Rarely,Research & Development,28,1,Life Sciences,1,2952,Male,1,Laboratory Technician,Married,33770,0.0,Y,12,8,2,16.0,2,15,10,11,No
8.467868139223333,12,1,4,4.0,3.0,3.0,35,Travel_Rarely,Research & Development,12,2,Medical,1,3121,Female,2,Sales Representative,Married,28090,4.0,Y,23,8,1,,2,8,0,0,No
6.722025881302778,18,3,3,4.0,4.0,3.0,52,Non-Travel,Research & Development,1,4,Life Sciences,1,1783,Male,5,Sales Executive,Married,97380,0.0,Y,18,8,2,5.0,2,4,1,2,No
7.843922356090833,5,4,3,3.0,3.0,2.0,37,Travel_Rarely,Research & Development,29,4,Technical Degree,1,3841,Male,1,Laboratory Technician,Married,78800,3.0,Y,12,8,1,9.0,2,4,0,2,No
7.705491967871389,3,1,3,2.0,3.0,3.0,33,Travel_Rarely,Research & Development,28,4,Life Sciences,1,3546,Female,1,Manager,Married,60910,1.0,Y,15,8,0,5.0,6,5,1,4,No
7.478524096385278,13,3,3,4.0,4.0,3.0,32,Non-Travel,Research & Development,21,3,Life Sciences,1,3320,Male,1,Sales Executive,Divorced,44500,0.0,Y,13,8,0,4.0,3,3,0,2,No
5.854153279785556,14,3,3,4.0,4.0,3.0,30,Travel_Rarely,Research & Development,13,3,Life Sciences,1,1537,Female,4,Research Director,Married,41970,1.0,Y,13,8,0,11.0,3,10,1,9,No
9.631834002677222,2,3,3,4.0,4.0,3.0,38,Travel_Rarely,Research & Development,29,3,Life Sciences,1,4172,Female,1,Manufacturing Director,Single,37220,5.0,Y,14,8,0,6.0,0,3,1,2,No
5.6736189201247225,21,3,3,1.0,3.0,2.0,46,Travel_Frequently,Research & Development,4,1,Medical,1,208,Male,5,Human Resources,Married,29110,5.0,Y,13,8,0,28.0,3,2,1,2,No
7.594524765729444,10,3,3,3.0,2.0,2.0,38,Travel_Frequently,Research & Development,28,3,Medical,1,3939,Male,1,Healthcare Representative,Married,29790,4.0,Y,12,8,1,9.0,3,6,0,5,No
7.437978580990555,9,3,3,3.0,4.0,2.0,25,Travel_Rarely,Research & Development,8,3,Life Sciences,1,1776,Male,2,Research Scientist,Single,74840,1.0,Y,15,8,0,6.0,3,6,1,4,No
5.594145470771944,20,3,3,1.0,3.0,2.0,36,Travel_Rarely,Research & Development,7,2,Life Sciences,1,1974,Female,1,Research Scientist,Divorced,56600,7.0,Y,12,8,0,9.0,3,1,0,0,Yes
9.032421909861666,10,3,4,4.0,3.0,2.0,19,Travel_Rarely,Research & Development,5,2,Life Sciences,1,2810,Male,1,Manager,Single,53320,1.0,Y,23,8,1,0.0,2,0,0,0,Yes
9.151375502007777,14,2,3,3.0,3.0,2.0,42,Non-Travel,Research & Development,4,3,Life Sciences,1,3637,Male,2,Laboratory Technician,Married,20830,0.0,Y,12,8,2,21.0,3,20,2,10,No
7.839794734493333,4,3,3,4.0,2.0,4.0,46,Travel_Rarely,Research & Development,10,3,Medical,1,1041,Male,1,Sales Executive,Married,44220,4.0,Y,11,8,1,13.0,2,9,3,7,Yes
6.622714190093611,13,4,3,2.0,2.0,3.0,38,Travel_Rarely,Sales,22,2,Medical,1,385,Male,1,Sales Executive,Married,137340,0.0,Y,13,8,0,3.0,3,2,1,2,No
7.2915885765283335,19,4,4,4.0,1.0,2.0,34,Travel_Frequently,Research & Development,2,1,Life Sciences,1,1033,Male,1,Manufacturing Director,Married,134990,4.0,Y,23,8,2,11.0,2,7,0,7,Yes
8.154288264167779,4,1,3,1.0,1.0,2.0,33,Travel_Rarely,Research & Development,10,3,Life Sciences,1,2468,Male,1,Sales Executive,Single,43020,2.0,Y,13,8,0,11.0,3,0,0,0,Yes
9.917958500669167,14,3,3,2.0,3.0,2.0,41,Travel_Rarely,Research & Development,26,3,Medical,1,3711,Female,3,Sales Executive,Married,54850,2.0,Y,17,8,2,7.0,2,4,0,3,No
7.997580321285,6,2,4,4.0,3.0,3.0,52,Travel_Rarely,Research & Development,26,2,Life Sciences,1,149,Female,2,Sales Representative,Married,33750,2.0,Y,21,8,0,28.0,2,5,0,4,No
10.044626282909167,6,2,4,2.0,3.0,2.0,44,Travel_Frequently,Research & Development,5,2,Medical,1,805,Female,2,Research Scientist,Single,171590,5.0,Y,22,8,1,16.0,1,2,2,2,No
6.159416555109167,8,1,3,3.0,3.0,3.0,50,Travel_Rarely,Research & Development,8,4,Life Sciences,1,1801,Male,2,Sales Executive,Married,49410,5.0,Y,11,8,1,30.0,3,4,0,3,No
10.305806559571389,2,2,4,4.0,1.0,3.0,50,Travel_Rarely,Research & Development,20,2,Medical,1,3628,Female,5,Laboratory Technician,Married,154020,4.0,Y,21,8,0,25.0,3,3,1,2,No
7.04458723784,16,3,3,1.0,3.0,3.0,40,Travel_Rarely,Research & Development,22,1,Life Sciences,1,2369,Male,1,Laboratory Technician,Married,56660,1.0,Y,14,8,1,18.0,2,18,14,12,No
6.435205265506389,14,2,3,4.0,1.0,3.0,42,Travel_Rarely,Research & Development,11,1,Life Sciences,1,3482,Male,4,Research Scientist,Married,60320,0.0,Y,14,8,0,23.0,2,22,13,7,No
8.677896028558612,17,2,3,1.0,3.0,3.0,41,Non-Travel,Research & Development,23,3,Life Sciences,1,1672,Male,2,Manufacturing Director,Single,26700,2.0,Y,15,8,2,10.0,2,8,0,7,No
10.28265729585,12,3,3,3.0,1.0,3.0,37,Travel_Rarely,Research & Development,8,5,Technical Degree,1,1566,Male,2,Manufacturing Director,Divorced,54670,4.0,Y,12,8,0,13.0,2,7,6,7,No
6.177958500669167,16,3,3,2.0,3.0,3.0,45,Travel_Rarely,Research & Development,10,4,Life Sciences,1,1816,Male,1,Research Director,Single,56050,1.0,Y,12,8,2,1.0,2,1,0,0,No
7.214883980365833,19,2,4,4.0,3.0,4.0,40,Travel_Frequently,Research & Development,21,3,Medical,1,2622,Female,3,Research Scientist,Married,197170,1.0,Y,21,8,0,10.0,1,10,9,4,No
9.440529897367222,14,4,3,4.0,4.0,2.0,22,Non-Travel,Research & Development,8,3,Life Sciences,1,1230,Female,3,Sales Executive,Divorced,108510,1.0,Y,16,8,1,1.0,2,1,0,0,No
8.469769076305,17,2,3,4.0,4.0,3.0,41,Travel_Rarely,Research & Development,1,3,Life Sciences,1,1428,Male,2,Human Resources,Single,68830,3.0,Y,19,8,2,16.0,3,1,0,0,No
7.979164435519722,16,3,3,1.0,2.0,4.0,34,Travel_Rarely,Research & Development,7,1,Medical,1,2271,Male,1,Research Scientist,Single,62880,0.0,Y,15,8,1,16.0,2,15,10,10,Yes
10.658385765283333,1,2,3,4.0,3.0,3.0,29,Travel_Rarely,Sales,29,4,Life Sciences,1,4164,Male,2,Laboratory Technician,Single,21270,0.0,Y,11,8,1,10.0,3,9,0,8,No
5.661257251226944,18,2,3,2.0,2.0,3.0,37,Travel_Rarely,Research & Development,17,3,Life Sciences,1,1260,Female,3,Sales Executive,Married,20640,4.0,Y,16,8,0,8.0,3,1,0,0,No
5.7309114234713885,18,2,3,3.0,3.0,3.0,37,Travel_Rarely,Research & Development,4,3,Medical,1,1719,Male,1,Manager,Married,98840,1.0,Y,14,8,0,10.0,3,10,7,8,No
7.601465863453611,21,3,3,4.0,4.0,1.0,31,Travel_Rarely,Research & Development,1,4,Life Sciences,1,3373,Male,4,Research Director,Married,190680,0.0,Y,12,8,0,10.0,1,9,8,5,No
8.177834672021389,12,3,3,4.0,4.0,3.0,38,Travel_Frequently,Sales,3,3,Marketing,1,159,Female,2,Sales Executive,Married,49070,1.0,Y,11,8,1,1.0,3,1,0,0,No
9.67827867023639,19,3,3,2.0,1.0,2.0,29,Travel_Rarely,Research & Development,29,3,Medical,1,79,Female,1,Research Scientist,Married,23070,1.0,Y,13,8,1,7.0,0,7,0,7,Yes
7.769093038821945,13,3,4,3.0,1.0,3.0,31,Non-Travel,Research & Development,28,4,Medical,1,1922,Male,2,Research Scientist,Single,25930,0.0,Y,21,8,0,4.0,2,3,1,2,Yes
9.593979250334444,9,1,3,2.0,2.0,2.0,58,Travel_Rarely,Sales,3,3,Marketing,1,2840,Female,1,Research Scientist,Married,52060,4.0,Y,11,8,3,9.0,4,1,0,0,No
9.613430388219445,17,3,3,1.0,4.0,3.0,31,Travel_Frequently,Research & Development,2,1,Other,1,4078,Male,3,Sales Executive,Married,70940,1.0,Y,14,8,1,10.0,2,10,0,8,Yes
7.825960508701389,11,3,4,3.0,1.0,3.0,31,Non-Travel,Research & Development,28,4,Medical,1,452,Male,2,Research Scientist,Single,25930,0.0,Y,21,8,0,4.0,2,3,1,2,Yes
5.898488398036389,20,3,3,3.0,2.0,3.0,41,Travel_Rarely,Research & Development,5,3,Life Sciences,1,1099,Female,1,Sales Executive,Married,66230,5.0,Y,18,8,0,14.0,3,5,1,4,No
7.294959839357222,19,3,4,1.0,2.0,3.0,33,Travel_Rarely,Research & Development,7,2,Life Sciences,1,2279,Male,2,Research Scientist,Married,37370,8.0,Y,22,8,2,8.0,2,5,0,2,No
7.555305667112778,5,4,4,1.0,1.0,2.0,29,Travel_Rarely,Research & Development,2,4,Other,1,4070,Male,2,Laboratory Technician,Married,20960,0.0,Y,22,8,0,6.0,2,5,0,2,No
5.908215082552222,8,3,3,4.0,3.0,3.0,37,Travel_Rarely,Sales,24,2,Life Sciences,1,371,Female,4,Laboratory Technician,Divorced,42570,4.0,Y,15,8,0,9.0,2,1,0,0,No
10.535323516287223,1,3,3,3.0,3.0,2.0,27,Non-Travel,Research & Development,2,3,Life Sciences,1,4317,Male,1,Manufacturing Director,Divorced,139660,1.0,Y,19,8,0,1.0,1,1,0,1,No
10.1587918340025,6,3,3,3.0,1.0,3.0,25,Travel_Rarely,Sales,11,3,Life Sciences,1,377,Female,1,Laboratory Technician,Married,23110,1.0,Y,11,8,1,5.0,2,5,0,3,No
6.7137829094152774,14,2,3,4.0,1.0,4.0,53,Travel_Rarely,Research & Development,24,3,Other,1,245,Female,3,Manager,Single,22690,7.0,Y,11,8,1,18.0,2,14,8,10,No
9.462716421240279,11,2,3,4.0,4.0,3.0,34,Travel_Rarely,Research & Development,1,2,Medical,1,2465,Female,2,Healthcare Representative,Married,176650,0.0,Y,11,8,0,6.0,5,5,1,2,No
6.951155734047222,9,3,3,2.0,2.0,3.0,36,Travel_Frequently,Research & Development,3,3,Life Sciences,1,2749,Female,2,Laboratory Technician,Single,20180,1.0,Y,13,8,0,6.0,5,6,0,3,No
6.269079651940833,20,1,3,3.0,4.0,3.0,30,Travel_Frequently,Research & Development,1,4,Medical,1,1257,Male,1,Research Scientist,Single,20330,1.0,Y,14,8,1,12.0,3,12,3,7,No
6.602032574743333,10,3,3,4.0,1.0,3.0,31,Travel_Frequently,Research & Development,25,5,Technical Degree,1,2602,Female,2,Human Resources,Married,180610,1.0,Y,14,8,1,10.0,2,10,8,7,No
6.066220437304723,19,3,3,2.0,1.0,3.0,39,Travel_Rarely,Research & Development,6,2,Life Sciences,1,891,Male,3,Research Scientist,Married,106090,2.0,Y,17,8,1,10.0,2,7,7,7,No
6.5622010263275,5,3,3,4.0,1.0,3.0,47,Travel_Rarely,Research & Development,2,3,Medical,1,3215,Female,5,Sales Executive,Single,50210,2.0,Y,17,8,0,20.0,3,7,1,7,No
6.755545515394722,9,3,3,4.0,3.0,3.0,18,Travel_Rarely,Sales,7,3,Life Sciences,1,44,Male,1,Research Scientist,Single,38120,1.0,Y,15,8,0,0.0,3,0,0,0,No
5.6632251227130554,20,3,3,4.0,1.0,2.0,26,Travel_Rarely,Research & Development,15,2,Life Sciences,1,3256,Male,2,Laboratory Technician,Single,26130,6.0,Y,19,8,1,6.0,2,4,1,2,Yes
6.190346943328611,16,3,3,4.0,4.0,2.0,36,Travel_Rarely,Research & Development,4,2,Life Sciences,1,1986,Female,2,Human Resources,Single,44780,0.0,Y,18,8,1,15.0,3,14,7,8,No
8.240603525211945,7,2,3,3.0,3.0,3.0,25,Travel_Rarely,Sales,10,1,Marketing,1,4260,Male,2,Research Director,Single,82370,1.0,Y,13,8,0,6.0,6,6,0,3,Yes
7.2809002677375,8,2,3,2.0,2.0,3.0,32,Travel_Rarely,Sales,3,4,Life Sciences,1,1286,Male,2,Manufacturing Director,Married,97150,1.0,Y,15,8,1,10.0,1,10,0,9,No
6.100640339134166,6,3,3,3.0,1.0,2.0,30,Travel_Rarely,Research & Development,8,3,Medical,1,525,Female,1,Sales Executive,Married,183000,0.0,Y,14,8,0,7.0,6,6,0,2,No
7.202641677822222,21,3,3,4.0,2.0,3.0,24,Travel_Rarely,Sales,7,4,Life Sciences,1,2054,Female,1,Laboratory Technician,Single,25760,8.0,Y,17,8,3,6.0,3,4,1,2,No
8.2239982150825,20,1,3,4.0,1.0,4.0,45,Travel_Rarely,Human Resources,14,3,Human Resources,1,2760,Female,1,Sales Executive,Married,54730,4.0,Y,13,8,0,17.0,3,0,0,0,No
7.434355198571945,5,3,3,2.0,2.0,3.0,30,Travel_Frequently,Research & Development,8,4,Medical,1,3415,Male,1,Sales Executive,Single,191440,0.0,Y,11,8,0,4.0,3,3,1,2,Yes
5.720210843373334,12,3,3,2.0,2.0,3.0,32,Travel_Rarely,Research & Development,1,2,Medical,1,1171,Male,3,Sales Executive,Married,136950,0.0,Y,13,8,0,3.0,3,2,2,2,No
6.317324854975277,15,3,3,3.0,1.0,3.0,28,Travel_Rarely,Research & Development,2,3,Life Sciences,1,727,Female,2,Healthcare Representative,Married,111590,1.0,Y,12,8,0,5.0,2,5,0,4,No
7.193019857206389,6,1,3,3.0,4.0,3.0,37,Travel_Frequently,Research & Development,13,4,Life Sciences,1,3331,Female,3,Human Resources,Married,35640,5.0,Y,11,8,0,10.0,1,5,0,0,No
7.207425256581667,13,3,3,4.0,4.0,3.0,37,Travel_Rarely,Sales,5,1,Marketing,1,28,Male,1,Research Scientist,Single,27050,1.0,Y,11,8,0,17.0,2,17,5,7,No
5.634441097724166,15,3,3,3.0,1.0,4.0,52,Travel_Rarely,Sales,21,5,Technical Degree,1,3244,Male,3,Manager,Married,28890,1.0,Y,11,8,1,34.0,2,34,1,16,No
7.488596608656667,6,1,3,3.0,4.0,4.0,31,Travel_Frequently,Research & Development,2,2,Medical,1,2193,Female,2,Manufacturing Director,Single,53960,7.0,Y,17,8,1,3.0,2,1,0,0,Yes
5.616666666666666,21,3,3,2.0,,2.0,34,Travel_Rarely,Research & Development,2,2,Life Sciences,1,860,Male,2,Research Scientist,Married,65860,9.0,Y,18,8,1,9.0,3,2,2,1,No
7.149326193663334,21,3,3,3.0,1.0,4.0,25,Travel_Rarely,Sales,5,3,Marketing,1,3321,Female,4,Research Scientist,Married,27560,1.0,Y,12,8,2,5.0,2,5,0,3,No
5.537753235162778,19,3,3,3.0,2.0,3.0,21,Travel_Rarely,Human Resources,10,2,Human Resources,1,113,Male,1,Laboratory Technician,Single,53730,1.0,Y,12,8,1,1.0,2,1,0,0,Yes
9.170238732708611,13,3,3,4.0,3.0,3.0,24,Travel_Rarely,Research & Development,5,1,Other,1,768,Male,1,Manufacturing Director,Married,43350,1.0,Y,15,8,1,5.0,5,5,0,3,No
6.845648148148055,12,3,4,4.0,4.0,2.0,46,Travel_Rarely,Human Resources,1,3,Life Sciences,1,2535,Female,1,Laboratory Technician,Divorced,190810,3.0,Y,21,8,0,12.0,2,9,4,7,No
10.174724453368889,3,2,3,4.0,1.0,3.0,29,Travel_Rarely,Human Resources,3,5,Life Sciences,1,1924,Male,1,Sales Executive,Single,27230,6.0,Y,11,8,1,3.0,2,0,0,0,Yes
5.687468763944445,14,3,3,3.0,2.0,1.0,23,Travel_Rarely,Sales,6,4,Life Sciences,1,981,Male,3,Manufacturing Director,Single,103220,1.0,Y,14,8,2,3.0,2,3,1,2,No
8.933678045515277,8,4,3,2.0,2.0,3.0,18,Travel_Frequently,Research & Development,2,3,Technical Degree,1,200,Male,1,Sales Executive,Single,34680,1.0,Y,18,8,2,0.0,4,0,0,0,Yes
9.091726907630278,11,1,3,2.0,4.0,2.0,38,Travel_Rarely,Research & Development,19,3,Medical,1,1051,Female,2,Manufacturing Director,Married,64740,2.0,Y,13,8,2,20.0,3,4,0,3,No
6.6805087014725,18,3,3,4.0,2.0,3.0,33,Travel_Rarely,Research & Development,1,1,Life Sciences,1,3774,Male,1,Research Scientist,Single,42560,1.0,Y,13,8,3,5.0,1,5,0,2,No
7.726844042837778,9,3,3,1.0,4.0,3.0,39,Travel_Rarely,Research & Development,4,4,Life Sciences,1,2642,Male,1,Sales Executive,Single,134020,7.0,Y,14,8,1,18.0,1,7,1,7,No
5.9241834002675,7,3,3,3.0,4.0,3.0,31,Travel_Rarely,Research & Development,27,3,Medical,1,1288,Female,2,Research Director,Single,21320,1.0,Y,18,8,0,11.0,3,11,1,8,No
8.768086791610834,3,3,3,3.0,1.0,3.0,45,Travel_Rarely,Sales,29,2,Technical Degree,1,885,Female,2,Research Scientist,Single,29730,1.0,Y,12,8,0,10.0,2,10,1,4,No
5.69203145917,24,3,3,4.0,3.0,3.0,38,Travel_Rarely,Sales,8,2,Marketing,1,2881,Male,5,Research Scientist,Married,49300,9.0,Y,14,8,0,14.0,0,1,0,0,No
8.918717090584444,15,2,3,2.0,3.0,3.0,36,Travel_Rarely,Research & Development,11,3,Life Sciences,1,4023,Male,1,Sales Executive,Married,131910,1.0,Y,14,8,1,10.0,2,10,1,7,No
6.823883311021667,19,2,4,4.0,4.0,2.0,50,Travel_Rarely,Sales,10,1,Life Sciences,1,457,Female,1,Manufacturing Director,Divorced,52490,9.0,Y,21,8,2,32.0,2,5,1,3,No
7.765475234270278,4,3,3,3.0,4.0,3.0,21,Travel_Rarely,Research & Development,3,1,Life Sciences,1,3835,Female,1,Laboratory Technician,Single,170990,1.0,Y,14,8,1,3.0,2,2,2,2,No
5.751953369031667,22,2,3,3.0,3.0,2.0,45,Non-Travel,Sales,2,3,Life Sciences,1,3904,Female,2,Manufacturing Director,Married,83960,3.0,Y,15,8,2,25.0,3,23,14,4,No
7.341112226684444,18,4,3,3.0,2.0,3.0,35,Travel_Rarely,Sales,16,2,Technical Degree,1,3027,Male,3,Manager,Single,25440,0.0,Y,13,8,1,17.0,3,16,0,13,No
6.64682507809,22,1,3,4.0,4.0,3.0,35,Travel_Rarely,Sales,1,2,Life Sciences,1,1917,Female,2,Healthcare Representative,Divorced,109380,6.0,Y,14,8,2,12.0,2,10,0,8,No
7.153528558678889,21,1,3,2.0,2.0,1.0,41,Travel_Rarely,Research & Development,3,3,Life Sciences,1,2507,Male,3,Research Scientist,Single,35970,3.0,Y,13,8,1,11.0,2,3,1,2,No
5.611991298527222,16,3,3,3.0,3.0,2.0,30,Travel_Rarely,Sales,29,3,Marketing,1,2087,Male,1,Sales Executive,Divorced,25460,1.0,Y,14,8,1,10.0,2,10,8,9,No
7.139743418116667,10,3,3,2.0,4.0,2.0,34,Travel_Rarely,Research & Development,1,5,Medical,1,246,Male,1,Research Scientist,Married,53810,1.0,Y,12,8,0,10.0,0,10,8,8,No
7.555908076751389,8,3,3,4.0,2.0,3.0,38,Travel_Frequently,Sales,29,2,Medical,1,936,Female,1,Sales Executive,Single,39170,1.0,Y,15,8,3,4.0,2,4,3,3,No
6.868895582329166,18,2,3,2.0,3.0,3.0,25,Travel_Rarely,Research & Development,2,3,Life Sciences,1,3161,Male,1,Research Scientist,Married,190940,1.0,Y,16,8,0,7.0,3,7,0,6,No
5.942891566265,14,3,3,1.0,2.0,3.0,28,Travel_Frequently,Research & Development,7,3,Life Sciences,1,543,Male,2,Manager,Divorced,29760,1.0,Y,14,8,0,1.0,3,1,0,0,Yes
10.242695225345555,4,4,3,,4.0,3.0,31,Travel_Rarely,Sales,2,5,Life Sciences,1,4333,Male,2,Sales Representative,Married,27280,8.0,Y,11,8,0,7.0,3,4,0,2,No
8.381101070950278,14,3,3,2.0,4.0,3.0,34,Travel_Rarely,Sales,6,2,Life Sciences,1,1694,Male,4,Research Director,Married,102480,1.0,Y,12,8,1,6.0,4,6,1,3,No
7.153890004462222,17,3,3,3.0,4.0,2.0,25,Travel_Rarely,Research & Development,8,3,Life Sciences,1,306,Male,2,Research Scientist,Single,74840,1.0,Y,15,8,0,6.0,3,6,1,4,No
9.460778670236389,4,3,3,1.0,3.0,3.0,58,Travel_Frequently,Research & Development,10,4,Technical Degree,1,2523,Female,1,Sales Representative,Married,29360,2.0,Y,13,8,1,23.0,3,2,2,2,No
6.302609326193611,9,3,3,4.0,2.0,3.0,30,Travel_Rarely,Research & Development,2,3,Life Sciences,1,1650,Male,1,Sales Executive,Single,48500,0.0,Y,12,8,1,4.0,4,3,1,2,No
6.132840249888333,21,3,4,3.0,2.0,3.0,49,Travel_Frequently,Sales,1,4,Life Sciences,1,2684,Female,2,Manufacturing Director,Married,58100,1.0,Y,21,8,1,10.0,2,10,1,7,No
9.904859437750833,18,3,3,3.0,4.0,3.0,47,Travel_Rarely,Sales,15,4,Marketing,1,1864,Female,3,Research Director,Married,65530,0.0,Y,15,8,0,8.0,2,7,7,7,No
7.618229585006667,15,3,3,4.0,4.0,1.0,42,Travel_Frequently,Human Resources,1,4,Technical Degree,1,2306,Male,2,Manufacturing Director,Married,31620,2.0,Y,17,8,2,24.0,1,20,13,9,No
8.326842927264444,8,3,3,3.0,4.0,1.0,31,Travel_Rarely,Sales,16,4,Marketing,1,1525,Female,2,Research Scientist,Divorced,28040,0.0,Y,19,8,2,3.0,0,2,2,2,No
6.684124274877222,18,4,3,2.0,4.0,3.0,42,Travel_Rarely,Sales,21,2,Life Sciences,1,2037,Female,1,Healthcare Representative,Single,22010,4.0,Y,12,8,1,16.0,3,1,0,0,No
6.042535698348889,21,3,3,4.0,2.0,2.0,32,Travel_Rarely,Research & Development,5,4,Technical Degree,1,933,Male,5,Research Scientist,Divorced,50030,,Y,13,8,0,10.0,5,9,1,6,No
9.662807898259445,11,2,3,1.0,2.0,3.0,26,Travel_Rarely,Research & Development,4,3,Medical,1,31,Male,3,Research Scientist,Divorced,68540,2.0,Y,11,8,0,5.0,5,3,0,2,Yes
9.702093931280556,7,3,3,2.0,4.0,2.0,37,Travel_Frequently,Sales,9,1,Marketing,1,37,Male,1,Laboratory Technician,Married,15140,1.0,Y,14,8,0,4.0,3,4,1,2,No
6.410865684961944,22,4,3,2.0,2.0,3.0,28,Travel_Rarely,Research & Development,29,2,Life Sciences,1,1080,Male,2,Laboratory Technician,Married,68520,1.0,Y,18,8,1,1.0,2,1,0,0,No
5.814618473895556,19,3,3,1.0,3.0,3.0,39,Non-Travel,Research & Development,8,5,Medical,1,1109,Female,2,Sales Representative,Married,188240,6.0,Y,19,8,1,10.0,4,3,1,2,No
5.943892235608889,6,3,3,3.0,1.0,2.0,40,Travel_Rarely,Human Resources,2,3,Medical,1,3451,Male,5,Sales Executive,Married,24550,1.0,Y,15,8,1,8.0,2,7,7,5,No
8.621035252119444,5,3,3,1.0,3.0,2.0,45,Travel_Rarely,Research & Development,22,3,Life Sciences,1,597,Female,2,Sales Representative,Married,132120,4.0,Y,13,8,0,7.0,4,3,0,2,No
7.502860330209722,16,3,3,1.0,4.0,3.0,39,Travel_Rarely,Research & Development,4,4,Life Sciences,1,1172,Male,1,Sales Executive,Single,134020,7.0,Y,14,8,1,18.0,1,7,1,7,No
6.141390004462222,12,4,3,1.0,4.0,3.0,29,Travel_Rarely,Research & Development,5,4,Life Sciences,1,400,Female,4,Healthcare Representative,Divorced,66730,6.0,Y,12,8,1,8.0,2,4,0,3,No
10.260771976795834,6,3,3,3.0,3.0,3.0,28,Travel_Rarely,Research & Development,1,4,Life Sciences,1,2697,Male,5,Research Director,Single,100960,,Y,13,8,0,6.0,2,4,0,3,Yes
6.637930611334166,16,2,3,2.0,4.0,2.0,34,Travel_Rarely,Sales,6,4,Marketing,1,1970,Male,2,Research Director,Divorced,96130,0.0,Y,12,8,1,16.0,5,15,0,9,No
6.170750780901111,6,4,3,1.0,1.0,4.0,40,Travel_Rarely,Sales,10,1,Life Sciences,1,837,Female,1,Manufacturing Director,Married,65240,0.0,Y,13,8,1,9.0,2,8,7,1,No
6.792437527889167,15,4,3,2.0,3.0,3.0,34,Travel_Rarely,Research & Development,5,3,Life Sciences,1,722,Male,1,Research Scientist,Married,45530,4.0,Y,18,8,1,10.0,2,8,7,7,No
6.797888219544722,8,2,3,3.0,2.0,4.0,46,Travel_Rarely,Research & Development,4,2,Life Sciences,1,823,Male,3,Manufacturing Director,Married,138260,8.0,Y,11,8,0,23.0,1,13,5,1,No
6.971973449352777,10,4,3,4.0,4.0,1.0,38,Travel_Rarely,Human Resources,25,1,Human Resources,1,1412,Female,1,Manufacturing Director,Married,78470,3.0,Y,14,8,1,9.0,3,7,1,7,No
5.500344712181945,20,2,3,3.0,2.0,2.0,28,Travel_Rarely,Research & Development,5,1,Technical Degree,1,3756,Male,2,Laboratory Technician,Married,25590,1.0,Y,11,8,0,8.0,3,8,1,7,No
6.599657518964722,10,3,3,2.0,4.0,2.0,35,Travel_Rarely,Sales,24,3,Medical,1,3423,Male,5,Sales Executive,Divorced,57450,1.0,Y,17,8,3,3.0,4,3,1,2,No
7.415189647478611,18,2,3,3.0,3.0,3.0,32,Travel_Rarely,Research & Development,3,1,Medical,1,343,Male,2,Manufacturing Director,Married,171810,1.0,Y,14,8,0,14.0,2,14,6,8,No
6.124693217313611,7,2,3,1.0,3.0,3.0,43,Travel_Rarely,Research & Development,1,3,Life Sciences,1,1073,Male,1,Manufacturing Director,Married,73790,7.0,Y,13,8,2,21.0,3,16,6,14,No
7.498370147255556,9,3,3,2.0,4.0,4.0,33,Travel_Frequently,Research & Development,2,3,Medical,1,733,Female,1,Sales Executive,Married,87930,6.0,Y,17,8,0,8.0,2,5,1,2,No
5.825130522088333,15,3,3,1.0,4.0,,48,Non-Travel,Sales,2,1,Life Sciences,1,2017,Male,2,Sales Executive,Single,23700,2.0,Y,11,8,0,27.0,3,5,2,1,No
6.775146140115833,5,2,4,1.0,4.0,3.0,38,Travel_Rarely,Research & Development,23,3,Medical,1,2664,Male,3,Sales Representative,Married,39040,1.0,Y,22,8,0,10.0,3,10,1,9,No
5.532923917893611,20,2,3,1.0,3.0,3.0,26,Travel_Rarely,Research & Development,9,4,Medical,1,203,Male,3,Healthcare Representative,Divorced,26930,5.0,Y,17,8,3,8.0,3,0,0,0,No
10.266362115126945,10,2,3,2.0,2.0,3.0,36,Travel_Rarely,Research & Development,8,3,Life Sciences,1,3194,Male,2,Research Scientist,Divorced,59150,2.0,Y,13,8,1,13.0,3,3,0,2,No
7.286397813476111,18,3,3,1.0,3.0,2.0,27,Travel_Rarely,Sales,22,4,Medical,1,1698,Male,1,Sales Representative,Divorced,22060,0.0,Y,14,8,1,6.0,4,5,0,3,No
6.058831994645,6,3,3,4.0,1.0,1.0,37,Travel_Rarely,Research & Development,24,3,Life Sciences,1,1034,Male,1,Laboratory Technician,Single,137580,1.0,Y,11,8,1,10.0,5,10,0,8,Yes
6.850214190093611,12,4,3,1.0,4.0,3.0,36,Non-Travel,Research & Development,1,3,Medical,1,3500,Male,3,Sales Representative,Single,34520,2.0,Y,13,8,3,18.0,4,11,0,9,No
5.728768406961111,22,2,3,1.0,4.0,4.0,38,Travel_Rarely,Sales,1,1,Medical,1,4321,Male,2,Laboratory Technician,Single,176030,4.0,Y,16,8,0,12.0,0,8,0,7,No
7.103788487282222,7,3,3,4.0,4.0,1.0,52,Travel_Rarely,Research & Development,12,3,Medical,1,1621,Male,2,Research Scientist,Married,48780,2.0,Y,11,8,1,31.0,3,5,1,4,No
8.461950022311388,7,4,3,4.0,1.0,3.0,45,Non-Travel,Sales,2,3,Medical,1,3401,Female,1,Sales Executive,Married,66440,1.0,Y,12,8,0,9.0,3,9,0,8,No
6.580408299866111,18,3,3,2.0,4.0,2.0,29,Travel_Frequently,Research & Development,16,4,Medical,1,25,Male,1,Laboratory Technician,Single,65130,1.0,Y,11,8,1,10.0,2,10,0,9,No
5.536802766621944,23,2,3,2.0,3.0,3.0,47,Travel_Rarely,Sales,2,2,Life Sciences,1,1064,Female,5,Manager,Single,31960,4.0,Y,14,8,1,7.0,3,2,2,0,No
7.186546184738889,12,3,3,4.0,1.0,3.0,34,Travel_Frequently,Research & Development,6,2,Life Sciences,1,2060,Male,1,Research Director,Single,43060,0.0,Y,11,8,0,14.0,2,13,4,9,No
7.458199464524722,17,3,3,4.0,2.0,3.0,56,Travel_Rarely,Sales,3,2,Medical,1,699,Female,3,Manufacturing Director,Single,26910,6.0,Y,16,8,1,36.0,6,7,7,7,No
6.8104194556,10,3,3,3.0,4.0,2.0,56,Travel_Rarely,Research & Development,2,4,Medical,1,1765,Male,1,Manager,Married,20420,7.0,Y,12,8,0,30.0,6,10,1,1,No
5.744808121374167,11,3,3,1.0,1.0,3.0,36,Non-Travel,Research & Development,10,4,Technical Degree,1,3224,Female,2,Research Scientist,Married,41520,9.0,Y,19,8,1,10.0,3,8,0,5,No
7.008023203926666,19,3,3,1.0,3.0,3.0,40,Travel_Rarely,Research & Development,22,1,Life Sciences,1,899,Male,1,Laboratory Technician,Married,56660,1.0,Y,14,8,1,18.0,2,18,14,12,No
5.5396095493083335,23,2,3,2.0,1.0,1.0,31,Travel_Rarely,Research & Development,10,4,Life Sciences,1,3077,Male,3,Sales Executive,Married,21870,1.0,Y,15,8,1,13.0,2,13,3,12,No
5.844894020526389,7,2,3,2.0,1.0,4.0,24,Travel_Rarely,Research & Development,3,3,Life Sciences,1,2443,Female,1,Research Scientist,Divorced,14160,1.0,Y,15,8,1,6.0,3,6,1,2,No
7.100332440874444,16,4,3,1.0,2.0,3.0,41,Travel_Frequently,Research & Development,16,1,Medical,1,109,Female,1,Research Scientist,Single,28100,1.0,Y,11,8,0,8.0,3,8,7,7,Yes
6.580775323516111,7,4,3,3.0,1.0,2.0,26,Travel_Rarely,Research & Development,2,2,Life Sciences,1,1129,Male,2,Research Scientist,Single,20800,0.0,Y,13,8,0,8.0,6,7,7,6,No
6.119989959839167,14,2,3,4.0,3.0,3.0,50,Non-Travel,Human Resources,2,2,Life Sciences,1,3434,Male,1,Laboratory Technician,Married,36880,0.0,Y,11,8,0,19.0,3,18,0,13,No
6.206423471664166,6,3,3,4.0,4.0,2.0,25,Travel_Rarely,Research & Development,6,2,Medical,1,3648,Female,4,Research Scientist,Married,20450,3.0,Y,19,8,0,7.0,3,3,1,2,No
7.55953480589,17,3,3,2.0,4.0,1.0,59,Travel_Rarely,Research & Development,5,3,Life Sciences,1,3441,Male,2,Research Scientist,Married,56740,3.0,Y,12,8,0,14.0,6,6,0,4,No
5.650391566265,22,3,3,4.0,3.0,3.0,27,Travel_Frequently,Research & Development,18,2,Medical,1,1425,Female,1,Laboratory Technician,Single,65160,1.0,Y,19,8,1,7.0,4,7,0,7,No
6.879972110664722,11,1,4,4.0,3.0,3.0,32,Non-Travel,Research & Development,15,3,Medical,1,499,Male,2,Manager,Single,69290,9.0,Y,20,8,0,10.0,6,8,7,7,No
5.685286702365,23,3,4,3.0,4.0,2.0,30,Non-Travel,Sales,10,2,Life Sciences,1,1639,Male,3,Laboratory Technician,Single,188800,0.0,Y,22,8,1,12.0,3,11,6,7,No
7.215093708165833,16,1,3,3.0,2.0,3.0,41,Non-Travel,Sales,2,2,Medical,1,3911,Male,2,Research Scientist,Married,107980,,Y,14,8,2,10.0,5,3,1,2,No
10.4431381079875,6,3,3,4.0,3.0,3.0,55,Travel_Rarely,Sales,20,3,Marketing,1,2278,Male,2,Research Scientist,Married,47790,0.0,Y,14,8,1,4.0,6,3,1,2,No
6.8766733601069445,7,2,3,4.0,1.0,3.0,29,Travel_Rarely,Research & Development,5,5,Life Sciences,1,2556,Female,1,Sales Executive,Single,105020,3.0,Y,12,8,0,11.0,4,3,1,2,No
6.428675814368333,10,3,4,3.0,2.0,3.0,49,Travel_Frequently,Sales,1,4,Life Sciences,1,4154,Female,2,Manufacturing Director,Married,58100,1.0,Y,21,8,1,10.0,2,10,1,7,No
10.412440874609445,4,2,4,4.0,4.0,3.0,37,Travel_Rarely,Research & Development,7,4,Life Sciences,1,538,Male,4,Sales Executive,Divorced,71430,2.0,Y,21,8,0,8.0,6,1,0,0,No
6.572467648371111,18,3,3,4.0,1.0,3.0,38,Travel_Rarely,Sales,6,3,Other,1,3364,Male,2,Sales Executive,Married,87890,1.0,Y,11,8,3,15.0,4,15,5,11,No
7.050216421240278,21,2,3,3.0,4.0,3.0,28,Non-Travel,Research & Development,7,3,Life Sciences,1,4006,Male,1,Sales Executive,Divorced,89660,1.0,Y,16,8,1,3.0,3,3,2,2,No
6.260141677822222,13,2,3,4.0,3.0,4.0,21,Travel_Rarely,Research & Development,3,2,Life Sciences,1,1487,Male,1,Laboratory Technician,Single,42130,1.0,Y,12,8,3,3.0,3,3,1,0,No
7.861668897813333,4,4,3,2.0,3.0,3.0,43,Travel_Frequently,Sales,2,2,Life Sciences,1,2813,Male,1,Sales Executive,Single,32110,4.0,Y,13,8,0,18.0,2,3,1,2,No
6.071981258366667,16,3,3,4.0,1.0,3.0,28,Travel_Rarely,Research & Development,1,2,Technical Degree,1,784,Female,1,Research Scientist,Single,176390,0.0,Y,13,8,1,6.0,0,5,1,3,No
6.920330209727778,11,3,3,2.0,1.0,3.0,40,Travel_Rarely,Research & Development,1,4,Life Sciences,1,3987,Male,2,Manager,Divorced,199430,2.0,Y,13,8,1,15.0,3,7,7,7,No
6.640993975903611,17,1,3,4.0,2.0,3.0,29,Travel_Frequently,Research & Development,8,1,Medical,1,3755,Male,1,Research Scientist,Married,40370,0.0,Y,14,8,0,4.0,2,3,0,2,No
7.044742302543333,18,2,4,1.0,3.0,2.0,27,Travel_Rarely,Research & Development,4,3,Technical Degree,1,2563,Male,2,Manufacturing Director,Single,51710,0.0,Y,20,8,1,9.0,1,8,0,7,No
5.755362561356389,21,4,3,3.0,4.0,4.0,49,Travel_Rarely,Sales,7,2,Life Sciences,1,3290,Female,2,Healthcare Representative,Married,89980,1.0,Y,14,8,2,9.0,2,9,7,7,Yes
7.036749219098611,9,3,3,4.0,4.0,1.0,52,Travel_Rarely,Research & Development,12,3,Medical,1,3091,Male,2,Research Scientist,Married,48780,2.0,Y,11,8,1,31.0,3,5,1,4,No
6.836571842927222,17,3,3,3.0,3.0,3.0,40,Non-Travel,Research & Development,1,1,Life Sciences,1,2170,Male,1,Laboratory Technician,Divorced,42860,9.0,Y,15,8,0,6.0,6,4,0,0,No
5.747174252565555,15,2,3,2.0,3.0,3.0,47,Travel_Rarely,Sales,2,2,Life Sciences,1,2534,Female,5,Manager,Single,31960,4.0,Y,14,8,1,7.0,3,2,2,0,No
7.1914435519855555,16,2,3,3.0,3.0,2.0,38,Travel_Frequently,Research & Development,13,3,Technical Degree,1,3405,Male,1,Manufacturing Director,Married,32100,0.0,Y,17,8,2,3.0,5,2,0,2,No
9.007223337795555,8,2,3,2.0,3.0,2.0,26,Travel_Rarely,Research & Development,26,2,Life Sciences,1,2562,Male,2,Human Resources,Married,68120,1.0,Y,13,8,0,1.0,2,1,1,0,No
6.009721106648611,10,3,3,3.0,1.0,3.0,41,Travel_Rarely,Research & Development,5,3,Medical,1,1009,Male,1,Sales Representative,Divorced,121690,1.0,Y,19,8,0,5.0,2,5,0,4,No
5.466765952699444,23,3,3,4.0,3.0,2.0,34,Travel_Frequently,Research & Development,25,1,Life Sciences,1,2344,Female,1,Manager,Married,22590,1.0,Y,14,8,0,8.0,2,8,7,7,No
10.589165551093055,7,2,3,4.0,3.0,3.0,58,Non-Travel,Research & Development,2,3,Life Sciences,1,51,Male,2,Manufacturing Director,Divorced,39680,2.0,Y,13,8,2,12.0,3,5,1,2,No
9.848253012048055,13,4,3,3.0,3.0,3.0,37,Travel_Rarely,Research & Development,2,2,Medical,1,2202,Female,1,Healthcare Representative,Married,54050,7.0,Y,15,8,0,8.0,3,6,1,3,No
7.7259448906736115,9,3,3,4.0,4.0,3.0,47,Travel_Rarely,Sales,18,4,Medical,1,1932,Female,2,Research Scientist,Single,55820,1.0,Y,16,8,0,9.0,3,9,0,7,No
7.3676204819275,20,4,3,2.0,1.0,3.0,29,Travel_Rarely,Research & Development,16,2,Life Sciences,1,2698,Female,4,Laboratory Technician,Divorced,36460,1.0,Y,14,8,0,10.0,3,10,8,8,No
6.3967302543505555,11,3,3,1.0,4.0,4.0,46,Travel_Rarely,Research & Development,18,1,Medical,1,3714,Male,1,Manufacturing Director,Divorced,59800,4.0,Y,11,8,1,28.0,2,7,4,3,Yes
10.303082329317222,4,3,3,1.0,1.0,1.0,40,Travel_Rarely,Sales,16,4,Marketing,1,2384,Male,1,Research Director,Single,36330,3.0,Y,16,8,2,10.0,0,4,0,3,Yes
10.358972556894166,6,3,3,3.0,3.0,2.0,27,Non-Travel,Research & Development,2,3,Life Sciences,1,1377,Male,1,Manufacturing Director,Divorced,139660,1.0,Y,19,8,0,1.0,1,1,0,1,No
9.407688531905277,10,2,3,4.0,2.0,3.0,40,Travel_Rarely,Sales,8,1,Other,1,689,Male,1,Laboratory Technician,Single,59850,2.0,Y,13,8,3,9.0,1,5,1,0,Yes
9.243154841588334,4,3,3,1.0,4.0,2.0,32,Travel_Rarely,Research & Development,1,1,Life Sciences,1,1713,Female,1,Healthcare Representative,Married,30220,1.0,Y,16,8,1,6.0,3,6,0,5,No
7.1647534582775,8,3,3,1.0,3.0,3.0,33,Travel_Rarely,Research & Development,16,3,Medical,1,198,Female,1,Laboratory Technician,Divorced,20900,4.0,Y,16,8,0,10.0,2,6,0,5,No
7.27583556448,10,3,3,2.0,4.0,2.0,33,Non-Travel,Sales,9,2,Technical Degree,1,3437,Male,5,Sales Representative,Single,12000,0.0,Y,11,8,1,3.0,3,2,2,2,No
5.978999330655833,9,3,3,2.0,3.0,2.0,33,Non-Travel,Research & Development,1,3,Life Sciences,1,4098,Male,2,Research Scientist,Divorced,140260,1.0,Y,12,8,0,1.0,4,1,0,0,No
7.1387248995983335,18,2,4,2.0,1.0,4.0,42,Travel_Rarely,Research & Development,1,2,Life Sciences,1,582,Male,4,Laboratory Technician,Single,30340,7.0,Y,21,8,1,9.0,3,6,1,5,No
9.4278145917,12,3,3,2.0,4.0,2.0,40,Travel_Rarely,Research & Development,2,4,Other,1,1548,Male,4,Research Scientist,Married,50330,2.0,Y,14,8,2,6.0,6,4,0,2,No
5.6584482373938885,17,3,3,1.0,3.0,2.0,36,Travel_Rarely,Research & Development,7,2,Life Sciences,1,3444,Female,1,Research Scientist,Divorced,56600,7.0,Y,12,8,0,9.0,3,1,0,0,Yes
6.595091477019166,10,3,3,4.0,4.0,2.0,29,Travel_Rarely,Research & Development,3,3,Technical Degree,1,3588,Female,2,Healthcare Representative,Divorced,48050,3.0,Y,16,8,1,9.0,2,7,1,7,No
7.380757474341666,16,2,4,2.0,1.0,3.0,36,Travel_Rarely,Research & Development,23,3,Life Sciences,1,3856,Female,3,Sales Executive,Married,21320,4.0,Y,20,8,0,9.0,1,3,0,2,No
6.453038821954444,19,3,3,1.0,1.0,3.0,39,Travel_Rarely,Research & Development,1,3,Other,1,1115,Female,1,Laboratory Technician,Married,105120,1.0,Y,12,8,1,10.0,2,10,7,9,No
