hrs,absences,JobInvolvement,PerformanceRating,EnvironmentSatisfaction,JobSatisfaction,WorkLifeBalance,Age,BusinessTravel,Department,DistanceFromHome,Education,EducationField,EmployeeCount,EmployeeID,Gender,JobLevel,JobRole,MaritalStatus,MonthlyIncome,NumCompaniesWorked,Over18,PercentSalaryHike,StandardHours,StockOptionLevel,TotalWorkingYears,TrainingTimesLastYear,YearsAtCompany,YearsSinceLastPromotion,YearsWithCurrManager
5.8632965194108335,13,3,3,3.0,2.0,3.0,25,Travel_Rarely,Sales,20,5,Medical,1,2624,Female,2,Laboratory Technician,Married,85000,4.0,Y,12,8,0,6.0,2,2,1,2
5.667801204819167,18,2,3,3.0,4.0,3.0,34,Travel_Frequently,Sales,28,4,Marketing,1,3829,Male,5,Manufacturing Director,Divorced,103250,1.0,Y,11,8,1,9.0,3,9,7,2
6.464262605979444,22,3,3,1.0,4.0,3.0,26,Travel_Frequently,Research & Development,2,2,Life Sciences,1,1784,Male,1,Manufacturing Director,Divorced,28350,3.0,Y,11,8,1,5.0,2,2,2,0
5.660235385988333,22,3,3,3.0,2.0,3.0,25,Travel_Rarely,Sales,20,5,Medical,1,1154,Female,2,Laboratory Technician,Married,85000,4.0,Y,12,8,0,6.0,2,2,1,2
5.5637918340025,21,3,3,3.0,4.0,3.0,39,Travel_Frequently,Research & Development,19,4,Medical,1,69,Female,1,Research Scientist,Married,20620,1.0,Y,13,8,0,21.0,4,21,13,3
7.438247434181111,17,3,4,4.0,2.0,2.0,25,Travel_Rarely,Research & Development,18,2,Life Sciences,1,677,Male,1,Research Scientist,Single,36220,1.0,Y,25,8,0,2.0,0,2,2,1
7.6751338688083335,6,3,3,1.0,3.0,4.0,41,Travel_Frequently,Sales,11,3,Other,1,3399,Male,1,Laboratory Technician,Divorced,168720,2.0,Y,15,8,1,21.0,2,18,0,11
9.346775992860278,12,1,3,4.0,1.0,2.0,42,Travel_Rarely,Research & Development,6,3,Medical,1,2632,Male,2,Laboratory Technician,Divorced,100080,6.0,Y,19,8,1,9.0,3,4,1,2
5.560773092369445,18,3,3,2.0,3.0,3.0,45,Travel_Rarely,Sales,2,3,Life Sciences,1,1777,Male,3,Healthcare Representative,Single,60740,0.0,Y,14,8,0,9.0,2,8,3,1
6.054724453368889,20,4,3,3.0,3.0,3.0,36,Travel_Rarely,Research & Development,9,2,Medical,1,616,Male,2,Sales Executive,Divorced,119350,1.0,Y,11,8,3,7.0,6,7,1,7
7.517927264613889,5,3,3,4.0,4.0,3.0,54,Travel_Rarely,Research & Development,9,4,Life Sciences,1,637,Male,2,Sales Executive,Married,20930,3.0,Y,19,8,0,36.0,2,10,0,9
6.46094042838,5,3,3,4.0,3.0,3.0,24,Travel_Rarely,Sales,28,3,Life Sciences,1,467,Female,1,Healthcare Representative,Divorced,118490,1.0,Y,16,8,1,5.0,3,4,3,2
6.9104908522980555,7,2,3,4.0,1.0,4.0,53,Travel_Rarely,Research & Development,24,3,Other,1,3185,Female,3,Manager,Single,22690,7.0,Y,11,8,1,18.0,2,14,8,10
6.5135988398036115,20,4,3,2.0,3.0,3.0,27,Travel_Rarely,Sales,2,3,Life Sciences,1,1071,Female,5,Research Scientist,Married,45410,1.0,Y,14,8,2,9.0,4,9,5,8
7.020255466309444,12,3,4,4.0,2.0,2.0,36,Travel_Frequently,Sales,25,3,Marketing,1,4325,Female,2,Research Director,Single,55050,4.0,Y,21,8,2,13.0,3,8,7,2
5.524569388665555,21,3,3,3.0,2.0,4.0,42,Travel_Frequently,Sales,2,2,Marketing,1,2978,Male,3,Research Director,Married,29560,5.0,Y,13,8,0,23.0,2,20,4,8
7.283892235608889,13,2,3,3.0,2.0,2.0,26,Travel_Rarely,Sales,17,3,Medical,1,1338,Female,2,Manager,Married,57690,1.0,Y,19,8,0,5.0,4,5,4,3
7.293974788040833,19,3,3,1.0,3.0,2.0,54,Travel_Rarely,Research & Development,14,3,Other,1,1140,Male,3,Research Scientist,Married,66740,3.0,Y,17,8,1,9.0,2,4,2,3
6.443955823293056,6,4,3,3.0,4.0,3.0,32,Non-Travel,Research & Development,3,1,Life Sciences,1,4071,Male,3,Manager,Divorced,62090,5.0,Y,17,8,1,9.0,5,5,1,2
8.247077197679445,7,3,3,4.0,1.0,3.0,42,Travel_Rarely,Research & Development,5,4,Medical,1,1466,Female,1,Research Scientist,Single,60290,3.0,Y,17,8,1,10.0,5,3,0,2
7.22948237394,8,3,3,3.0,1.0,3.0,49,Travel_Rarely,Sales,9,3,Technical Degree,1,382,Female,2,Sales Representative,Married,190330,2.0,Y,18,8,1,7.0,5,4,0,2
7.215689424363889,21,3,3,1.0,1.0,3.0,46,Travel_Rarely,Research & Development,23,1,Life Sciences,1,2540,Male,2,Laboratory Technician,Divorced,34910,2.0,Y,14,8,0,25.0,0,19,2,8
9.650491967871389,18,1,3,3.0,3.0,3.0,44,Travel_Rarely,Human Resources,6,2,Human Resources,1,600,Male,3,Sales Executive,Single,45580,1.0,Y,13,8,1,6.0,2,6,0,2
8.74849286033,15,1,3,1.0,3.0,3.0,48,Travel_Rarely,Research & Development,2,4,Technical Degree,1,2733,Female,1,Sales Executive,Single,45910,9.0,Y,16,8,0,23.0,6,1,0,0
7.327186523873055,19,3,3,3.0,4.0,,32,Travel_Rarely,Sales,1,3,Medical,1,274,Male,2,Sales Executive,Single,136640,3.0,Y,14,8,0,10.0,6,7,7,7
5.6826695671575,14,3,3,2.0,2.0,3.0,32,Travel_Rarely,Research & Development,1,2,Medical,1,4111,Male,3,Sales Executive,Married,136950,0.0,Y,13,8,0,3.0,3,2,2,2
5.690549977688334,21,3,3,4.0,1.0,3.0,30,Travel_Frequently,Sales,9,3,Life Sciences,1,3927,Male,1,Research Director,Single,95820,0.0,Y,12,8,1,10.0,2,9,0,7
6.673018741633055,19,3,3,2.0,3.0,4.0,31,Travel_Rarely,Research & Development,14,2,Life Sciences,1,3910,Male,1,Sales Executive,Married,167560,1.0,Y,11,8,2,6.0,5,5,0,3
7.1986044176705555,4,3,3,3.0,1.0,2.0,36,Travel_Rarely,Research & Development,24,3,Other,1,762,Female,3,Research Director,Married,63970,4.0,Y,14,8,1,11.0,3,3,0,2
6.781749219098611,20,3,3,1.0,3.0,4.0,37,Travel_Rarely,Sales,4,3,Marketing,1,4212,Male,4,Human Resources,Divorced,160320,1.0,Y,13,8,0,7.0,2,7,0,7
7.007448683623333,22,3,3,3.0,4.0,3.0,43,Travel_Frequently,Research & Development,7,4,Medical,1,58,Male,4,Research Scientist,Single,24390,0.0,Y,15,8,0,9.0,2,8,1,7
6.104899598393334,11,1,3,3.0,3.0,3.0,49,Travel_Rarely,Research & Development,21,3,Medical,1,938,Male,2,Manufacturing Director,Single,23800,4.0,Y,13,8,0,23.0,3,8,0,0
10.213859883980279,16,2,4,3.0,4.0,1.0,33,Travel_Rarely,Sales,11,4,Marketing,1,4387,Male,1,Research Scientist,Married,71400,5.0,Y,21,8,0,8.0,2,5,0,4
6.852812360553056,15,4,3,4.0,4.0,1.0,38,Travel_Rarely,Human Resources,25,1,Human Resources,1,4352,Female,1,Manufacturing Director,Married,78470,3.0,Y,14,8,1,9.0,3,7,1,7
10.495170682730834,3,2,3,2.0,3.0,3.0,33,Travel_Rarely,Research & Development,9,3,Medical,1,2308,Female,2,Manufacturing Director,Married,28990,1.0,Y,17,8,0,15.0,3,15,5,7
6.817786702365,20,3,3,1.0,3.0,3.0,33,Travel_Rarely,Research & Development,16,3,Medical,1,3138,Female,1,Laboratory Technician,Divorced,20900,4.0,Y,16,8,0,10.0,2,6,0,5
6.918926818384445,7,2,3,4.0,1.0,3.0,29,Travel_Rarely,Research & Development,5,5,Life Sciences,1,4026,Female,1,Sales Executive,Single,105020,3.0,Y,12,8,0,11.0,4,3,1,2
6.594933065595556,17,3,3,2.0,1.0,3.0,44,Travel_Rarely,Sales,1,2,Medical,1,2565,Male,4,Manager,Married,187110,2.0,Y,12,8,1,10.0,0,2,2,2
6.634815930388055,8,3,3,,1.0,3.0,34,Travel_Rarely,Sales,2,3,Marketing,1,3262,Male,1,Sales Representative,Single,103120,1.0,Y,12,8,0,6.0,2,6,1,3
5.5039223560908335,22,2,3,1.0,3.0,3.0,22,Travel_Rarely,Research & Development,2,2,Medical,1,241,Female,2,Laboratory Technician,Married,195450,0.0,Y,14,8,0,3.0,3,2,2,2
6.532518964747778,14,1,3,2.0,1.0,3.0,46,Travel_Rarely,Research & Development,10,3,Technical Degree,1,1391,Female,2,Laboratory Technician,Divorced,153790,1.0,Y,12,8,0,24.0,1,24,15,7
6.779755689424166,21,2,3,2.0,3.0,4.0,35,Travel_Rarely,Research & Development,8,1,Technical Degree,1,1045,Female,3,Manufacturing Director,Married,53460,0.0,Y,14,8,0,6.0,3,5,0,3
5.843135876840556,19,3,3,4.0,4.0,3.0,53,Travel_Rarely,Research & Development,9,3,Life Sciences,1,1769,Female,3,Laboratory Technician,Single,48090,2.0,Y,18,8,0,19.0,2,2,2,2
9.375738509593889,4,3,3,1.0,1.0,3.0,42,Travel_Frequently,Human Resources,8,2,Medical,1,630,Male,1,Sales Executive,Married,106480,3.0,Y,13,8,1,20.0,1,1,0,0
9.710408299866112,5,2,3,2.0,2.0,3.0,28,Travel_Rarely,Sales,1,2,Technical Degree,1,355,Female,1,Sales Executive,Married,22310,1.0,Y,12,8,0,8.0,3,8,7,5
10.169387550200556,8,2,4,4.0,2.0,3.0,35,Travel_Rarely,Sales,2,1,Technical Degree,1,4028,Male,2,Laboratory Technician,Married,18590,0.0,Y,25,8,1,4.0,2,3,0,2
7.484396474787777,4,4,3,1.0,3.0,3.0,31,Travel_Rarely,Research & Development,3,2,Life Sciences,1,3930,Male,3,Laboratory Technician,Married,77560,1.0,Y,15,8,2,6.0,3,5,0,2
6.095861222668334,19,3,3,3.0,1.0,2.0,40,Travel_Rarely,Research & Development,2,2,Medical,1,1029,Male,1,Research Director,Married,25390,4.0,Y,12,8,1,7.0,3,4,0,2
10.881625390450555,3,3,3,1.0,4.0,3.0,37,Non-Travel,Research & Development,1,3,Medical,1,18,Male,2,Sales Executive,Divorced,41270,2.0,Y,13,8,1,15.0,2,5,0,2
5.772214413208333,18,3,3,1.0,3.0,3.0,31,Travel_Rarely,Human Resources,9,4,Human Resources,1,3940,Male,2,Laboratory Technician,Married,168850,2.0,Y,14,8,2,10.0,2,1,0,0
7.313083444890555,9,4,4,3.0,4.0,3.0,30,Travel_Rarely,Sales,8,2,Technical Degree,1,4241,Male,1,Sales Representative,Married,63920,1.0,Y,21,8,1,11.0,2,11,10,8
6.231885319053889,17,2,3,1.0,3.0,4.0,49,Travel_Rarely,Sales,14,4,Life Sciences,1,2112,Male,2,Research Scientist,Married,62300,2.0,Y,14,8,0,23.0,2,1,0,0
6.459844935296666,20,3,3,3.0,3.0,4.0,35,Travel_Rarely,Research & Development,1,3,Medical,1,1824,Male,1,Research Director,Single,108550,3.0,Y,13,8,1,17.0,2,8,1,6
5.8127086122266665,16,3,3,3.0,4.0,3.0,37,Travel_Rarely,Sales,6,1,Technical Degree,1,4268,Male,1,Laboratory Technician,Single,46390,2.0,Y,12,8,2,12.0,3,5,1,3
5.505445113788333,21,3,3,1.0,4.0,3.0,44,Travel_Rarely,Research & Development,21,4,Life Sciences,1,2141,Female,2,Laboratory Technician,Married,62720,1.0,Y,19,8,1,10.0,3,10,0,5
6.511790495314444,17,4,3,1.0,3.0,,40,Travel_Rarely,Research & Development,28,3,Medical,1,4410,Male,2,Laboratory Technician,Divorced,54680,0.0,Y,12,8,0,,6,21,3,9
7.081338688085555,10,3,4,4.0,4.0,2.0,34,Travel_Rarely,Research & Development,3,2,Technical Degree,1,701,Male,2,Research Director,Divorced,26590,0.0,Y,24,8,3,10.0,2,9,1,6
7.6075992860327775,3,3,3,1.0,2.0,3.0,55,Travel_Rarely,Research & Development,23,1,Life Sciences,1,950,Male,5,Laboratory Technician,Divorced,23420,5.0,Y,11,8,2,8.0,2,4,1,2
6.516905399375278,9,2,3,4.0,3.0,2.0,34,Travel_Rarely,Research & Development,19,3,Technical Degree,1,2598,Female,1,Research Director,Divorced,33390,1.0,Y,16,8,0,9.0,2,8,1,1
6.887111780455,20,3,3,4.0,2.0,3.0,32,Travel_Rarely,Sales,1,3,Life Sciences,1,2418,Male,2,Research Scientist,Single,27430,1.0,Y,19,8,1,1.0,2,1,0,0
6.537607095046667,14,2,4,1.0,4.0,3.0,38,Travel_Rarely,Research & Development,23,3,Medical,1,4134,Male,3,Sales Representative,Married,39040,1.0,Y,22,8,0,10.0,3,10,1,9
10.050332440874444,15,3,3,3.0,2.0,3.0,47,Travel_Rarely,Research & Development,19,5,Medical,1,3986,Female,2,Research Scientist,Divorced,28270,8.0,Y,14,8,1,28.0,3,22,14,10
5.940423917893611,11,2,3,3.0,3.0,3.0,37,Travel_Rarely,Research & Development,4,3,Medical,1,249,Male,1,Manager,Married,98840,1.0,Y,14,8,0,10.0,3,10,7,8
6.377397367246667,5,3,4,3.0,4.0,3.0,53,Travel_Rarely,Research & Development,19,3,Life Sciences,1,854,Male,2,Manager,Married,25590,0.0,Y,25,8,0,34.0,2,33,1,9
6.773713743864167,5,3,3,4.0,3.0,3.0,41,Travel_Rarely,Research & Development,2,3,Life Sciences,1,1950,Male,2,Research Scientist,Single,47410,6.0,Y,16,8,0,8.0,3,2,2,1
6.312863676929722,14,3,4,2.0,2.0,3.0,45,Travel_Rarely,Research & Development,16,1,Medical,1,3442,Male,2,Sales Executive,Single,54840,1.0,Y,20,8,3,6.0,6,6,0,4
9.180586791610834,7,2,3,1.0,2.0,2.0,47,Non-Travel,Research & Development,1,1,Medical,1,1484,Male,1,Research Scientist,Married,57620,1.0,Y,11,8,2,10.0,4,10,9,9
5.639393128067778,15,3,3,1.0,4.0,3.0,44,Travel_Rarely,Research & Development,21,4,Life Sciences,1,3611,Female,2,Laboratory Technician,Married,62720,1.0,Y,19,8,1,10.0,3,10,0,5
5.604930834448889,24,3,3,4.0,4.0,3.0,30,Travel_Rarely,Research & Development,13,3,Life Sciences,1,3007,Female,4,Research Director,Married,41970,1.0,Y,13,8,0,11.0,3,10,1,9
8.758000892458611,5,3,3,2.0,4.0,3.0,34,Travel_Rarely,Sales,6,2,Life Sciences,1,3164,Male,4,Research Director,Married,102480,1.0,Y,12,8,1,6.0,4,6,1,3
7.441870816599722,9,4,4,1.0,1.0,2.0,29,Travel_Rarely,Research & Development,2,4,Other,1,1130,Male,2,Laboratory Technician,Married,20960,0.0,Y,22,8,0,6.0,2,5,0,2
5.797469879518055,20,2,3,3.0,4.0,2.0,27,Travel_Rarely,Sales,3,3,Life Sciences,1,991,Male,1,Manager,Single,66940,1.0,Y,13,8,1,6.0,2,6,1,4
7.469937527889167,7,3,4,3.0,2.0,3.0,36,Travel_Rarely,Sales,6,3,Medical,1,1806,Female,2,Sales Executive,Married,42000,0.0,Y,22,8,0,10.0,3,9,0,5
5.754628514056111,18,3,3,2.0,4.0,3.0,34,Travel_Rarely,Research & Development,14,4,Technical Degree,1,1787,Male,2,Manufacturing Director,Single,61460,2.0,Y,12,8,0,10.0,3,4,1,3
6.406742525658055,5,3,4,1.0,3.0,4.0,28,Travel_Frequently,Research & Development,2,3,Medical,1,799,Male,1,Research Scientist,Married,22740,3.0,Y,20,8,1,5.0,5,3,1,2
7.277926149040556,20,4,3,3.0,2.0,3.0,35,Travel_Rarely,Sales,16,2,Technical Degree,1,1557,Male,3,Manager,Single,25440,0.0,Y,13,8,1,17.0,3,16,0,13
6.228564257028055,10,3,3,3.0,3.0,2.0,42,Non-Travel,Research & Development,11,3,Medical,1,4003,Male,1,Manager,Married,178560,3.0,Y,18,8,0,10.0,2,6,3,3
5.5661903168227775,17,2,3,4.0,4.0,3.0,24,Travel_Frequently,Sales,22,3,Life Sciences,1,1683,Female,1,Healthcare Representative,Married,29350,0.0,Y,14,8,2,3.0,5,2,2,1
5.497565818830833,20,2,4,1.0,2.0,2.0,50,Travel_Rarely,Sales,8,4,Life Sciences,1,2962,Male,1,Research Scientist,Divorced,96670,3.0,Y,23,8,0,28.0,2,10,1,6
5.9437115127175,6,3,3,4.0,1.0,3.0,27,Travel_Rarely,Research & Development,2,1,Life Sciences,1,892,Male,4,Research Scientist,Divorced,44470,1.0,Y,13,8,0,7.0,4,7,0,7
6.855583444890556,22,3,3,4.0,4.0,2.0,32,Travel_Rarely,Sales,4,3,Marketing,1,3709,Male,1,Research Scientist,Married,53260,4.0,Y,14,8,1,7.0,2,4,0,3
5.748131414546944,18,2,3,3.0,4.0,3.0,39,Travel_Frequently,Research & Development,2,1,Medical,1,2505,Male,2,Healthcare Representative,Divorced,51550,2.0,Y,18,8,1,7.0,3,2,2,2
10.090846720214167,16,3,4,2.0,4.0,3.0,19,Travel_Rarely,Sales,2,4,Marketing,1,652,Male,3,Laboratory Technician,Single,115570,1.0,Y,22,8,0,1.0,0,1,0,1
10.195607987505555,14,3,3,1.0,1.0,2.0,53,Travel_Rarely,Research & Development,18,3,Medical,1,2609,Male,1,Research Scientist,Single,34230,6.0,Y,15,8,1,15.0,4,2,2,2
7.0868652387325,17,3,4,3.0,1.0,3.0,55,Travel_Rarely,Research & Development,3,2,Life Sciences,1,1007,Female,1,Sales Executive,Married,73510,8.0,Y,20,8,1,34.0,3,1,0,0
8.103367916108612,9,3,3,3.0,3.0,3.0,43,Travel_Frequently,Research & Development,1,4,Other,1,1005,Male,3,Sales Executive,Married,76550,9.0,Y,12,8,1,6.0,3,1,0,0
5.850547746541666,16,3,3,1.0,4.0,3.0,45,Non-Travel,Research & Development,9,2,Medical,1,4347,Female,1,Sales Executive,Married,95250,9.0,Y,19,8,0,22.0,3,20,11,8
9.527975234270277,4,2,3,2.0,4.0,2.0,24,Travel_Rarely,Human Resources,2,5,Human Resources,1,4187,Male,3,Sales Executive,Married,47680,2.0,Y,11,8,1,6.0,2,2,2,0
9.851604194555833,3,3,3,4.0,3.0,2.0,39,Travel_Rarely,Research & Development,1,1,Medical,1,70,Female,1,Laboratory Technician,Married,42840,4.0,Y,17,8,1,12.0,0,1,0,0
9.271144578313056,13,2,4,4.0,1.0,3.0,35,Travel_Rarely,Sales,7,4,Life Sciences,1,2004,Male,3,Sales Representative,Single,61180,0.0,Y,21,8,1,9.0,3,8,4,7
5.985454038375556,15,3,3,3.0,4.0,3.0,42,Travel_Rarely,Research & Development,7,4,Life Sciences,1,1444,Female,2,Sales Executive,Married,34450,1.0,Y,11,8,2,22.0,2,22,11,15
5.546657742079167,20,3,3,3.0,1.0,3.0,46,Travel_Rarely,Research & Development,2,3,Life Sciences,1,2074,Male,2,Research Scientist,Married,165550,8.0,Y,14,8,2,28.0,4,26,15,9
8.332985274430833,11,2,3,4.0,2.0,3.0,26,Travel_Rarely,Human Resources,2,1,Technical Degree,1,2510,Female,3,Sales Executive,Married,65780,0.0,Y,15,8,2,6.0,3,5,1,4
7.413932396251667,12,3,3,1.0,4.0,2.0,47,Travel_Rarely,Research & Development,23,4,Life Sciences,1,763,Female,2,Sales Executive,Married,62740,7.0,Y,14,8,2,17.0,0,6,1,2
6.938592146363056,12,3,4,4.0,2.0,3.0,46,Travel_Rarely,Research & Development,8,4,Other,1,612,Male,3,Manager,Married,17020,5.0,Y,21,8,0,25.0,2,4,0,3
7.4642815707272225,17,4,3,4.0,3.0,4.0,42,Travel_Rarely,Research & Development,23,4,Other,1,3424,Male,1,Research Scientist,Married,23730,6.0,Y,14,8,1,21.0,3,1,0,0
7.261339803658889,20,4,4,4.0,1.0,2.0,34,Travel_Frequently,Research & Development,2,1,Life Sciences,1,3973,Male,1,Manufacturing Director,Married,134990,4.0,Y,23,8,2,11.0,2,7,0,7
7.008334448906667,10,3,3,1.0,4.0,3.0,26,Travel_Rarely,Research & Development,4,3,Life Sciences,1,861,Male,1,Research Director,Married,32940,1.0,Y,11,8,0,1.0,6,1,0,0
10.079506916555,10,3,3,2.0,3.0,2.0,41,Travel_Rarely,Research & Development,26,3,Medical,1,2241,Female,3,Sales Executive,Married,54850,2.0,Y,17,8,2,7.0,2,4,0,3
5.508749442213055,21,3,3,3.0,3.0,3.0,38,Travel_Rarely,Research & Development,5,3,Life Sciences,1,1684,Female,1,Research Scientist,Married,154270,3.0,Y,16,8,1,18.0,2,1,0,0
5.886149040606667,20,3,3,2.0,4.0,2.0,30,Travel_Frequently,Research & Development,4,5,Medical,1,3306,Male,5,Sales Representative,Divorced,30580,9.0,Y,14,8,1,10.0,2,5,0,3
6.283167112895834,8,3,4,3.0,4.0,3.0,53,Travel_Rarely,Research & Development,19,3,Life Sciences,1,2324,Male,2,Manager,Married,25590,0.0,Y,25,8,0,34.0,2,33,1,9
5.985585676037222,19,3,3,3.0,1.0,1.0,52,Travel_Rarely,Research & Development,5,2,Life Sciences,1,3683,Female,1,Healthcare Representative,Married,27590,9.0,Y,18,8,1,12.0,6,5,0,4
6.094838241856111,19,4,3,1.0,2.0,1.0,37,Travel_Rarely,Sales,15,3,Marketing,1,3427,Male,2,Laboratory Technician,Married,44850,5.0,Y,11,8,1,15.0,2,1,0,0
6.989659750111389,10,3,4,1.0,4.0,3.0,42,Travel_Frequently,Research & Development,8,4,Medical,1,3733,Female,1,Sales Executive,Single,60620,1.0,Y,22,8,2,12.0,2,12,5,8
7.3829071842925,11,3,4,2.0,4.0,2.0,41,Travel_Rarely,Sales,6,3,Medical,1,3218,Male,1,Sales Executive,Divorced,102390,3.0,Y,24,8,3,23.0,3,21,12,6
6.317896028558611,21,3,3,3.0,4.0,3.0,35,Travel_Rarely,Human Resources,14,1,Life Sciences,1,2671,Male,2,Research Scientist,Married,79880,1.0,Y,18,8,0,4.0,3,4,1,1
7.8875401606425,7,3,3,3.0,1.0,4.0,45,Travel_Rarely,Research & Development,24,2,Medical,1,2857,Male,2,Sales Executive,Divorced,54760,4.0,Y,13,8,1,9.0,3,5,0,3
8.08146140116,12,3,3,4.0,3.0,3.0,37,Travel_Rarely,Research & Development,2,3,Life Sciences,1,4155,Male,1,Sales Executive,Single,56470,6.0,Y,19,8,0,7.0,2,0,0,0
8.127777777777778,7,2,3,4.0,4.0,4.0,35,Travel_Frequently,Research & Development,17,4,Medical,1,3869,Male,1,Research Director,Single,54720,3.0,Y,11,8,1,13.0,3,11,6,7
10.126904283801666,13,3,3,3.0,3.0,3.0,28,Travel_Frequently,Sales,6,4,Life Sciences,1,570,Male,1,Manager,Divorced,52530,1.0,Y,15,8,0,3.0,2,3,0,2
6.993518518518333,17,3,3,1.0,2.0,3.0,35,Travel_Rarely,Human Resources,3,4,Human Resources,1,4163,Male,2,Manager,Married,32940,0.0,Y,11,8,0,6.0,2,5,0,3
6.898047746541667,17,1,3,1.0,1.0,3.0,36,Non-Travel,Research & Development,7,2,Life Sciences,1,312,Male,5,Sales Executive,Single,116310,1.0,Y,18,8,1,10.0,2,10,0,9
6.448983712628055,10,3,3,3.0,1.0,3.0,30,Non-Travel,Research & Development,2,4,Life Sciences,1,166,Female,3,Research Scientist,Married,51310,0.0,Y,15,8,1,10.0,2,9,7,8
5.755779785809723,22,3,3,4.0,4.0,2.0,25,Travel_Rarely,Research & Development,6,2,Medical,1,708,Female,4,Research Scientist,Married,20450,3.0,Y,19,8,0,7.0,3,3,1,2
6.298145917001111,21,2,3,3.0,3.0,3.0,42,Travel_Rarely,Sales,11,1,Technical Degree,1,415,Male,2,Human Resources,Single,59400,7.0,Y,16,8,0,10.0,2,5,0,3
6.959687639446667,15,3,4,4.0,2.0,3.0,38,Travel_Rarely,Research & Development,7,4,Medical,1,3494,Male,1,Sales Executive,Single,66530,7.0,Y,20,8,1,10.0,2,1,0,0
9.38488174921889,5,2,3,1.0,2.0,2.0,50,Travel_Frequently,Research & Development,3,4,Medical,1,4259,Male,4,Research Scientist,Married,61420,3.0,Y,13,8,2,28.0,3,8,0,7
5.9562382864791665,6,3,3,3.0,4.0,3.0,31,Travel_Rarely,Research & Development,27,3,Medical,1,2758,Female,2,Research Director,Single,21320,1.0,Y,18,8,0,11.0,3,11,1,8
8.341576305220833,20,2,3,2.0,4.0,3.0,33,Travel_Rarely,Sales,3,4,Medical,1,4108,Male,3,Healthcare Representative,Married,16110,0.0,Y,14,8,0,10.0,2,9,8,1
7.414730031235833,16,3,3,1.0,4.0,3.0,40,Travel_Rarely,Sales,1,4,Marketing,1,1998,Male,1,Sales Executive,Married,48690,4.0,Y,12,8,0,14.0,2,11,11,1
5.658498438197222,14,2,3,1.0,3.0,3.0,26,Travel_Rarely,Research & Development,9,4,Medical,1,1673,Male,3,Healthcare Representative,Divorced,26930,5.0,Y,17,8,3,8.0,3,0,0,0
7.688128067826667,3,2,3,2.0,3.0,3.0,42,Travel_Frequently,Research & Development,2,4,Medical,1,1654,Female,1,Research Scientist,Married,29770,4.0,Y,15,8,3,8.0,3,2,2,0
10.211115573404722,15,2,3,4.0,4.0,4.0,25,Travel_Rarely,Human Resources,25,4,Human Resources,1,2009,Female,2,Research Scientist,Married,82680,1.0,Y,12,8,0,7.0,3,7,5,6
6.460208612226666,5,4,3,3.0,4.0,3.0,32,Non-Travel,Research & Development,3,1,Life Sciences,1,1131,Male,3,Manager,Divorced,62090,5.0,Y,17,8,1,9.0,5,5,1,2
7.164133199464445,18,3,3,3.0,2.0,3.0,32,Travel_Rarely,Research & Development,2,3,Medical,1,94,Male,2,Research Scientist,Married,57470,1.0,Y,13,8,0,8.0,0,8,0,7
6.543579875055555,17,2,3,3.0,2.0,4.0,46,Travel_Rarely,Research & Development,4,2,Life Sciences,1,3763,Male,3,Manufacturing Director,Married,138260,8.0,Y,11,8,0,23.0,1,13,5,1
6.134292726461389,7,2,3,1.0,3.0,3.0,35,Travel_Rarely,Research & Development,16,4,Medical,1,1674,Male,2,Human Resources,Single,95260,1.0,Y,15,8,0,5.0,2,5,0,3
7.009958723783889,10,3,3,3.0,3.0,3.0,33,Travel_Rarely,Sales,13,4,Marketing,1,3182,Female,2,Manufacturing Director,Divorced,45680,0.0,Y,18,8,1,6.0,2,5,1,2
6.446215975011111,13,4,4,1.0,3.0,2.0,31,Travel_Rarely,Sales,25,2,Life Sciences,1,1103,Female,3,Manufacturing Director,Divorced,182130,8.0,Y,21,8,2,4.0,3,2,2,2
6.8339223560908335,9,1,3,4.0,2.0,2.0,29,Travel_Frequently,Research & Development,1,4,Medical,1,2036,Male,3,Research Scientist,Divorced,27160,0.0,Y,18,8,0,8.0,2,7,1,1
7.464640785363611,8,3,3,3.0,2.0,3.0,35,Travel_Rarely,Research & Development,29,3,Life Sciences,1,1585,Female,3,Sales Executive,Single,50030,9.0,Y,15,8,0,10.0,2,1,0,0
9.446888665774166,14,3,3,2.0,3.0,3.0,47,Travel_Frequently,Research & Development,4,3,Life Sciences,1,1779,Male,1,Research Director,Single,27740,4.0,Y,13,8,1,8.0,2,5,1,3
7.063715975011111,8,4,3,2.0,3.0,3.0,31,Travel_Frequently,Research & Development,7,4,Medical,1,4398,Male,1,Research Scientist,Divorced,24370,9.0,Y,14,8,1,9.0,3,2,2,2
6.727602632753055,14,4,3,2.0,2.0,3.0,39,Travel_Rarely,Sales,6,1,Technical Degree,1,2292,Female,2,Laboratory Technician,Single,51750,4.0,Y,17,8,1,9.0,2,2,2,2
7.382344935296667,4,3,3,3.0,2.0,4.0,34,Travel_Frequently,Sales,1,3,Life Sciences,1,3606,Male,2,Sales Executive,Married,24000,4.0,Y,18,8,1,14.0,3,10,1,8
9.02859437751,5,3,3,4.0,4.0,2.0,34,Travel_Rarely,Research & Development,8,1,Life Sciences,1,2572,Female,3,Laboratory Technician,Married,25850,3.0,Y,12,8,0,9.0,5,4,0,1
7.258940205265278,8,3,3,3.0,,2.0,53,Travel_Rarely,Sales,2,1,Life Sciences,1,2708,Male,5,Human Resources,Divorced,31620,4.0,Y,15,8,0,26.0,4,14,4,8
6.842600401606389,8,3,3,1.0,3.0,3.0,30,Travel_Rarely,Sales,26,3,Marketing,1,1039,Female,2,Manager,Single,44200,9.0,Y,11,8,0,9.0,3,7,0,2
7.6239457831325,8,3,3,3.0,2.0,2.0,52,Travel_Rarely,Research & Development,7,1,Life Sciences,1,1530,Female,2,Research Scientist,Married,47740,2.0,Y,18,8,1,11.0,2,8,7,7
5.6093674698794445,21,2,3,4.0,3.0,3.0,25,Travel_Frequently,Sales,5,1,Marketing,1,2387,Male,4,Manufacturing Director,Divorced,139730,1.0,Y,14,8,0,7.0,3,7,0,7
7.3656135653725,15,3,3,1.0,4.0,3.0,36,Travel_Rarely,Research & Development,24,3,Life Sciences,1,4122,Female,2,Laboratory Technician,Married,61200,0.0,Y,19,8,0,10.0,2,9,3,4
5.486460285586666,22,2,3,2.0,3.0,2.0,33,Travel_Frequently,Research & Development,9,2,Medical,1,3555,Female,1,Sales Executive,Married,20970,1.0,Y,14,8,2,10.0,5,10,0,1
7.604719991075278,6,3,3,1.0,4.0,3.0,36,Travel_Rarely,Research & Development,24,3,Life Sciences,1,1182,Female,2,Laboratory Technician,Married,61200,0.0,Y,19,8,0,10.0,2,9,3,4
9.644905176260556,7,3,4,4.0,4.0,2.0,58,Travel_Rarely,Sales,5,3,Marketing,1,4057,Male,5,Sales Representative,Married,21540,4.0,Y,21,8,1,29.0,3,1,0,0
7.447199910753889,11,3,3,1.0,4.0,2.0,47,Travel_Rarely,Research & Development,23,4,Life Sciences,1,2233,Female,2,Sales Executive,Married,62740,7.0,Y,14,8,2,17.0,0,6,1,2
6.272572512271111,19,3,3,2.0,2.0,1.0,45,Travel_Rarely,Sales,1,4,Technical Degree,1,1366,Male,1,Research Scientist,Divorced,25800,8.0,Y,17,8,3,20.0,3,17,0,15
7.399168897813333,6,3,3,2.0,2.0,2.0,42,Travel_Rarely,Research & Development,20,2,Medical,1,347,Male,2,Sales Representative,Married,72950,1.0,Y,15,8,0,10.0,3,9,7,8
7.093589915216389,7,2,3,4.0,4.0,3.0,32,Travel_Rarely,Research & Development,8,1,Medical,1,1137,Female,2,Research Scientist,Single,46270,8.0,Y,17,8,1,8.0,2,1,0,0
7.224125390450555,18,3,3,2.0,2.0,3.0,33,Travel_Rarely,Sales,3,3,Life Sciences,1,953,Male,3,Manager,Married,97250,1.0,Y,11,8,0,14.0,0,14,2,13
5.535712851405555,19,1,3,1.0,3.0,3.0,58,Travel_Rarely,Research & Development,27,3,Other,1,2151,Male,2,Laboratory Technician,Divorced,21870,1.0,Y,18,8,1,2.0,1,2,2,2
5.6408690316822225,15,3,3,4.0,3.0,3.0,36,Travel_Rarely,Sales,15,2,Life Sciences,1,120,Male,1,Sales Executive,Married,96790,4.0,Y,12,8,0,6.0,1,2,2,2
7.044107541276111,21,3,3,2.0,4.0,2.0,30,Travel_Rarely,Sales,12,4,Life Sciences,1,1081,Female,2,Sales Executive,Single,49500,1.0,Y,12,8,2,1.0,3,1,0,0
6.9779116465861115,20,3,3,2.0,3.0,3.0,30,Travel_Rarely,Sales,5,4,Medical,1,1615,Female,2,Manufacturing Director,Single,54100,0.0,Y,17,8,1,6.0,2,5,4,4
7.550871262828889,11,3,3,3.0,4.0,3.0,32,Travel_Rarely,Research & Development,18,3,Life Sciences,1,4114,Male,2,Manager,Married,63770,1.0,Y,12,8,2,14.0,3,14,5,7
6.4237639446675,18,3,3,3.0,1.0,3.0,34,Travel_Rarely,Sales,2,3,Marketing,1,322,Male,1,Sales Representative,Single,103120,1.0,Y,12,8,0,6.0,2,6,1,3
7.123139223560833,15,3,3,1.0,3.0,2.0,44,Travel_Frequently,Research & Development,5,3,Life Sciences,1,794,Female,5,Manufacturing Director,Married,43820,7.0,Y,16,8,2,11.0,2,1,0,0
5.794085229808055,9,3,3,3.0,2.0,1.0,23,Travel_Rarely,Sales,6,4,Life Sciences,1,2451,Male,3,Manufacturing Director,Single,103220,1.0,Y,14,8,2,3.0,2,3,1,2
6.662835787594722,15,3,3,1.0,1.0,4.0,23,Travel_Rarely,Research & Development,2,3,Life Sciences,1,259,Male,1,Healthcare Representative,Married,76370,2.0,Y,11,8,1,5.0,3,3,0,2
5.79411535029,8,3,3,1.0,4.0,3.0,24,Travel_Frequently,Sales,3,4,Marketing,1,3928,Male,1,Sales Executive,Married,45080,0.0,Y,11,8,1,3.0,5,2,2,1
6.193527443105555,15,4,3,1.0,2.0,1.0,37,Travel_Rarely,Sales,15,3,Marketing,1,487,Male,2,Laboratory Technician,Married,44850,5.0,Y,11,8,1,15.0,2,1,0,0
7.4609772423025,7,3,3,3.0,3.0,3.0,54,Travel_Rarely,Research & Development,2,4,Medical,1,1644,Male,2,Human Resources,Single,89380,7.0,Y,11,8,3,19.0,2,1,0,0
7.3506749219097225,8,3,3,1.0,3.0,1.0,21,Travel_Frequently,Research & Development,20,2,Medical,1,658,Female,4,Research Scientist,Single,53370,1.0,Y,14,8,1,2.0,2,2,2,2
7.191980142793334,14,3,4,2.0,4.0,4.0,38,Travel_Rarely,Research & Development,3,4,Life Sciences,1,1119,Female,1,Sales Representative,Divorced,44900,2.0,Y,21,8,1,10.0,1,5,0,3
6.141852967425,21,3,3,3.0,4.0,2.0,30,Travel_Frequently,Research & Development,10,3,Life Sciences,1,3929,Female,1,Human Resources,Divorced,22070,6.0,Y,14,8,0,6.0,4,4,1,2
6.789214636323056,14,2,3,4.0,4.0,3.0,38,Non-Travel,Research & Development,2,5,Life Sciences,1,4,Male,3,Human Resources,Married,83210,3.0,Y,11,8,3,13.0,5,8,7,5
8.126080990629166,10,3,3,3.0,3.0,3.0,49,Travel_Rarely,Human Resources,6,2,Life Sciences,1,2394,Female,2,Research Scientist,Married,107390,2.0,Y,11,8,3,30.0,3,15,2,12
7.129545961624166,22,3,4,3.0,3.0,2.0,36,Travel_Rarely,Research & Development,7,3,Life Sciences,1,2692,Male,1,Sales Executive,Married,92040,6.0,Y,23,8,1,17.0,2,7,7,7
6.056233824185555,11,2,3,2.0,4.0,3.0,49,Travel_Frequently,Sales,11,4,Life Sciences,1,2590,Male,2,Research Scientist,Married,35060,3.0,Y,11,8,1,28.0,4,5,4,3
10.060047969656388,6,3,4,2.0,4.0,1.0,31,Travel_Frequently,Research & Development,7,4,Life Sciences,1,779,Male,1,Laboratory Technician,Married,65000,6.0,Y,23,8,1,7.0,5,2,2,2
10.275053547523333,14,3,3,3.0,4.0,1.0,57,Travel_Rarely,Research & Development,3,3,Life Sciences,1,2846,Male,2,Manufacturing Director,Divorced,20130,3.0,Y,14,8,1,12.0,5,5,1,4
7.619574966532777,12,1,3,1.0,4.0,2.0,25,Travel_Rarely,Research & Development,1,4,Medical,1,3686,Male,2,Sales Executive,Married,25000,4.0,Y,14,8,2,7.0,2,3,0,2
6.429275992860278,21,3,3,3.0,1.0,3.0,26,Travel_Frequently,Sales,14,3,Life Sciences,1,1595,Male,2,Manager,Single,75100,0.0,Y,18,8,3,7.0,3,6,0,4
7.900931503792778,20,3,4,3.0,4.0,3.0,35,Travel_Rarely,Research & Development,15,4,Life Sciences,1,1024,Male,2,Research Scientist,Single,19040,1.0,Y,22,8,1,10.0,4,10,7,7
6.749175591253889,14,3,3,4.0,1.0,3.0,28,Travel_Rarely,Research & Development,6,3,Technical Degree,1,3551,Male,2,Research Scientist,Married,23510,1.0,Y,16,8,0,6.0,4,6,3,3
8.189630745202777,20,3,3,4.0,1.0,3.0,54,Travel_Rarely,Research & Development,18,4,Medical,1,3258,Female,2,Laboratory Technician,Divorced,49630,9.0,Y,15,8,1,9.0,2,5,1,4
5.653811914323889,14,3,3,3.0,2.0,4.0,47,Non-Travel,Research & Development,1,4,Medical,1,4053,Male,1,Research Scientist,Married,45380,8.0,Y,11,8,0,16.0,3,8,1,7
7.486918786256111,7,3,4,3.0,4.0,3.0,22,Travel_Rarely,Research & Development,3,3,Medical,1,2843,Male,1,Laboratory Technician,Married,132690,1.0,Y,25,8,1,2.0,2,2,2,2
6.885947121820555,7,3,3,2.0,1.0,3.0,25,Non-Travel,Research & Development,7,4,Medical,1,2950,Female,4,Laboratory Technician,Divorced,134640,1.0,Y,13,8,1,6.0,2,6,1,5
6.011343150379167,15,3,3,4.0,3.0,3.0,30,Travel_Rarely,Research & Development,11,4,Medical,1,2690,Male,2,Laboratory Technician,Divorced,171690,1.0,Y,17,8,2,1.0,2,1,0,0
5.515640339134166,20,3,3,3.0,4.0,3.0,21,Travel_Rarely,Sales,2,3,Life Sciences,1,1236,Male,2,Manufacturing Director,Single,137570,1.0,Y,12,8,1,0.0,3,0,0,0
6.8313141454705555,10,3,3,3.0,4.0,3.0,27,Travel_Rarely,Research & Development,2,3,Life Sciences,1,713,Female,2,Laboratory Technician,Married,48510,8.0,Y,18,8,0,5.0,2,1,0,0
9.227389558232778,6,3,3,4.0,1.0,2.0,37,Travel_Rarely,Sales,2,4,Technical Degree,1,320,Male,2,Manufacturing Director,Divorced,61720,0.0,Y,11,8,0,6.0,1,5,4,3
7.418408076751389,15,3,3,1.0,4.0,3.0,35,Travel_Rarely,Research & Development,2,3,Life Sciences,1,3166,Female,5,Sales Executive,Single,24960,4.0,Y,17,8,3,9.0,3,3,0,2
9.870829986613055,10,2,3,3.0,3.0,4.0,41,Travel_Rarely,Research & Development,1,1,Technical Degree,1,3978,Male,3,Laboratory Technician,Divorced,25150,0.0,Y,18,8,0,23.0,2,22,13,5
10.074279339580277,19,4,3,2.0,4.0,3.0,25,Travel_Rarely,Human Resources,7,2,Human Resources,1,3080,Male,1,Manufacturing Director,Single,86330,1.0,Y,19,8,1,5.0,2,5,1,3
6.910809906291667,20,3,4,3.0,1.0,4.0,19,Travel_Frequently,Research & Development,10,2,Life Sciences,1,2854,Male,2,Healthcare Representative,Single,41870,0.0,Y,22,8,1,1.0,4,0,0,0
6.9954596162425,19,3,3,2.0,3.0,3.0,51,Travel_Rarely,Research & Development,1,3,Other,1,4309,Female,3,Research Director,Married,80080,2.0,Y,15,8,1,10.0,4,1,0,0
7.627520080321111,12,2,3,3.0,4.0,3.0,28,Non-Travel,Research & Development,1,3,Medical,1,687,Male,5,Sales Executive,Married,56790,0.0,Y,13,8,0,10.0,2,9,7,5
8.373831994645,7,3,3,4.0,1.0,3.0,40,Travel_Frequently,Research & Development,3,4,Medical,1,276,Female,3,Human Resources,Married,51260,5.0,Y,18,8,0,20.0,2,18,1,12
6.2267927264613885,10,3,3,4.0,3.0,3.0,35,Travel_Rarely,Research & Development,15,2,Medical,1,3113,Female,2,Laboratory Technician,Single,54060,0.0,Y,12,8,1,6.0,2,5,4,3
6.948126952253333,19,4,3,2.0,2.0,3.0,21,Travel_Rarely,Sales,1,2,Marketing,1,3954,Male,5,Healthcare Representative,Single,27910,1.0,Y,14,8,0,1.0,3,1,1,0
7.029294957608055,22,3,4,2.0,4.0,2.0,41,Travel_Rarely,Sales,6,3,Medical,1,278,Male,1,Sales Executive,Divorced,102390,3.0,Y,24,8,3,23.0,3,21,12,6
7.305779785809722,13,2,3,4.0,1.0,4.0,46,Travel_Rarely,Sales,4,3,Medical,1,686,Male,1,Research Scientist,Single,26190,6.0,Y,12,8,1,10.0,3,7,5,7
5.7968551985719445,20,4,4,1.0,4.0,1.0,26,Travel_Rarely,Research & Development,3,2,Medical,1,3101,Female,4,Healthcare Representative,Divorced,24360,1.0,Y,24,8,0,3.0,2,3,0,2
7.613278670236389,15,4,3,1.0,3.0,2.0,53,Non-Travel,Research & Development,10,4,Medical,1,2481,Male,2,Healthcare Representative,Married,20700,4.0,Y,13,8,2,27.0,2,3,0,2
6.6194667559125,10,2,3,3.0,3.0,3.0,39,Travel_Rarely,Sales,3,4,Marketing,1,1027,Female,2,Laboratory Technician,Single,26100,7.0,Y,12,8,0,9.0,2,4,2,2
5.802195448460278,12,3,3,3.0,2.0,2.0,36,Travel_Frequently,Sales,5,2,Marketing,1,2113,Female,1,Laboratory Technician,Married,47170,1.0,Y,19,8,1,12.0,3,11,0,7
5.749561579651667,17,3,3,4.0,3.0,3.0,44,Non-Travel,Research & Development,20,3,Life Sciences,1,605,Male,1,Sales Representative,Single,45560,2.0,Y,13,8,0,6.0,4,0,0,0
6.355355867915834,12,3,3,2.0,4.0,3.0,35,Non-Travel,Sales,10,1,Life Sciences,1,1031,Female,2,Research Director,Divorced,43230,2.0,Y,18,8,3,15.0,3,7,1,7
5.7542179830430555,11,3,3,1.0,1.0,3.0,36,Non-Travel,Research & Development,10,4,Technical Degree,1,284,Female,2,Research Scientist,Married,41520,9.0,Y,19,8,1,10.0,3,8,0,5
9.944697679607222,14,3,4,3.0,4.0,1.0,40,Travel_Frequently,Research & Development,26,4,Life Sciences,1,2058,Male,2,Research Scientist,Married,194060,3.0,Y,20,8,3,16.0,2,1,0,0
5.642763275323333,14,3,3,2.0,3.0,3.0,45,Travel_Rarely,Sales,2,3,Life Sciences,1,307,Male,3,Healthcare Representative,Single,60740,0.0,Y,14,8,0,9.0,2,8,3,1
6.339612896028333,14,2,3,2.0,1.0,1.0,31,Travel_Rarely,Research & Development,9,1,Medical,1,3165,Female,1,Sales Representative,Divorced,189470,2.0,Y,12,8,2,9.0,2,3,1,2
5.953738286479167,17,2,3,1.0,4.0,3.0,53,Travel_Rarely,Research & Development,9,3,Life Sciences,1,3329,Male,1,Sales Representative,Married,20890,5.0,Y,16,8,0,28.0,2,2,2,2
6.253431503792778,6,4,3,2.0,3.0,3.0,34,Travel_Rarely,Research & Development,2,5,Technical Degree,1,292,Male,2,Healthcare Representative,Single,49990,3.0,Y,12,8,2,10.0,2,5,4,3
6.387114011601945,8,3,3,4.0,1.0,1.0,46,Travel_Rarely,Research & Development,12,4,Technical Degree,1,878,Male,1,Laboratory Technician,Single,23320,1.0,Y,11,8,0,27.0,2,26,0,12
7.005464078536111,19,3,3,2.0,3.0,3.0,54,Travel_Rarely,Sales,24,3,Marketing,1,927,Male,1,Laboratory Technician,Married,26000,3.0,Y,14,8,0,36.0,5,10,4,7
5.932970771976667,10,2,3,4.0,4.0,3.0,41,Non-Travel,Research & Development,3,2,Life Sciences,1,3129,Female,2,Research Scientist,Single,99360,7.0,Y,17,8,1,16.0,2,14,1,10
6.381533913431389,8,3,3,4.0,3.0,3.0,42,Travel_Rarely,Sales,2,4,Medical,1,1068,Female,2,Research Director,Single,45390,4.0,Y,17,8,1,8.0,5,0,0,0
6.643965863453611,19,2,3,1.0,1.0,3.0,25,Travel_Rarely,Sales,16,4,Life Sciences,1,2234,Male,2,Research Scientist,Married,198590,3.0,Y,19,8,0,6.0,3,3,2,2
7.831736947791111,5,2,3,1.0,3.0,3.0,45,Travel_Frequently,Sales,21,1,Marketing,1,4402,Male,3,Research Scientist,Married,22890,4.0,Y,13,8,0,9.0,3,3,0,2
6.7424631860775,5,3,3,1.0,1.0,2.0,59,Travel_Rarely,Research & Development,1,3,Technical Degree,1,4216,Male,1,Laboratory Technician,Single,166060,7.0,Y,11,8,0,28.0,6,21,7,9
7.381584114234444,7,3,3,1.0,1.0,2.0,38,Travel_Frequently,Sales,4,3,Medical,1,348,Male,2,Research Scientist,Divorced,23060,2.0,Y,19,8,1,13.0,5,4,1,2
6.984666443551944,10,2,3,3.0,4.0,2.0,35,Travel_Rarely,Sales,6,3,Marketing,1,3817,Female,3,Sales Representative,Married,135820,1.0,Y,17,8,1,1.0,3,1,0,1
6.387646140115834,7,3,3,3.0,2.0,3.0,42,Travel_Rarely,Research & Development,1,3,Life Sciences,1,2301,Female,1,Manufacturing Director,Married,106850,4.0,Y,11,8,3,4.0,2,1,0,0
7.386420124944166,13,2,3,1.0,3.0,3.0,25,Travel_Rarely,Sales,29,1,Medical,1,1351,Female,3,Research Scientist,Married,30690,2.0,Y,14,8,1,6.0,3,2,2,2
7.578354529227778,7,3,3,3.0,2.0,3.0,29,Travel_Rarely,Research & Development,28,4,Life Sciences,1,2754,Female,1,Sales Representative,Married,48410,0.0,Y,11,8,0,6.0,3,5,0,4
5.8526048639,11,2,3,1.0,3.0,3.0,44,Non-Travel,Research & Development,8,2,Life Sciences,1,1756,Male,1,Research Scientist,Single,135030,2.0,Y,12,8,0,9.0,6,5,1,4
6.577655064703055,22,3,3,2.0,2.0,3.0,36,Travel_Frequently,Research & Development,3,3,Life Sciences,1,1279,Female,2,Laboratory Technician,Single,20180,1.0,Y,13,8,0,6.0,5,6,0,3
7.271415662650556,20,2,3,2.0,2.0,2.0,40,Travel_Rarely,Sales,6,3,Life Sciences,1,3925,Male,3,Manufacturing Director,Single,104820,1.0,Y,11,8,1,21.0,6,21,12,8
7.651161311914167,8,4,3,4.0,3.0,4.0,39,Travel_Rarely,Research & Development,7,3,Life Sciences,1,4290,Female,1,Research Scientist,Married,196580,4.0,Y,13,8,1,17.0,3,15,5,9
5.824280455153889,15,3,3,4.0,1.0,,26,Travel_Rarely,Research & Development,15,2,Life Sciences,1,1786,Male,2,Laboratory Technician,Single,26130,6.0,Y,19,8,1,6.0,2,4,1,2
9.113620035698334,7,3,3,1.0,4.0,2.0,32,Travel_Rarely,Research & Development,1,1,Life Sciences,1,243,Female,1,Healthcare Representative,Married,30220,1.0,Y,16,8,1,6.0,3,6,0,5
6.949890673806111,15,2,4,4.0,4.0,2.0,50,Travel_Rarely,Sales,10,1,Life Sciences,1,1927,Female,1,Manufacturing Director,Divorced,52490,9.0,Y,21,8,2,32.0,2,5,1,3
9.240784248103333,6,2,3,3.0,4.0,3.0,33,Non-Travel,Research & Development,18,2,Medical,1,2411,Female,2,Healthcare Representative,Divorced,63850,1.0,Y,13,8,0,7.0,6,6,1,2
6.0497010263275,11,2,3,1.0,4.0,2.0,36,Travel_Rarely,Sales,1,3,Marketing,1,761,Male,2,Research Scientist,Single,35050,1.0,Y,12,8,2,10.0,2,10,1,8
6.131430165104722,15,2,3,1.0,3.0,3.0,39,Travel_Rarely,Sales,1,1,Marketing,1,1918,Male,2,Research Scientist,Single,23400,0.0,Y,11,8,1,9.0,2,8,0,7
7.520837795626944,6,3,4,2.0,4.0,2.0,41,Travel_Rarely,Sales,6,3,Medical,1,1748,Male,1,Sales Executive,Divorced,102390,3.0,Y,24,8,3,23.0,3,21,12,6
6.65505577867,22,3,4,1.0,4.0,3.0,42,Travel_Frequently,Research & Development,8,4,Medical,1,793,Female,1,Sales Executive,Single,60620,1.0,Y,22,8,2,12.0,2,12,5,8
6.963824185631389,5,3,3,4.0,4.0,3.0,45,Travel_Rarely,Sales,3,1,Marketing,1,1547,Female,1,Sales Executive,Married,171740,9.0,Y,14,8,1,12.0,6,10,9,8
6.9124386434625,20,3,3,1.0,4.0,2.0,32,Travel_Rarely,Research & Development,7,3,Technical Degree,1,1535,Male,2,Healthcare Representative,Single,24720,7.0,Y,13,8,0,10.0,2,7,0,7
10.853815261044167,3,3,3,4.0,2.0,2.0,51,Travel_Frequently,Research & Development,14,3,Life Sciences,1,661,Male,2,Research Director,Divorced,105270,4.0,Y,14,8,0,31.0,3,29,11,10
6.173039937527777,19,2,3,4.0,2.0,3.0,40,Travel_Rarely,Research & Development,6,2,Medical,1,130,Male,3,Research Scientist,Divorced,43320,7.0,Y,14,8,2,8.0,3,5,1,3
8.20152164212389,13,3,3,4.0,4.0,3.0,38,Travel_Frequently,Sales,3,3,Marketing,1,1629,Female,2,Sales Executive,Married,49070,1.0,Y,11,8,1,1.0,3,1,0,0
6.782833556447778,11,1,3,3.0,3.0,3.0,36,Travel_Rarely,Research & Development,9,3,Life Sciences,1,430,Female,2,Healthcare Representative,Single,24360,4.0,Y,13,8,0,16.0,3,11,3,9
9.82488174921889,9,2,3,4.0,4.0,3.0,39,Non-Travel,Research & Development,3,3,Life Sciences,1,3923,Female,2,Manufacturing Director,Married,109760,1.0,Y,11,8,0,9.0,3,9,5,8
7.007630522088333,20,3,3,3.0,4.0,3.0,29,Travel_Frequently,Research & Development,29,1,Life Sciences,1,440,Male,1,Sales Representative,Married,192020,1.0,Y,12,8,0,3.0,5,3,0,2
7.119074074073889,6,3,3,1.0,4.0,3.0,27,Travel_Rarely,Research & Development,3,3,Life Sciences,1,482,Male,2,Human Resources,Married,31610,0.0,Y,13,8,2,4.0,0,3,2,2
6.976151271753611,19,3,3,3.0,1.0,3.0,28,Travel_Rarely,Sales,1,2,Life Sciences,1,1050,Male,3,Manager,Married,44770,1.0,Y,15,8,0,3.0,6,3,1,2
6.921458054439722,19,3,3,4.0,1.0,1.0,27,Travel_Rarely,Research & Development,10,3,Life Sciences,1,3237,Female,1,Laboratory Technician,Single,29560,8.0,Y,13,8,0,9.0,6,7,0,7
6.752537929495555,22,4,4,4.0,2.0,3.0,50,Travel_Rarely,Sales,9,3,Life Sciences,1,1752,Male,2,Research Scientist,Married,23220,7.0,Y,25,8,1,4.0,0,2,2,2
7.1938531905397225,19,4,3,4.0,2.0,3.0,28,Travel_Rarely,Research & Development,10,3,Other,1,3447,Male,2,Sales Representative,Married,52100,1.0,Y,15,8,0,1.0,1,1,0,0
10.057164212405,4,3,3,4.0,4.0,2.0,27,Travel_Frequently,Sales,8,4,Life Sciences,1,2530,Male,5,Research Scientist,Single,21070,0.0,Y,13,8,0,6.0,2,5,0,2
6.426185854529167,14,3,3,3.0,1.0,3.0,30,Non-Travel,Sales,1,3,Medical,1,1386,Female,1,Sales Executive,Divorced,54700,1.0,Y,18,8,1,12.0,2,12,6,10
9.582788933511667,19,3,3,4.0,3.0,2.0,28,Travel_Frequently,Research & Development,2,3,Other,1,664,Female,1,Manager,Single,55770,0.0,Y,19,8,0,5.0,3,4,0,2
6.032698572065834,21,2,3,1.0,3.0,3.0,31,Travel_Frequently,Research & Development,22,2,Medical,1,182,Female,2,Sales Executive,Married,56890,3.0,Y,15,8,2,12.0,2,1,0,0
7.095277777777778,7,4,4,4.0,2.0,3.0,32,Travel_Rarely,Research & Development,22,4,Medical,1,3784,Male,1,Sales Executive,Married,29730,3.0,Y,22,8,0,12.0,0,7,2,5
8.625417224453333,8,3,3,2.0,4.0,2.0,29,Travel_Rarely,Research & Development,23,3,Medical,1,3542,Male,1,Sales Executive,Married,79690,0.0,Y,14,8,0,6.0,3,5,1,3
6.772146363230555,4,2,3,4.0,4.0,3.0,39,Travel_Rarely,Research & Development,1,3,Other,1,397,Female,3,Human Resources,Married,68040,8.0,Y,14,8,1,13.0,3,5,0,4
6.2847144132083335,9,3,3,,4.0,3.0,39,Travel_Rarely,Research & Development,2,3,Technical Degree,1,1078,Male,3,Healthcare Representative,Divorced,102520,8.0,Y,13,8,1,7.0,3,2,2,2
6.9729953145916665,18,3,3,2.0,4.0,3.0,33,Travel_Rarely,Research & Development,2,2,Technical Degree,1,1925,Male,2,Laboratory Technician,Single,34790,3.0,Y,12,8,0,5.0,3,3,0,2
6.571692324854722,16,3,3,2.0,2.0,3.0,44,Travel_Rarely,Research & Development,4,3,Life Sciences,1,650,Female,1,Laboratory Technician,Married,42620,7.0,Y,18,8,0,26.0,2,22,3,10
9.516292949575833,7,2,4,3.0,4.0,2.0,35,Non-Travel,Research & Development,1,1,Life Sciences,1,2101,Male,2,Sales Executive,Married,136100,4.0,Y,22,8,2,16.0,4,13,4,12
7.505383757251111,7,2,4,3.0,1.0,3.0,39,Travel_Rarely,Research & Development,18,2,Life Sciences,1,683,Male,2,Laboratory Technician,Single,28360,0.0,Y,20,8,0,6.0,3,5,0,3
10.634371932173055,4,3,3,1.0,1.0,2.0,53,Travel_Rarely,Research & Development,18,3,Medical,1,1139,Male,1,Research Scientist,Single,34230,6.0,Y,15,8,1,15.0,4,2,2,2
7.815647032574722,9,3,3,4.0,3.0,3.0,55,Travel_Rarely,Research & Development,7,3,Medical,1,4218,Male,3,Research Scientist,Divorced,22720,2.0,Y,17,8,1,21.0,2,5,0,2
6.062452030343334,6,3,3,3.0,2.0,2.0,39,Non-Travel,Research & Development,6,3,Life Sciences,1,2029,Male,1,Laboratory Technician,Single,28510,9.0,Y,15,8,0,9.0,2,5,0,3
6.892224453368889,20,3,3,1.0,1.0,3.0,31,Travel_Frequently,Sales,8,4,Other,1,2519,Female,3,Manufacturing Director,Married,25520,2.0,Y,18,8,0,9.0,2,3,2,2
7.0111099955375,20,3,3,4.0,4.0,2.0,43,Travel_Frequently,Research & Development,1,3,Medical,1,3333,Male,1,Laboratory Technician,Married,52650,4.0,Y,11,8,1,12.0,4,5,2,2
8.685874609549167,12,2,3,3.0,4.0,3.0,31,Travel_Rarely,Research & Development,20,1,Technical Degree,1,52,Female,3,Research Scientist,Married,99070,0.0,Y,13,8,1,6.0,3,5,0,3
7.0714357429716665,15,3,3,1.0,3.0,3.0,37,Travel_Rarely,Research & Development,20,5,Life Sciences,1,3684,Male,2,Manager,Single,68040,4.0,Y,13,8,1,8.0,1,3,0,2
9.6947289156625,5,3,3,2.0,4.0,2.0,40,Travel_Rarely,Research & Development,2,4,Other,1,3018,Male,4,Research Scientist,Married,50330,2.0,Y,14,8,2,6.0,6,4,0,2
7.819524765729445,9,3,3,4.0,3.0,3.0,40,Travel_Rarely,Research & Development,8,3,Other,1,3044,Male,2,Sales Executive,Married,50870,3.0,Y,14,8,1,10.0,3,7,1,7
5.771153502900278,16,3,3,1.0,3.0,2.0,46,Travel_Frequently,Research & Development,4,1,Medical,1,1678,Male,5,Human Resources,Married,29110,5.0,Y,13,8,0,28.0,3,2,1,2
5.886913208388889,16,2,3,3.0,4.0,2.0,28,Travel_Rarely,Sales,7,5,Life Sciences,1,2603,Female,2,Sales Representative,Divorced,171230,5.0,Y,15,8,1,6.0,2,4,0,3
5.983470548861945,19,3,4,2.0,1.0,2.0,35,Travel_Frequently,Research & Development,15,3,Medical,1,2739,Male,3,Manufacturing Director,Married,65490,1.0,Y,20,8,0,9.0,3,9,1,8
6.235425033466944,23,3,3,3.0,3.0,3.0,39,Travel_Rarely,Sales,2,4,Life Sciences,1,898,Male,1,Laboratory Technician,Divorced,72640,0.0,Y,17,8,0,11.0,5,10,0,7
7.163153726015,17,2,3,3.0,3.0,3.0,29,Travel_Rarely,Research & Development,10,3,Other,1,1807,Male,1,Research Scientist,Married,34520,1.0,Y,11,8,0,10.0,3,10,0,7
10.063014279339445,15,3,3,4.0,1.0,1.0,39,Travel_Rarely,Research & Development,10,4,Life Sciences,1,3352,Female,4,Human Resources,Married,66960,7.0,Y,11,8,0,8.0,3,2,2,2
6.713056671128889,11,3,3,3.0,3.0,3.0,34,Travel_Frequently,Sales,24,4,Marketing,1,4312,Male,2,Manufacturing Director,Married,164130,6.0,Y,16,8,0,6.0,1,4,1,2
5.724866131191389,23,2,3,2.0,4.0,3.0,49,Travel_Frequently,Sales,11,4,Life Sciences,1,4060,Male,2,Research Scientist,Married,35060,3.0,Y,11,8,1,28.0,4,5,4,3
6.3567849174475,10,2,3,3.0,1.0,3.0,32,Non-Travel,Research & Development,11,2,Other,1,2063,Female,2,Research Scientist,Divorced,44870,1.0,Y,11,8,0,1.0,5,1,0,0
6.589042838018611,21,2,3,2.0,4.0,2.0,38,Travel_Rarely,Research & Development,9,4,Life Sciences,1,3212,Male,1,Sales Executive,Single,43120,0.0,Y,12,8,1,10.0,2,9,1,8
9.273622266845,4,3,3,4.0,3.0,3.0,28,Travel_Rarely,Research & Development,25,3,Technical Degree,1,1112,Male,1,Research Director,Single,187890,3.0,Y,16,8,1,6.0,4,2,2,2
6.260961624274723,20,3,3,3.0,2.0,3.0,31,Travel_Frequently,Sales,2,3,Medical,1,776,Male,2,Sales Executive,Single,25720,1.0,Y,13,8,3,10.0,3,10,4,7
6.188954707719722,5,2,3,3.0,4.0,3.0,20,Travel_Rarely,Research & Development,18,4,Medical,1,2089,Male,1,Human Resources,Single,84120,1.0,Y,13,8,0,2.0,2,2,2,2
8.31684850513139,17,3,3,4.0,2.0,3.0,58,Travel_Rarely,Research & Development,24,3,Other,1,3278,Female,2,Research Scientist,Single,43170,7.0,Y,17,8,0,40.0,2,31,13,8
7.023054439981944,11,2,3,,4.0,3.0,40,Travel_Rarely,Research & Development,2,3,Life Sciences,1,2926,Male,1,Manufacturing Director,Divorced,27180,1.0,Y,14,8,1,9.0,4,9,4,7
7.666726907630278,10,3,3,1.0,3.0,3.0,27,Travel_Rarely,Research & Development,6,4,Life Sciences,1,3585,Male,2,Laboratory Technician,Divorced,37550,1.0,Y,19,8,0,5.0,2,5,0,3
6.976925479696389,5,3,3,3.0,1.0,3.0,43,Travel_Frequently,Research & Development,5,3,Medical,1,555,Female,2,Laboratory Technician,Married,96990,8.0,Y,19,8,1,18.0,3,8,0,1
9.31242748772861,12,3,3,2.0,1.0,3.0,40,Travel_Rarely,Research & Development,22,2,Technical Degree,1,972,Male,1,Healthcare Representative,Married,23230,2.0,Y,16,8,1,18.0,2,1,0,0
6.086054216867222,7,3,3,2.0,4.0,3.0,22,Travel_Rarely,Research & Development,2,1,Life Sciences,1,1322,Male,1,Sales Representative,Single,193310,1.0,Y,12,8,1,1.0,2,0,0,0
8.847598170459445,9,2,3,3.0,4.0,2.0,40,Travel_Rarely,Research & Development,8,3,Technical Degree,1,907,Female,2,Healthcare Representative,Single,24040,6.0,Y,17,8,0,18.0,2,4,3,3
5.903100178491667,19,2,3,3.0,3.0,4.0,40,Non-Travel,Sales,3,2,Life Sciences,1,772,Male,1,Sales Executive,Divorced,43420,3.0,Y,11,8,1,11.0,6,8,0,7
7.733501784917222,8,3,3,4.0,3.0,3.0,38,Travel_Frequently,Sales,18,4,Life Sciences,1,2691,Male,2,Healthcare Representative,Single,41620,0.0,Y,15,8,1,10.0,1,9,1,8
6.9041834002675,16,2,3,2.0,1.0,2.0,28,Non-Travel,Research & Development,19,4,Life Sciences,1,3463,Female,4,Laboratory Technician,Single,52380,1.0,Y,17,8,1,10.0,4,10,1,9
7.245165104863889,15,2,3,1.0,3.0,3.0,23,Travel_Rarely,Research & Development,2,4,Medical,1,825,Female,2,Manager,Single,49360,0.0,Y,19,8,1,5.0,2,4,1,2
8.96671240517611,15,3,3,2.0,1.0,3.0,32,Travel_Frequently,Research & Development,10,3,Medical,1,4179,Female,2,Manufacturing Director,Single,165980,1.0,Y,13,8,0,10.0,2,10,6,7
7.4776282909413885,17,3,3,2.0,4.0,,53,Travel_Rarely,Research & Development,24,3,Life Sciences,1,3886,Male,4,Research Director,Married,133200,3.0,Y,11,8,0,11.0,2,4,1,2
9.224964301650834,20,3,3,3.0,4.0,1.0,30,Travel_Rarely,Research & Development,21,1,Medical,1,2822,Male,2,Laboratory Technician,Married,104350,0.0,Y,11,8,0,12.0,5,11,4,7
7.406439089691944,6,2,4,1.0,3.0,3.0,34,Travel_Rarely,Research & Development,1,4,Other,1,2786,Male,4,Laboratory Technician,Single,41980,1.0,Y,22,8,1,16.0,2,16,2,10
6.094735609103055,19,3,3,4.0,3.0,3.0,42,Non-Travel,Research & Development,10,4,Life Sciences,1,4087,Female,2,Research Scientist,Single,61510,1.0,Y,13,8,1,20.0,3,20,3,7
7.109205711735555,13,3,3,2.0,4.0,4.0,55,Travel_Rarely,Research & Development,7,3,Life Sciences,1,3693,Female,3,Research Scientist,Divorced,50930,2.0,Y,16,8,1,31.0,3,7,0,0
6.357352744310556,9,3,3,3.0,2.0,3.0,42,Travel_Rarely,Research & Development,1,3,Life Sciences,1,831,Female,1,Manufacturing Director,Married,106850,4.0,Y,11,8,3,4.0,2,1,0,0
7.6812862561355555,11,2,3,3.0,1.0,3.0,36,Travel_Rarely,Sales,3,2,Marketing,1,625,Male,4,Healthcare Representative,Divorced,178610,2.0,Y,18,8,0,17.0,2,7,7,7
7.1662003569833335,20,4,3,4.0,3.0,3.0,35,Travel_Rarely,Sales,10,4,Marketing,1,3279,Female,1,Research Scientist,Single,26320,3.0,Y,13,8,3,7.0,3,2,2,2
9.670089245872223,15,3,3,4.0,3.0,3.0,34,Travel_Rarely,Human Resources,2,3,Human Resources,1,827,Male,2,Manufacturing Director,Married,28180,1.0,Y,13,8,1,10.0,2,10,8,6
6.285371485943611,16,3,3,2.0,2.0,1.0,51,Travel_Rarely,Research & Development,2,1,Medical,1,4366,Female,1,Manufacturing Director,Married,39070,5.0,Y,13,8,0,16.0,2,10,4,7
5.918481704596111,19,3,3,3.0,1.0,3.0,49,Travel_Rarely,Research & Development,5,4,Life Sciences,1,2284,Female,1,Research Scientist,Married,34240,4.0,Y,11,8,0,10.0,3,3,1,2
6.37505243195,12,3,3,4.0,1.0,3.0,32,Travel_Rarely,Sales,9,4,Life Sciences,1,2662,Female,2,Research Scientist,Single,57690,1.0,Y,11,8,0,4.0,3,4,1,2
7.878145917001111,18,3,3,4.0,3.0,3.0,37,Travel_Rarely,Research & Development,2,3,Life Sciences,1,2685,Male,1,Sales Executive,Single,56470,6.0,Y,19,8,0,7.0,2,0,0,0
7.3343440428377775,18,3,3,1.0,3.0,4.0,41,Travel_Frequently,Sales,11,3,Other,1,459,Male,1,Laboratory Technician,Divorced,168720,2.0,Y,15,8,1,21.0,2,18,0,11
6.5429094154394445,13,3,3,3.0,3.0,3.0,39,Travel_Rarely,Sales,2,4,Life Sciences,1,3838,Male,1,Laboratory Technician,Divorced,72640,0.0,Y,17,8,0,11.0,5,10,0,7
7.044221329763333,18,3,3,1.0,1.0,2.0,38,Travel_Frequently,Sales,4,3,Medical,1,1818,Male,2,Research Scientist,Divorced,23060,2.0,Y,19,8,1,13.0,5,4,1,2
5.5516822846941665,23,3,3,4.0,1.0,1.0,29,Travel_Rarely,Research & Development,5,3,Medical,1,2673,Male,2,Sales Representative,Single,75530,1.0,Y,19,8,0,5.0,3,5,0,4
6.442073850959167,13,3,3,3.0,1.0,3.0,29,Travel_Frequently,Human Resources,2,4,Human Resources,1,4048,Male,2,Sales Executive,Single,28750,1.0,Y,11,8,0,1.0,3,1,0,0
5.894035029004722,8,3,3,4.0,4.0,2.0,28,Travel_Rarely,Research & Development,1,3,Life Sciences,1,15,Male,1,Manufacturing Director,Married,25920,1.0,Y,14,8,0,5.0,2,5,0,4
6.318618920124722,8,3,3,3.0,4.0,3.0,33,Travel_Rarely,Sales,3,3,Medical,1,1243,Male,1,Manufacturing Director,Single,43730,4.0,Y,14,8,0,7.0,3,1,0,0
9.228765060240834,10,3,4,3.0,4.0,2.0,42,Travel_Rarely,Research & Development,18,1,Technical Degree,1,386,Female,2,Research Scientist,Married,199990,2.0,Y,23,8,1,17.0,6,5,1,3
7.600496430165,6,3,3,2.0,3.0,3.0,45,Travel_Frequently,Research & Development,8,4,Life Sciences,1,2575,Female,2,Manager,Single,29940,4.0,Y,18,8,1,12.0,2,4,0,3
5.6747032574741665,17,2,3,1.0,3.0,3.0,44,Non-Travel,Research & Development,8,2,Life Sciences,1,3226,Male,1,Research Scientist,Single,135030,2.0,Y,12,8,0,9.0,6,5,1,4
8.034338464970833,11,2,4,3.0,3.0,4.0,35,Travel_Frequently,Sales,7,2,Life Sciences,1,4139,Male,2,Manufacturing Director,Married,32290,1.0,Y,25,8,0,10.0,2,10,0,2
10.193777331548333,18,4,3,4.0,3.0,3.0,41,Travel_Rarely,Research & Development,24,4,Life Sciences,1,2409,Female,4,Manager,Single,137260,3.0,Y,12,8,0,21.0,6,2,0,2
6.736716867469722,19,3,3,1.0,2.0,4.0,31,Travel_Rarely,Research & Development,1,3,Medical,1,3697,Male,1,Laboratory Technician,Single,168560,3.0,Y,12,8,1,9.0,3,3,1,0
6.860788710396944,6,3,3,3.0,3.0,3.0,29,Travel_Rarely,Sales,10,2,Life Sciences,1,806,Female,1,Sales Executive,Divorced,128080,1.0,Y,13,8,0,10.0,6,10,0,4
5.801181392235556,23,2,3,2.0,2.0,3.0,19,Travel_Rarely,Research & Development,1,3,Other,1,4302,Female,5,Manufacturing Director,Single,152020,1.0,Y,18,8,3,1.0,2,1,0,0
7.933631191432222,14,4,3,2.0,4.0,3.0,38,Travel_Rarely,Research & Development,24,2,Other,1,3430,Female,1,Laboratory Technician,Single,23260,8.0,Y,14,8,0,19.0,3,1,0,0
6.5006291834,8,4,4,1.0,3.0,4.0,44,Travel_Rarely,Sales,29,4,Marketing,1,3176,Male,2,Sales Executive,Single,19510,4.0,Y,22,8,3,10.0,4,2,0,2
7.230695002231111,13,2,4,1.0,3.0,1.0,54,Travel_Rarely,Research & Development,25,1,Medical,1,2778,Female,1,Laboratory Technician,Married,48550,9.0,Y,25,8,1,16.0,2,4,0,3
5.938473895582222,18,3,4,3.0,1.0,3.0,23,Travel_Rarely,Research & Development,10,3,Medical,1,4239,Male,2,Laboratory Technician,Divorced,64390,3.0,Y,22,8,3,3.0,2,0,0,0
9.60363007585889,10,3,4,3.0,3.0,3.0,42,Travel_Frequently,Research & Development,10,1,Life Sciences,1,290,Female,1,Sales Executive,Divorced,50100,6.0,Y,21,8,3,7.0,3,2,2,2
6.811652164212222,20,3,3,4.0,3.0,2.0,38,Travel_Rarely,Research & Development,11,2,Life Sciences,1,3885,Male,1,Sales Executive,Married,198450,7.0,Y,11,8,1,7.0,3,0,0,0
6.757186523873056,7,3,3,4.0,2.0,3.0,41,Travel_Rarely,Research & Development,29,1,Life Sciences,1,43,Male,1,Laboratory Technician,Single,23790,1.0,Y,12,8,0,22.0,6,22,0,4
6.783423694778889,20,3,3,3.0,4.0,3.0,59,Travel_Rarely,Research & Development,3,4,Technical Degree,1,3580,Male,1,Research Scientist,Single,40510,5.0,Y,16,8,3,13.0,3,6,0,5
7.164177822400555,17,3,3,2.0,2.0,3.0,34,Travel_Rarely,Research & Development,12,2,Technical Degree,1,1884,Male,2,Human Resources,Divorced,88650,1.0,Y,11,8,1,1.0,0,1,1,0
7.571142347166389,10,3,3,1.0,3.0,2.0,27,Travel_Rarely,Sales,22,4,Medical,1,228,Male,1,Sales Representative,Divorced,22060,0.0,Y,14,8,1,6.0,4,5,0,3
6.566608656849445,12,3,3,2.0,2.0,2.0,37,Travel_Rarely,Research & Development,1,4,Technical Degree,1,215,Female,5,Research Scientist,Married,39440,6.0,Y,11,8,2,8.0,3,6,4,3
6.991087684069444,16,3,4,1.0,4.0,3.0,26,Travel_Rarely,Research & Development,1,4,Life Sciences,1,3526,Male,2,Sales Representative,Married,143360,1.0,Y,21,8,1,8.0,3,8,0,7
6.1098951360997225,18,3,3,4.0,3.0,3.0,24,Travel_Rarely,Sales,28,3,Life Sciences,1,3407,Female,1,Healthcare Representative,Divorced,118490,1.0,Y,16,8,1,5.0,3,4,3,2
7.067336010709444,21,2,3,3.0,2.0,2.0,26,Travel_Rarely,Sales,17,3,Medical,1,2808,Female,2,Manager,Married,57690,1.0,Y,19,8,0,5.0,4,5,4,3
5.886647701918611,13,2,3,3.0,4.0,3.0,32,Non-Travel,Sales,2,4,Marketing,1,2924,Male,4,Research Scientist,Married,21090,0.0,Y,13,8,1,4.0,3,3,2,2
5.869949799196666,7,2,3,4.0,3.0,3.0,47,Travel_Rarely,Research & Development,25,4,Medical,1,897,Male,2,Research Scientist,Married,148520,3.0,Y,19,8,3,27.0,3,5,1,0
6.322457608210556,15,3,3,2.0,4.0,3.0,35,Travel_Rarely,Research & Development,10,5,Medical,1,1721,Female,4,Laboratory Technician,Single,134580,1.0,Y,11,8,0,17.0,3,17,11,8
9.766983489513333,13,3,3,1.0,4.0,3.0,31,Travel_Frequently,Research & Development,2,1,Other,1,2608,Male,3,Sales Executive,Married,70940,1.0,Y,14,8,1,10.0,2,10,0,8
9.617732039268056,2,3,3,4.0,3.0,3.0,24,Travel_Rarely,Research & Development,5,1,Other,1,2238,Male,1,Manufacturing Director,Married,43350,1.0,Y,15,8,1,5.0,5,5,0,3
7.248608879964166,11,3,3,1.0,1.0,2.0,38,Travel_Frequently,Sales,4,3,Medical,1,3288,Male,2,Research Scientist,Divorced,23060,2.0,Y,19,8,1,13.0,5,4,1,2
6.2555176260597225,6,2,3,4.0,1.0,3.0,54,Travel_Rarely,Sales,8,2,Marketing,1,4372,Female,2,Laboratory Technician,Married,61340,2.0,Y,19,8,0,16.0,2,6,0,5
7.16703145917,15,3,3,2.0,2.0,2.0,42,Travel_Rarely,Research & Development,20,2,Medical,1,1817,Male,2,Sales Representative,Married,72950,1.0,Y,15,8,0,10.0,3,9,7,8
6.429928603301945,10,3,3,4.0,3.0,2.0,48,Travel_Rarely,Research & Development,1,4,Medical,1,421,Male,1,Research Scientist,Married,21770,4.0,Y,18,8,0,13.0,4,0,0,0
6.2751695671575,16,3,3,2.0,2.0,2.0,42,Travel_Rarely,Human Resources,1,3,Other,1,2476,Female,1,Healthcare Representative,Divorced,174650,8.0,Y,13,8,1,7.0,3,5,0,4
6.4742447568047226,12,2,3,4.0,3.0,2.0,34,Travel_Rarely,Research & Development,19,3,Technical Degree,1,1128,Female,1,Research Director,Divorced,33390,1.0,Y,16,8,0,9.0,2,8,1,1
8.460333556447777,20,2,3,3.0,4.0,2.0,40,Travel_Rarely,Research & Development,8,3,Technical Degree,1,2377,Female,2,Healthcare Representative,Single,24040,6.0,Y,17,8,0,18.0,2,4,3,3
6.063685854529167,12,2,3,3.0,3.0,3.0,35,Travel_Rarely,Human Resources,1,3,Human Resources,1,441,Male,3,Laboratory Technician,Married,136750,1.0,Y,15,8,3,5.0,5,5,1,0
5.719341811691111,19,3,3,3.0,3.0,3.0,35,Non-Travel,Research & Development,29,3,Medical,1,900,Female,2,Sales Executive,Married,78230,1.0,Y,13,8,1,15.0,3,14,2,9
10.2999386434625,2,3,3,3.0,2.0,2.0,32,Travel_Rarely,Research & Development,1,4,Medical,1,3674,Male,5,Research Director,Married,191890,0.0,Y,12,8,1,4.0,3,3,1,2
5.740315707273333,15,4,4,4.0,4.0,1.0,40,Non-Travel,Research & Development,28,2,Life Sciences,1,2891,Male,1,Manufacturing Director,Married,167040,9.0,Y,22,8,0,5.0,2,3,0,2
8.029502454261388,11,3,3,3.0,3.0,3.0,43,Travel_Frequently,Research & Development,1,4,Other,1,3945,Male,3,Sales Executive,Married,76550,9.0,Y,12,8,1,6.0,3,1,0,0
7.9025200803211115,6,3,3,4.0,4.0,1.0,42,Travel_Frequently,Human Resources,1,4,Technical Degree,1,3776,Male,2,Manufacturing Director,Married,31620,2.0,Y,17,8,2,24.0,1,20,13,9
7.011537260151667,7,2,3,2.0,2.0,4.0,38,Travel_Rarely,Research & Development,2,3,Life Sciences,1,3803,Female,1,Manufacturing Director,Single,27780,2.0,Y,13,8,0,8.0,5,3,1,2
6.515506470325556,22,3,3,1.0,1.0,3.0,49,Travel_Frequently,Sales,6,5,Medical,1,3689,Female,2,Healthcare Representative,Single,23420,3.0,Y,18,8,0,20.0,2,4,1,3
5.860414993306389,21,3,3,4.0,3.0,4.0,22,Travel_Rarely,Human Resources,12,1,Human Resources,1,1166,Male,2,Sales Executive,Single,25340,0.0,Y,11,8,0,4.0,1,3,1,2
5.692024765729444,13,3,3,2.0,2.0,3.0,45,Travel_Frequently,Research & Development,19,3,Medical,1,3619,Male,3,Laboratory Technician,Single,36810,3.0,Y,17,8,1,22.0,2,0,0,0
6.301182507808889,11,3,3,4.0,3.0,3.0,55,Travel_Rarely,Sales,11,3,Technical Degree,1,3638,Male,2,Manufacturing Director,Married,83810,4.0,Y,15,8,1,23.0,3,19,9,11
7.705829986613056,20,3,3,2.0,1.0,3.0,38,Travel_Rarely,Sales,6,4,Life Sciences,1,4357,Female,3,Research Scientist,Married,107480,7.0,Y,15,8,0,17.0,3,1,0,0
5.675418340026667,16,2,3,4.0,3.0,3.0,25,Travel_Frequently,Sales,5,1,Marketing,1,3857,Male,4,Manufacturing Director,Divorced,139730,1.0,Y,14,8,0,7.0,3,7,0,7
9.74821396697889,18,2,3,4.0,2.0,4.0,21,Travel_Rarely,Research & Development,1,4,Life Sciences,1,2028,Female,1,Research Scientist,Single,26100,1.0,Y,11,8,1,2.0,3,2,2,2
5.761374386434444,14,4,3,4.0,3.0,3.0,45,Travel_Rarely,Sales,24,3,Life Sciences,1,4137,Male,1,Laboratory Technician,Single,36290,8.0,Y,16,8,1,8.0,2,5,0,1
5.9234002677375,16,2,3,1.0,3.0,1.0,37,Travel_Rarely,Sales,10,4,Marketing,1,3378,Female,3,Human Resources,Married,30720,5.0,Y,14,8,0,17.0,3,14,11,7
5.456191432396111,21,3,3,1.0,3.0,2.0,36,Travel_Rarely,Research & Development,2,2,Technical Degree,1,942,Male,3,Sales Executive,Married,199730,6.0,Y,12,8,0,10.0,2,3,0,2
5.482242302543333,24,2,3,3.0,4.0,3.0,34,Travel_Frequently,Sales,28,4,Marketing,1,2359,Male,5,Manufacturing Director,Divorced,103250,1.0,Y,11,8,1,9.0,3,9,7,2
7.503869924140833,9,2,3,3.0,3.0,2.0,29,Travel_Rarely,Research & Development,2,3,Life Sciences,1,1430,Male,1,Sales Executive,Single,49780,0.0,Y,13,8,0,7.0,3,6,1,5
8.846895359214445,17,2,3,2.0,3.0,3.0,36,Travel_Rarely,Research & Development,11,3,Life Sciences,1,1083,Male,1,Sales Executive,Married,131910,1.0,Y,14,8,1,10.0,2,10,1,7
5.924545961624166,22,3,3,1.0,2.0,3.0,27,Travel_Frequently,Sales,8,1,Life Sciences,1,4062,Male,4,Laboratory Technician,Married,102310,1.0,Y,13,8,1,1.0,2,1,0,0
6.046319723337778,18,2,3,3.0,1.0,3.0,27,Travel_Frequently,Research & Development,13,4,Medical,1,1413,Male,1,Manager,Married,44010,5.0,Y,13,8,0,6.0,4,2,2,0
6.902014725568889,7,1,3,1.0,2.0,3.0,36,Non-Travel,Research & Development,1,3,Life Sciences,1,1126,Male,2,Research Scientist,Married,28380,1.0,Y,19,8,2,5.0,5,5,0,2
9.877585899151944,12,3,3,3.0,2.0,2.0,32,Travel_Rarely,Research & Development,1,1,Medical,1,4009,Male,2,Laboratory Technician,Single,27410,7.0,Y,11,8,0,7.0,3,2,2,2
10.31801651048639,14,2,3,2.0,3.0,1.0,53,Travel_Rarely,Sales,14,2,Life Sciences,1,2835,Female,5,Manufacturing Director,Married,35170,2.0,Y,12,8,1,13.0,1,7,4,5
5.986325301204722,20,3,3,3.0,3.0,4.0,40,Travel_Rarely,Research & Development,2,4,Life Sciences,1,2258,Male,3,Laboratory Technician,Divorced,167520,2.0,Y,18,8,1,8.0,3,3,1,2
5.936395582329166,11,2,3,4.0,4.0,2.0,54,Travel_Rarely,Sales,1,3,Medical,1,3691,Female,2,Manager,Single,22970,6.0,Y,18,8,2,29.0,2,20,12,7
5.623923471664167,16,3,3,3.0,3.0,3.0,38,Travel_Rarely,Research & Development,5,3,Life Sciences,1,3154,Female,1,Research Scientist,Married,154270,3.0,Y,16,8,1,18.0,2,1,0,0
7.144081883087778,21,1,3,3.0,1.0,2.0,44,Travel_Rarely,Research & Development,3,4,Life Sciences,1,2135,Male,2,Research Scientist,Divorced,47070,1.0,Y,17,8,0,26.0,4,25,14,13
10.239582775546388,4,3,3,3.0,1.0,3.0,25,Travel_Rarely,Sales,11,3,Life Sciences,1,3317,Female,1,Laboratory Technician,Married,23110,1.0,Y,11,8,1,5.0,2,5,0,3
7.827246764836945,6,3,3,1.0,3.0,3.0,48,Travel_Rarely,Human Resources,2,4,Medical,1,3418,Male,2,Sales Executive,Single,45540,2.0,Y,11,8,2,19.0,3,2,2,2
7.220334672021389,12,3,3,1.0,3.0,3.0,40,Travel_Rarely,Research & Development,22,1,Life Sciences,1,3839,Male,1,Laboratory Technician,Married,56660,1.0,Y,14,8,1,18.0,2,18,14,12
7.561584114234445,7,4,4,3.0,2.0,3.0,53,Travel_Frequently,Sales,8,2,Medical,1,503,Male,2,Research Scientist,Married,120610,2.0,Y,20,8,1,30.0,2,15,6,12
6.200655957161945,7,2,3,2.0,2.0,3.0,19,Travel_Rarely,Research & Development,1,3,Other,1,1362,Female,5,Manufacturing Director,Single,152020,1.0,Y,18,8,3,1.0,2,1,0,0
5.543731593038611,19,3,3,2.0,2.0,3.0,32,Travel_Rarely,Research & Development,1,2,Medical,1,2641,Male,3,Sales Executive,Married,136950,0.0,Y,13,8,0,3.0,3,2,2,2
8.704915216421112,6,2,3,1.0,3.0,3.0,50,Travel_Rarely,Research & Development,12,4,Medical,1,1249,Male,1,Research Director,Married,49000,1.0,Y,11,8,0,3.0,3,3,0,2
7.125651494868333,6,2,3,3.0,4.0,3.0,29,Travel_Rarely,Sales,4,3,Other,1,2935,Female,2,Human Resources,Single,35390,1.0,Y,18,8,0,6.0,2,6,1,5
7.255912539045,18,4,3,2.0,4.0,2.0,42,Travel_Frequently,Research & Development,9,4,Medical,1,1797,Male,1,Manufacturing Director,Divorced,92080,1.0,Y,15,8,1,24.0,2,24,14,9
6.944028335564444,14,3,3,3.0,2.0,3.0,35,Travel_Rarely,Sales,8,1,Marketing,1,2834,Female,3,Laboratory Technician,Married,37600,1.0,Y,14,8,3,10.0,2,10,0,6
6.990880187416111,11,3,3,3.0,1.0,2.0,49,Travel_Rarely,Research & Development,1,4,Life Sciences,1,3830,Male,3,Healthcare Representative,Married,69490,1.0,Y,14,8,1,10.0,2,9,1,4
5.7785073627844445,10,3,3,2.0,3.0,3.0,45,Non-Travel,Research & Development,1,3,Medical,1,2018,Female,2,Human Resources,Married,125040,1.0,Y,12,8,1,15.0,2,15,4,12
7.683028781793611,4,1,3,1.0,4.0,3.0,32,Travel_Frequently,Sales,4,4,Life Sciences,1,1771,Male,2,Sales Executive,Married,188440,1.0,Y,19,8,0,10.0,3,10,4,7
10.464255912538889,8,3,4,2.0,4.0,3.0,19,Travel_Rarely,Sales,2,4,Marketing,1,2122,Male,3,Laboratory Technician,Single,115570,1.0,Y,22,8,0,1.0,0,1,0,1
9.606076528335555,11,3,3,4.0,4.0,2.0,33,Travel_Rarely,Research & Development,1,2,Medical,1,305,Male,3,Laboratory Technician,Single,28710,1.0,Y,17,8,3,10.0,2,10,7,8
5.840648148148055,19,1,4,1.0,4.0,3.0,42,Travel_Rarely,Research & Development,3,4,Life Sciences,1,3031,Male,1,Manager,Single,10910,2.0,Y,22,8,0,16.0,0,1,0,0
6.791540606871667,16,3,3,2.0,2.0,2.0,27,Travel_Rarely,Sales,3,2,Technical Degree,1,4050,Male,2,Healthcare Representative,Married,135770,1.0,Y,12,8,1,6.0,2,5,1,2
6.653948014279167,9,3,3,1.0,1.0,2.0,59,Travel_Rarely,Research & Development,1,3,Technical Degree,1,2746,Male,1,Laboratory Technician,Single,166060,7.0,Y,11,8,0,28.0,6,21,7,9
8.150235385988333,10,2,3,3.0,4.0,3.0,44,Travel_Rarely,Research & Development,9,3,Technical Degree,1,2413,Female,3,Healthcare Representative,Divorced,68610,4.0,Y,12,8,0,8.0,2,2,2,2
7.8642324854975,3,3,3,3.0,4.0,3.0,37,Travel_Rarely,Research & Development,23,3,Life Sciences,1,2045,Male,3,Manufacturing Director,Divorced,166590,7.0,Y,16,8,1,9.0,2,6,1,3
6.900469656403334,7,3,3,4.0,4.0,3.0,45,Travel_Rarely,Sales,3,1,Marketing,1,77,Female,1,Sales Executive,Married,171740,9.0,Y,14,8,1,12.0,6,10,9,8
5.739896251673334,18,3,3,1.0,3.0,3.0,41,Travel_Rarely,Sales,7,4,Marketing,1,1379,Male,4,Laboratory Technician,Divorced,68420,4.0,Y,12,8,1,13.0,3,9,1,8
5.5950457385094445,22,3,3,3.0,3.0,4.0,30,Travel_Rarely,Research & Development,1,2,Life Sciences,1,3747,Male,3,Sales Executive,Divorced,102210,0.0,Y,19,8,1,6.0,2,5,1,3
5.599307228915555,22,2,3,3.0,4.0,3.0,32,Non-Travel,Sales,2,4,Marketing,1,4394,Male,4,Research Scientist,Married,21090,0.0,Y,13,8,1,4.0,3,3,2,2
8.8541800535475,6,3,3,4.0,3.0,2.0,35,Travel_Frequently,Research & Development,1,2,Medical,1,2194,Male,1,Manufacturing Director,Married,67960,0.0,Y,13,8,0,5.0,2,4,3,2
9.462476572958334,13,2,3,3.0,4.0,3.0,50,Travel_Frequently,Research & Development,6,3,Medical,1,829,Male,1,Manager,Single,23420,1.0,Y,12,8,1,32.0,2,32,13,9
7.541241633199444,5,2,3,3.0,2.0,2.0,26,Travel_Rarely,Sales,17,3,Medical,1,4278,Female,2,Manager,Married,57690,1.0,Y,19,8,0,5.0,4,5,4,3
6.550740740740555,6,3,3,3.0,4.0,2.0,30,Travel_Frequently,Research & Development,10,3,Life Sciences,1,2459,Female,1,Human Resources,Divorced,22070,6.0,Y,14,8,0,6.0,4,4,1,2
8.668834225791944,6,3,3,4.0,3.0,2.0,37,Travel_Rarely,Sales,9,4,Marketing,1,229,Female,2,Laboratory Technician,Married,20860,4.0,Y,14,8,0,17.0,3,3,1,0
6.223607764390834,18,3,3,3.0,3.0,2.0,28,Non-Travel,Research & Development,21,1,Medical,1,4064,Male,3,Research Scientist,Single,79780,1.0,Y,16,8,2,5.0,2,5,1,4
7.122371709058333,6,2,3,2.0,1.0,3.0,43,Travel_Rarely,Research & Development,25,2,Medical,1,3292,Male,2,Healthcare Representative,Married,61320,6.0,Y,13,8,0,22.0,3,4,1,0
6.3402688531902776,14,1,3,2.0,3.0,2.0,40,Travel_Frequently,Research & Development,2,4,Medical,1,3520,Male,4,Human Resources,Single,75960,9.0,Y,11,8,0,20.0,0,18,2,13
6.410020080321111,21,2,3,2.0,4.0,3.0,54,Travel_Frequently,Sales,10,3,Life Sciences,1,819,Female,4,Research Scientist,Divorced,37610,3.0,Y,12,8,0,26.0,3,14,1,12
6.4986769299419445,11,3,3,4.0,1.0,3.0,35,Travel_Rarely,Sales,7,2,Life Sciences,1,3791,Male,1,Sales Executive,Single,22770,1.0,Y,12,8,1,3.0,2,3,1,2
7.660025658188055,7,2,3,1.0,1.0,3.0,45,Non-Travel,Sales,2,4,Life Sciences,1,2356,Male,2,Manufacturing Director,Married,58550,1.0,Y,14,8,1,10.0,3,10,4,5
6.514405399375278,11,3,3,3.0,4.0,4.0,33,Travel_Rarely,Research & Development,2,2,Medical,1,4329,Male,1,Sales Executive,Single,24400,0.0,Y,18,8,3,4.0,4,3,0,2
8.745681615350279,7,4,3,2.0,3.0,3.0,35,Travel_Rarely,Research & Development,2,4,Life Sciences,1,4345,Female,2,Research Director,Married,108830,3.0,Y,12,8,0,8.0,3,1,0,1
5.958169344042778,14,3,3,2.0,4.0,3.0,18,Non-Travel,Sales,5,4,Other,1,470,Male,2,Manager,Single,32300,1.0,Y,12,8,1,0.0,3,0,0,0
7.762304774654167,7,2,3,1.0,1.0,3.0,33,Travel_Rarely,Research & Development,23,5,Life Sciences,1,334,Male,1,Human Resources,Single,86390,5.0,Y,16,8,2,6.0,3,3,0,2
6.970761936635278,21,3,4,2.0,3.0,1.0,18,Non-Travel,Research & Development,2,3,Life Sciences,1,3994,Male,3,Sales Representative,Single,186060,1.0,Y,24,8,2,0.0,4,0,0,0
7.181759259259167,20,3,3,1.0,2.0,1.0,29,Travel_Frequently,Research & Development,28,3,Medical,1,2270,Female,5,Research Scientist,Single,44340,5.0,Y,17,8,3,7.0,1,5,0,0
7.642257920571111,17,2,4,4.0,3.0,3.0,52,Travel_Rarely,Research & Development,26,2,Life Sciences,1,1619,Female,2,Sales Representative,Married,33750,2.0,Y,21,8,0,28.0,2,5,0,4
8.006793842034723,17,2,3,1.0,4.0,3.0,44,Travel_Frequently,Sales,2,2,Marketing,1,908,Male,1,Laboratory Technician,Married,34520,4.0,Y,11,8,1,14.0,2,10,0,2
6.856221552878056,6,2,3,3.0,2.0,4.0,46,Travel_Rarely,Research & Development,4,2,Life Sciences,1,2293,Male,3,Manufacturing Director,Married,138260,8.0,Y,11,8,0,23.0,1,13,5,1
5.6448270861222225,21,2,3,1.0,4.0,2.0,40,Travel_Rarely,Research & Development,1,4,Medical,1,1170,Male,2,Research Director,Married,50710,8.0,Y,17,8,1,8.0,3,1,0,0
6.546025211958889,19,3,3,2.0,3.0,2.0,34,Travel_Rarely,Sales,1,1,Marketing,1,577,Female,2,Laboratory Technician,Married,24760,1.0,Y,19,8,0,6.0,2,6,1,3
9.602454261490278,8,1,3,4.0,3.0,3.0,48,Travel_Frequently,Sales,10,2,Marketing,1,3887,Male,1,Healthcare Representative,Married,63470,2.0,Y,12,8,1,19.0,3,9,7,7
9.218939089691945,3,2,3,3.0,2.0,1.0,35,Travel_Rarely,Sales,24,3,Medical,1,1938,Male,3,Healthcare Representative,Divorced,20700,1.0,Y,13,8,3,5.0,1,4,0,2
7.874956492636945,19,2,3,4.0,1.0,3.0,30,Travel_Rarely,Research & Development,10,4,Life Sciences,1,1427,Female,2,Research Scientist,Single,55620,5.0,Y,13,8,0,8.0,3,5,0,4
6.4804038375725,8,4,4,4.0,4.0,3.0,53,Travel_Rarely,Research & Development,1,1,Medical,1,1862,Male,1,Sales Executive,Single,44250,6.0,Y,22,8,1,33.0,2,12,3,8
7.905890227576944,5,3,3,4.0,4.0,1.0,42,Travel_Frequently,Human Resources,1,4,Technical Degree,1,836,Male,2,Manufacturing Director,Married,31620,2.0,Y,17,8,2,24.0,1,20,13,9
7.536509370816389,11,3,4,3.0,1.0,4.0,32,Travel_Rarely,Research & Development,24,3,Life Sciences,1,1905,Male,4,Laboratory Technician,Married,37300,1.0,Y,25,8,1,8.0,4,8,6,3
10.097321508255,18,2,3,3.0,3.0,2.0,47,Travel_Rarely,Research & Development,8,4,Medical,1,2280,Female,2,Sales Representative,Married,23660,3.0,Y,17,8,0,11.0,5,5,1,2
7.153201695671389,12,3,3,1.0,2.0,1.0,28,Travel_Rarely,Sales,2,4,Marketing,1,2032,Male,1,Sales Executive,Married,93550,0.0,Y,11,8,0,6.0,4,5,0,4
6.090296742525555,12,4,3,1.0,1.0,2.0,25,Travel_Rarely,Research & Development,17,3,Medical,1,3301,Male,1,Laboratory Technician,Single,199260,7.0,Y,11,8,3,6.0,5,4,0,1
6.280741856313889,15,3,3,4.0,2.0,3.0,31,Travel_Rarely,Research & Development,16,4,Life Sciences,1,3718,Male,3,Human Resources,Single,42440,9.0,Y,13,8,0,8.0,3,3,0,2
7.363987059348333,17,3,3,2.0,3.0,3.0,35,Travel_Rarely,Research & Development,20,4,Life Sciences,1,1294,Female,3,Human Resources,Single,40690,1.0,Y,13,8,0,6.0,5,6,0,4
10.290413877733055,3,3,3,4.0,3.0,3.0,38,Travel_Rarely,Research & Development,7,4,Life Sciences,1,1355,Female,2,Research Director,Single,50420,3.0,Y,16,8,1,19.0,4,3,2,2
6.998131414546944,6,2,4,2.0,1.0,3.0,28,Travel_Rarely,Research & Development,9,3,Medical,1,1515,Male,1,Sales Representative,Single,46480,0.0,Y,23,8,2,9.0,2,8,0,7
7.329690986166667,6,2,3,3.0,1.0,3.0,30,Travel_Rarely,Sales,20,3,Marketing,1,3548,Male,3,Sales Executive,Divorced,48100,8.0,Y,18,8,0,8.0,3,4,0,3
10.068919009370555,19,2,4,3.0,4.0,1.0,33,Travel_Rarely,Sales,11,4,Marketing,1,2917,Male,1,Research Scientist,Married,71400,5.0,Y,21,8,0,8.0,2,5,0,4
9.510298973672223,12,3,4,3.0,3.0,3.0,49,Travel_Rarely,Research & Development,1,3,Life Sciences,1,2999,Male,3,Manufacturing Director,Single,73140,7.0,Y,22,8,0,25.0,2,7,0,7
7.503210620258611,15,2,3,3.0,4.0,3.0,28,Non-Travel,Research & Development,1,3,Medical,1,2157,Male,5,Sales Executive,Married,56790,0.0,Y,13,8,0,10.0,2,9,7,5
6.547140785363611,20,2,4,1.0,1.0,1.0,33,Travel_Rarely,Research & Development,9,1,Medical,1,3788,Male,1,Healthcare Representative,Married,76420,2.0,Y,20,8,1,8.0,2,2,2,2
9.919124274877221,7,3,3,4.0,4.0,2.0,27,Travel_Frequently,Sales,8,4,Life Sciences,1,1060,Male,5,Research Scientist,Single,21070,0.0,Y,13,8,0,6.0,2,5,0,2
7.855391566265,11,3,3,1.0,3.0,,34,Travel_Frequently,Human Resources,4,4,Life Sciences,1,1324,Female,5,Sales Executive,Single,55620,1.0,Y,15,8,0,9.0,3,9,0,6
5.520024542614722,23,2,3,4.0,4.0,3.0,29,Travel_Rarely,Research & Development,2,4,Medical,1,2937,Male,1,Laboratory Technician,Divorced,26790,2.0,Y,15,8,0,10.0,2,3,0,2
7.2014736724675,20,3,3,1.0,4.0,3.0,36,Travel_Rarely,Research & Development,24,3,Life Sciences,1,2652,Female,2,Laboratory Technician,Married,61200,0.0,Y,19,8,0,10.0,2,9,3,4
7.223916778223889,13,4,3,1.0,2.0,3.0,41,Travel_Frequently,Research & Development,16,1,Medical,1,3049,Female,1,Research Scientist,Single,28100,1.0,Y,11,8,0,8.0,3,8,7,7
7.11708389112,6,2,3,3.0,4.0,3.0,29,Travel_Rarely,Sales,4,3,Other,1,4405,Female,2,Human Resources,Single,35390,1.0,Y,18,8,0,6.0,2,6,1,5
7.351802766621945,20,3,3,2.0,2.0,3.0,52,Travel_Rarely,Sales,1,3,Life Sciences,1,3489,Male,1,Sales Executive,Single,59740,7.0,Y,18,8,1,18.0,6,8,4,0
7.847788933511667,18,2,3,4.0,3.0,3.0,33,Travel_Rarely,Research & Development,15,4,Life Sciences,1,817,Female,1,Sales Executive,Single,62010,2.0,Y,15,8,3,14.0,2,0,0,0
6.174462293618889,19,3,3,1.0,4.0,4.0,46,Travel_Rarely,Research & Development,18,1,Medical,1,2244,Male,1,Manufacturing Director,Divorced,59800,4.0,Y,11,8,1,28.0,2,7,4,3
6.266600847835556,8,3,3,4.0,2.0,3.0,30,Travel_Rarely,Research & Development,2,3,Life Sciences,1,180,Male,1,Sales Executive,Single,48500,0.0,Y,12,8,1,4.0,4,3,1,2
7.2211869701025,6,2,3,4.0,4.0,4.0,45,Travel_Rarely,Research & Development,7,2,Other,1,498,Male,1,Human Resources,Married,56610,3.0,Y,12,8,0,26.0,2,9,1,1
10.139349620705,8,3,3,3.0,4.0,3.0,35,Travel_Rarely,Research & Development,16,3,Medical,1,4133,Female,2,Healthcare Representative,Single,23940,1.0,Y,16,8,1,9.0,3,9,1,7
7.974224676483611,16,2,3,2.0,1.0,2.0,24,Travel_Frequently,Sales,3,3,Life Sciences,1,803,Male,2,Research Scientist,Single,76540,2.0,Y,17,8,1,4.0,3,0,0,0
5.576690093708056,18,2,3,3.0,4.0,3.0,40,Travel_Rarely,Sales,4,3,Medical,1,3642,Male,2,Sales Executive,Single,94340,1.0,Y,13,8,1,9.0,3,9,8,8
10.1586099955375,12,3,3,4.0,2.0,3.0,36,Travel_Rarely,Sales,2,3,Technical Degree,1,3998,Female,5,Laboratory Technician,Married,22900,4.0,Y,11,8,0,15.0,5,1,0,0
6.927584783578611,12,3,3,3.0,1.0,3.0,19,Travel_Rarely,Research & Development,23,4,Life Sciences,1,2066,Male,2,Laboratory Technician,Single,191970,1.0,Y,12,8,0,1.0,2,1,0,0
6.894186746987778,6,2,3,2.0,4.0,2.0,34,Travel_Rarely,Sales,6,4,Marketing,1,500,Male,2,Research Director,Divorced,96130,0.0,Y,12,8,1,16.0,5,15,0,9
8.556987951807223,12,3,3,3.0,4.0,3.0,38,Travel_Rarely,Research & Development,28,4,Medical,1,3024,Male,1,Laboratory Technician,Divorced,65830,0.0,Y,12,8,0,12.0,1,11,2,9
8.849162204372778,14,3,3,2.0,3.0,3.0,29,Travel_Rarely,Sales,3,3,Marketing,1,3328,Male,3,Laboratory Technician,Divorced,59160,6.0,Y,12,8,0,5.0,2,3,0,2
7.696280678268611,6,3,4,4.0,4.0,,18,Non-Travel,Research & Development,1,4,Medical,1,3655,Male,2,Sales Executive,Single,27200,1.0,Y,22,8,1,0.0,2,0,0,0
9.068934627398333,4,3,3,3.0,4.0,3.0,25,Travel_Frequently,Research & Development,1,1,Life Sciences,1,3594,Male,1,Manufacturing Director,Single,109320,1.0,Y,11,8,1,1.0,3,1,1,0
7.308121374386389,10,3,3,1.0,3.0,1.0,21,Travel_Frequently,Research & Development,20,2,Medical,1,2128,Female,4,Research Scientist,Single,53370,1.0,Y,14,8,1,2.0,2,2,2,2
6.404223560910277,18,2,4,3.0,1.0,2.0,35,Travel_Rarely,Sales,6,4,Medical,1,363,Female,2,Manager,Single,94190,1.0,Y,24,8,1,6.0,5,6,1,1
7.612002454261389,7,3,4,3.0,3.0,2.0,36,Travel_Rarely,Research & Development,7,3,Life Sciences,1,1222,Male,1,Sales Executive,Married,92040,6.0,Y,23,8,1,17.0,2,7,7,7
9.695691655510833,17,3,3,3.0,2.0,2.0,32,Travel_Rarely,Research & Development,1,4,Medical,1,734,Male,5,Research Director,Married,191890,0.0,Y,12,8,1,4.0,3,3,1,2
10.066420124944166,6,3,3,4.0,4.0,3.0,27,Travel_Rarely,Research & Development,2,4,Life Sciences,1,2209,Male,1,Human Resources,Married,37080,1.0,Y,16,8,2,6.0,2,6,4,4
7.473160419455556,11,1,3,2.0,2.0,1.0,41,Travel_Rarely,Research & Development,3,3,Life Sciences,1,3977,Male,3,Research Scientist,Single,35970,3.0,Y,13,8,1,11.0,2,3,1,2
6.646362115126944,11,3,4,4.0,3.0,2.0,32,Travel_Rarely,Sales,2,3,Marketing,1,2989,Male,2,Laboratory Technician,Married,27060,1.0,Y,21,8,1,13.0,4,13,4,8
7.106880856760278,13,3,3,1.0,2.0,3.0,35,Travel_Rarely,Human Resources,3,4,Human Resources,1,1223,Male,2,Manager,Married,32940,0.0,Y,11,8,0,6.0,2,5,0,3
7.366888665774167,17,3,3,4.0,1.0,,56,Travel_Rarely,Research & Development,4,3,Technical Degree,1,2584,Female,2,Sales Executive,Married,198470,4.0,Y,14,8,0,6.0,6,0,0,0
8.653741633199445,17,4,3,3.0,2.0,2.0,44,Travel_Frequently,Sales,10,4,Life Sciences,1,2492,Male,1,Research Scientist,Divorced,28440,1.0,Y,12,8,0,6.0,2,5,2,3
7.648549754573611,8,3,3,1.0,4.0,3.0,40,Travel_Rarely,Sales,1,4,Marketing,1,3468,Male,1,Sales Executive,Married,48690,4.0,Y,12,8,0,14.0,2,11,11,1
8.730986166889723,5,3,3,4.0,1.0,3.0,54,Travel_Rarely,Research & Development,18,4,Medical,1,318,Female,2,Laboratory Technician,Divorced,49630,9.0,Y,15,8,1,9.0,2,5,1,4
6.571873047746389,12,3,3,1.0,3.0,3.0,40,Travel_Frequently,Sales,9,3,Marketing,1,3284,Male,3,Manufacturing Director,Single,22380,6.0,Y,14,8,0,10.0,3,1,0,0
6.442286925479444,20,4,4,4.0,2.0,3.0,43,Travel_Rarely,Research & Development,1,1,Other,1,3816,Male,1,Manager,Divorced,46780,5.0,Y,25,8,1,8.0,0,6,0,2
9.733267514502222,19,4,3,3.0,2.0,3.0,32,Travel_Rarely,Research & Development,1,3,Life Sciences,1,1532,Male,3,Research Scientist,Married,26620,1.0,Y,11,8,1,13.0,6,13,11,9
6.505387103971389,6,4,3,3.0,3.0,3.0,35,Non-Travel,Research & Development,2,1,Medical,1,1728,Male,1,Research Scientist,Married,187400,1.0,Y,19,8,1,1.0,2,1,0,0
7.126818384649445,10,4,3,4.0,4.0,3.0,27,Travel_Frequently,Research & Development,26,4,Medical,1,3657,Female,1,Research Director,Single,46470,3.0,Y,17,8,0,8.0,3,6,0,0
6.4300457385094445,10,3,3,2.0,2.0,2.0,42,Travel_Rarely,Human Resources,1,3,Other,1,3946,Female,1,Healthcare Representative,Divorced,174650,8.0,Y,13,8,1,7.0,3,5,0,4
6.981953369031666,12,1,3,4.0,4.0,3.0,35,Travel_Rarely,Sales,1,2,Life Sciences,1,3387,Female,2,Healthcare Representative,Divorced,109380,6.0,Y,14,8,2,12.0,2,10,0,8
9.923053324408611,11,2,3,4.0,3.0,3.0,35,Travel_Rarely,Research & Development,4,3,Life Sciences,1,4105,Male,2,Healthcare Representative,Married,78980,7.0,Y,15,8,0,5.0,2,2,2,2
7.214694332886944,17,4,4,4.0,4.0,2.0,50,Travel_Rarely,Research & Development,11,2,Life Sciences,1,4386,Male,2,Sales Executive,Divorced,62940,3.0,Y,23,8,1,32.0,2,7,0,6
5.835689424363889,15,3,3,4.0,2.0,3.0,27,Travel_Rarely,Sales,2,3,Life Sciences,1,3056,Male,1,Sales Executive,Divorced,23670,1.0,Y,12,8,1,5.0,2,5,0,4
9.198874386434445,10,3,3,2.0,3.0,2.0,50,Travel_Rarely,Research & Development,5,4,Life Sciences,1,3449,Male,1,Sales Executive,Married,118780,2.0,Y,13,8,1,29.0,2,8,7,7
7.889064033913334,16,2,4,3.0,3.0,4.0,35,Travel_Frequently,Sales,7,2,Life Sciences,1,1199,Male,2,Manufacturing Director,Married,32290,1.0,Y,25,8,0,10.0,2,10,0,2
7.348496207050278,21,3,3,4.0,1.0,2.0,23,Travel_Frequently,Research & Development,2,4,Life Sciences,1,1181,Female,2,Manufacturing Director,Married,61790,1.0,Y,11,8,0,1.0,3,1,1,0
7.064726684515834,21,3,4,3.0,2.0,3.0,36,Travel_Rarely,Sales,6,3,Medical,1,336,Female,2,Sales Executive,Married,42000,0.0,Y,22,8,0,10.0,3,9,0,5
9.816287371708889,11,3,3,2.0,2.0,3.0,46,Travel_Rarely,Research & Development,9,3,Medical,1,1292,Male,3,Manager,Divorced,164370,8.0,Y,15,8,1,16.0,0,4,0,2
6.038788487282222,13,4,3,3.0,2.0,3.0,40,Travel_Frequently,Research & Development,10,4,Medical,1,1795,Male,2,Manufacturing Director,Married,65670,1.0,Y,13,8,1,8.0,3,8,3,7
7.68656626506,15,2,3,3.0,4.0,3.0,30,Travel_Frequently,Sales,3,2,Marketing,1,3068,Male,3,Research Scientist,Single,11290,9.0,Y,19,8,0,3.0,2,1,0,0
6.249586122266667,18,3,4,3.0,2.0,4.0,33,Non-Travel,Sales,7,3,Life Sciences,1,2804,Male,2,Sales Executive,Married,112450,0.0,Y,21,8,0,8.0,3,7,0,7
6.106440205265278,8,3,3,3.0,1.0,3.0,31,Travel_Frequently,Research & Development,5,2,Technical Degree,1,3409,Male,2,Sales Executive,Married,65020,1.0,Y,12,8,0,4.0,3,4,0,3
7.041122266845,13,3,4,4.0,2.0,2.0,36,Travel_Frequently,Sales,25,3,Marketing,1,2855,Female,2,Research Director,Single,55050,4.0,Y,21,8,2,13.0,3,8,7,2
6.919458946898611,7,4,3,4.0,2.0,3.0,35,Travel_Rarely,Research & Development,1,3,Life Sciences,1,1860,Male,3,Healthcare Representative,Married,167920,3.0,Y,12,8,1,16.0,3,13,4,8
7.493730477465278,16,4,3,4.0,3.0,,42,Travel_Rarely,Research & Development,23,4,Other,1,1954,Male,1,Research Scientist,Married,23730,6.0,Y,14,8,1,21.0,3,1,0,0
6.7336758143683335,17,3,3,2.0,1.0,3.0,40,Travel_Rarely,Research & Development,1,4,Life Sciences,1,2517,Male,2,Manager,Divorced,199430,2.0,Y,13,8,1,15.0,3,7,7,7
6.296250557786666,11,2,3,3.0,3.0,3.0,31,Travel_Frequently,Research & Development,2,1,Life Sciences,1,3008,Female,1,Manager,Married,97130,1.0,Y,17,8,0,10.0,5,10,8,9
10.312356091030555,2,3,3,3.0,2.0,2.0,32,Travel_Rarely,Research & Development,1,4,Medical,1,2204,Male,5,Research Director,Married,191890,0.0,Y,12,8,1,4.0,3,3,1,2
6.126645470771945,14,3,3,4.0,1.0,3.0,40,Travel_Rarely,Research & Development,1,4,Life Sciences,1,875,Male,2,Laboratory Technician,Married,69320,1.0,Y,13,8,0,5.0,5,5,1,2
7.195122713074444,17,3,3,4.0,1.0,3.0,20,Travel_Rarely,Research & Development,1,3,Life Sciences,1,3880,Male,1,Sales Representative,Single,47770,1.0,Y,18,8,1,2.0,3,2,0,2
10.010069165550833,7,3,3,4.0,4.0,3.0,27,Travel_Rarely,Research & Development,2,4,Life Sciences,1,3679,Male,1,Human Resources,Married,37080,1.0,Y,16,8,2,6.0,2,6,4,4
6.777565818830833,15,3,3,3.0,4.0,3.0,59,Non-Travel,Research & Development,12,2,Life Sciences,1,1318,Male,2,Sales Executive,Married,47230,9.0,Y,14,8,0,30.0,0,3,2,2
9.444146586345278,9,3,3,3.0,4.0,3.0,36,Travel_Rarely,Research & Development,10,3,Medical,1,1906,Male,3,Sales Executive,Married,22320,1.0,Y,12,8,1,16.0,2,16,3,7
5.784857206604166,9,3,3,4.0,4.0,2.0,37,Travel_Rarely,Sales,1,4,Life Sciences,1,1553,Male,2,Healthcare Representative,Divorced,133480,7.0,Y,14,8,0,8.0,4,6,0,4
6.691050870147222,21,3,3,1.0,4.0,3.0,27,Travel_Rarely,Research & Development,3,3,Life Sciences,1,3422,Male,2,Human Resources,Married,31610,0.0,Y,13,8,2,4.0,0,3,2,2
7.252043730477222,6,3,4,3.0,4.0,2.0,45,Travel_Rarely,Research & Development,2,1,Technical Degree,1,4294,Female,2,Healthcare Representative,Single,57680,5.0,Y,23,8,1,9.0,4,6,0,3
6.726800535475,7,3,3,4.0,3.0,3.0,46,Travel_Rarely,Research & Development,28,3,Medical,1,3406,Female,3,Human Resources,Divorced,190450,6.0,Y,11,8,3,13.0,2,8,0,7
7.950911423471389,13,3,3,1.0,2.0,4.0,19,Non-Travel,Sales,2,2,Other,1,635,Male,3,Healthcare Representative,Single,98240,1.0,Y,18,8,0,1.0,2,1,0,0
5.562235609103055,21,4,3,3.0,4.0,3.0,26,Travel_Frequently,Sales,16,2,Life Sciences,1,1104,Male,2,Healthcare Representative,Married,83800,,Y,14,8,0,8.0,3,7,7,7
7.444561579651666,18,3,4,3.0,3.0,3.0,26,Travel_Frequently,Research & Development,22,4,Other,1,3297,Female,1,Sales Executive,Married,20240,1.0,Y,23,8,0,8.0,2,8,1,7
6.825716198125833,18,3,3,4.0,3.0,3.0,34,Travel_Rarely,Sales,1,3,Medical,1,2659,Female,1,Laboratory Technician,Married,62320,1.0,Y,13,8,1,8.0,3,8,1,7
5.762430834448889,11,3,3,4.0,4.0,2.0,37,Travel_Rarely,Sales,1,4,Life Sciences,1,3023,Male,2,Healthcare Representative,Divorced,133480,7.0,Y,14,8,0,8.0,4,6,0,4
8.546011825078056,4,3,3,2.0,4.0,2.0,43,Travel_Rarely,Research & Development,10,5,Technical Degree,1,232,Female,2,Sales Executive,Divorced,26830,4.0,Y,11,8,0,21.0,3,1,0,0
10.262244533690279,3,2,3,3.0,4.0,4.0,40,Travel_Rarely,Research & Development,23,3,Medical,1,4356,Female,1,Laboratory Technician,Married,45020,8.0,Y,12,8,2,15.0,0,7,3,7
7.532430834448889,15,4,3,2.0,1.0,3.0,29,Travel_Rarely,Research & Development,16,2,Life Sciences,1,4168,Female,4,Laboratory Technician,Divorced,36460,1.0,Y,14,8,0,10.0,3,10,8,8
7.4107429718875,19,2,3,1.0,1.0,3.0,33,Travel_Rarely,Research & Development,23,5,Life Sciences,1,1804,Male,1,Human Resources,Single,86390,5.0,Y,16,8,2,6.0,3,3,0,2
5.913382418563056,11,3,3,3.0,4.0,3.0,35,Travel_Rarely,Research & Development,10,1,Medical,1,2723,Male,1,Research Scientist,Divorced,57650,1.0,Y,14,8,1,1.0,2,1,0,0
7.643770638107778,5,3,3,3.0,1.0,3.0,36,Travel_Rarely,Sales,2,4,Technical Degree,1,3435,Male,4,Sales Executive,Single,54820,1.0,Y,18,8,0,18.0,3,17,15,14
6.205682730923611,17,3,3,1.0,3.0,1.0,39,Travel_Frequently,Research & Development,2,3,Technical Degree,1,902,Female,2,Manager,Single,131940,0.0,Y,11,8,0,10.0,2,9,3,8
5.692332663989166,17,3,3,4.0,1.0,3.0,27,Travel_Rarely,Research & Development,2,1,Life Sciences,1,2362,Male,4,Research Scientist,Divorced,44470,1.0,Y,13,8,0,7.0,4,7,0,7
8.207006916555,6,2,3,3.0,4.0,3.0,45,Travel_Rarely,Research & Development,17,2,Medical,1,2951,Male,2,Laboratory Technician,Married,79910,0.0,Y,13,8,2,21.0,2,20,4,10
9.023644578313055,17,1,3,1.0,1.0,3.0,35,Travel_Rarely,Research & Development,2,3,Medical,1,853,Female,1,Research Scientist,Divorced,25320,1.0,Y,13,8,0,1.0,2,1,0,0
5.98177264614,17,3,3,2.0,3.0,2.0,35,Travel_Rarely,Sales,4,3,Medical,1,2343,Female,2,Laboratory Technician,Married,74030,1.0,Y,12,8,1,10.0,4,10,6,8
7.709982150825278,20,2,3,2.0,4.0,4.0,18,Travel_Frequently,Research & Development,3,5,Medical,1,2366,Male,1,Research Director,Single,24790,,Y,12,8,1,0.0,2,0,0,0
6.675439535921389,12,4,3,4.0,1.0,1.0,48,Travel_Rarely,Research & Development,8,1,Medical,1,3175,Male,2,Laboratory Technician,Married,53760,7.0,Y,13,8,1,21.0,3,3,0,2
9.545198572065834,16,3,3,4.0,1.0,3.0,34,Non-Travel,Research & Development,27,2,Life Sciences,1,4036,Female,1,Sales Representative,Married,36920,1.0,Y,12,8,1,5.0,5,5,3,0
9.914447791164445,14,2,3,1.0,3.0,3.0,30,Travel_Rarely,Sales,2,3,Life Sciences,1,463,Male,2,Healthcare Representative,Married,40000,4.0,Y,12,8,0,7.0,5,5,0,1
6.158890004462222,21,3,4,1.0,2.0,3.0,29,Travel_Rarely,Research & Development,18,3,Life Sciences,1,2948,Male,2,Sales Executive,Married,31430,2.0,Y,22,8,3,10.0,2,0,0,0
7.589734493529445,4,3,3,3.0,2.0,3.0,35,Travel_Rarely,Research & Development,29,3,Life Sciences,1,3055,Female,3,Sales Executive,Single,50030,9.0,Y,15,8,0,10.0,2,1,0,0
7.235288933511667,18,2,3,1.0,4.0,3.0,47,Travel_Rarely,Research & Development,1,3,Technical Degree,1,1641,Male,5,Manufacturing Director,Divorced,135700,5.0,Y,16,8,2,20.0,2,5,0,4
6.085662650602222,11,3,3,2.0,3.0,2.0,33,Travel_Rarely,Sales,1,3,Life Sciences,1,2576,Female,5,Sales Executive,Single,12230,1.0,Y,13,8,1,10.0,3,10,0,9
6.978504016064167,5,1,3,4.0,2.0,3.0,29,Travel_Frequently,Research & Development,8,1,Medical,1,815,Male,1,Research Scientist,Married,40370,0.0,Y,14,8,0,4.0,2,3,0,2
5.794907407407222,20,2,3,3.0,4.0,3.0,20,Travel_Rarely,Research & Development,18,4,Medical,1,3559,Male,1,Human Resources,Single,84120,1.0,Y,13,8,0,2.0,2,2,2,2
8.5502097278,10,3,3,3.0,1.0,3.0,45,Travel_Rarely,Sales,29,2,Technical Degree,1,2355,Female,2,Research Scientist,Single,29730,1.0,Y,12,8,0,10.0,2,10,1,4
6.615657072735278,13,3,3,3.0,3.0,3.0,29,Travel_Rarely,Sales,10,2,Life Sciences,1,2276,Female,1,Sales Executive,Divorced,128080,1.0,Y,13,8,0,10.0,6,10,0,4
6.871410084783333,7,3,3,3.0,1.0,3.0,43,Travel_Frequently,Research & Development,5,3,Medical,1,2025,Female,2,Laboratory Technician,Married,96990,8.0,Y,19,8,1,18.0,3,8,0,1
9.669735609103055,18,3,4,4.0,3.0,4.0,30,Non-Travel,Sales,25,4,Other,1,3037,Male,1,Healthcare Representative,Married,53800,7.0,Y,21,8,1,4.0,0,2,2,2
6.3529283801872225,19,3,3,4.0,2.0,3.0,41,Travel_Rarely,Research & Development,29,1,Life Sciences,1,1513,Male,1,Laboratory Technician,Single,23790,1.0,Y,12,8,0,22.0,6,22,0,4
8.99700245426139,8,3,3,4.0,1.0,3.0,55,Travel_Rarely,Research & Development,14,4,Life Sciences,1,1483,Female,1,Sales Executive,Single,55380,0.0,Y,17,8,0,37.0,2,36,4,13
6.069919678714722,9,2,3,2.0,4.0,2.0,36,Travel_Rarely,Research & Development,22,4,Life Sciences,1,2666,Male,1,Healthcare Representative,Married,29500,4.0,Y,14,8,0,8.0,1,6,0,0
7.256156849620556,14,3,3,3.0,2.0,1.0,47,Non-Travel,Research & Development,3,2,Life Sciences,1,977,Female,2,Sales Executive,Married,39550,7.0,Y,12,8,1,4.0,5,1,0,0
5.637102855867778,23,3,3,4.0,2.0,3.0,27,Travel_Rarely,Sales,2,3,Life Sciences,1,1586,Male,1,Sales Executive,Divorced,23670,1.0,Y,12,8,1,5.0,2,5,0,4
6.233736055332222,8,3,3,3.0,3.0,3.0,29,Travel_Rarely,Research & Development,1,2,Medical,1,3229,Female,1,Sales Executive,Single,106730,1.0,Y,13,8,3,1.0,2,1,0,0
6.927836903168055,6,3,3,3.0,2.0,3.0,27,Travel_Rarely,Research & Development,20,4,Other,1,3400,Male,2,Manufacturing Director,Married,34850,9.0,Y,17,8,2,4.0,2,2,2,2
6.437904953145833,20,1,3,1.0,4.0,3.0,27,Travel_Rarely,Sales,9,3,Marketing,1,1725,Male,5,Research Director,Single,59930,0.0,Y,14,8,1,5.0,3,4,1,1
5.866026327532222,18,3,4,1.0,4.0,3.0,26,Travel_Rarely,Research & Development,2,2,Other,1,2211,Male,3,Laboratory Technician,Single,53040,0.0,Y,20,8,1,5.0,2,4,1,1
5.710753012048055,12,3,3,3.0,2.0,3.0,34,Travel_Rarely,Sales,4,3,Marketing,1,1327,Female,2,Sales Representative,Divorced,50630,6.0,Y,12,8,1,12.0,2,1,0,0
6.178722668451389,12,3,3,1.0,1.0,3.0,25,Travel_Rarely,Research & Development,5,2,Life Sciences,1,3088,Female,3,Laboratory Technician,Married,26600,5.0,Y,13,8,0,6.0,3,2,0,2
7.295871262828889,12,3,3,3.0,4.0,3.0,35,Travel_Frequently,Research & Development,6,4,Medical,1,2215,Female,2,Research Director,Single,61420,2.0,Y,15,8,1,10.0,2,2,2,2
6.6252933958052775,7,3,3,3.0,4.0,4.0,33,Travel_Rarely,Research & Development,2,2,Medical,1,2859,Male,1,Sales Executive,Single,24400,0.0,Y,18,8,3,4.0,4,3,0,2
9.019934181168889,5,3,3,3.0,4.0,3.0,25,Travel_Frequently,Research & Development,1,1,Life Sciences,1,654,Male,1,Manufacturing Director,Single,109320,1.0,Y,11,8,1,1.0,3,1,1,0
7.150153949129722,8,2,4,4.0,4.0,2.0,50,Travel_Rarely,Sales,10,1,Life Sciences,1,3397,Female,1,Manufacturing Director,Divorced,52490,9.0,Y,21,8,2,32.0,2,5,1,3
7.8621485943775,16,2,4,3.0,3.0,3.0,34,Travel_Rarely,Research & Development,13,4,Life Sciences,1,237,Female,1,Laboratory Technician,Divorced,23410,1.0,Y,20,8,2,8.0,3,8,0,6
8.155787594823611,11,2,3,3.0,3.0,3.0,25,Travel_Rarely,Sales,10,1,Marketing,1,2790,Male,2,Research Director,Single,82370,1.0,Y,13,8,0,6.0,6,6,0,3
6.445033467201944,22,3,4,4.0,3.0,3.0,35,Travel_Rarely,Research & Development,5,3,Medical,1,2053,Male,1,Healthcare Representative,Married,57150,6.0,Y,24,8,2,10.0,0,8,1,7
10.218195002231111,6,2,4,4.0,2.0,3.0,35,Travel_Rarely,Sales,2,1,Technical Degree,1,1088,Male,2,Laboratory Technician,Married,18590,0.0,Y,25,8,1,4.0,2,3,0,2
6.194441097724167,22,4,3,3.0,1.0,2.0,26,Travel_Rarely,Research & Development,2,2,Life Sciences,1,2599,Male,2,Research Scientist,Single,20800,0.0,Y,13,8,0,8.0,6,7,7,6
7.019018295403611,19,3,4,3.0,1.0,3.0,55,Travel_Rarely,Research & Development,3,2,Life Sciences,1,3947,Female,1,Sales Executive,Married,73510,8.0,Y,20,8,1,34.0,3,1,0,0
8.656019634091667,4,2,3,3.0,1.0,3.0,35,Travel_Rarely,Human Resources,3,2,Life Sciences,1,2740,Female,1,Laboratory Technician,Married,63880,3.0,Y,13,8,0,4.0,6,2,2,2
6.624929718875277,19,2,4,4.0,2.0,3.0,49,Travel_Rarely,Sales,2,2,Medical,1,564,Female,1,Sales Executive,Married,63800,6.0,Y,23,8,1,22.0,1,9,2,3
7.096918786256111,19,2,3,3.0,3.0,3.0,29,Travel_Rarely,Research & Development,10,3,Other,1,3277,Male,1,Research Scientist,Married,34520,1.0,Y,11,8,0,10.0,3,10,0,7
5.738660196340834,11,2,3,1.0,3.0,3.0,22,Travel_Rarely,Research & Development,2,2,Medical,1,1711,Female,2,Laboratory Technician,Married,195450,0.0,Y,14,8,0,3.0,3,2,2,2
5.719487951807222,14,3,3,3.0,4.0,3.0,39,Travel_Frequently,Research & Development,19,4,Medical,1,1539,Female,1,Research Scientist,Married,20620,1.0,Y,13,8,0,21.0,4,21,13,3
6.468955823293055,17,2,3,3.0,4.0,3.0,45,Travel_Rarely,Research & Development,18,1,Life Sciences,1,2927,Female,2,Sales Representative,Married,58110,0.0,Y,14,8,0,25.0,4,24,1,7
7.548750557786667,11,3,4,3.0,4.0,4.0,34,Travel_Rarely,Research & Development,10,4,Other,1,3666,Female,2,Laboratory Technician,Single,74120,1.0,Y,24,8,0,14.0,4,14,4,11
8.936734716644168,9,3,3,4.0,1.0,3.0,55,Travel_Rarely,Research & Development,14,4,Life Sciences,1,2953,Female,1,Sales Executive,Single,55380,0.0,Y,17,8,0,37.0,2,36,4,13
6.156912092815555,17,3,3,4.0,4.0,2.0,36,Travel_Rarely,Research & Development,4,2,Life Sciences,1,516,Female,2,Human Resources,Single,44780,0.0,Y,18,8,1,15.0,3,14,7,8
6.378786256135555,15,3,3,2.0,2.0,,45,Travel_Rarely,Sales,1,4,Technical Degree,1,4306,Male,1,Research Scientist,Divorced,25800,8.0,Y,17,8,3,20.0,3,17,0,15
5.796986836233611,16,3,3,4.0,1.0,1.0,37,Travel_Rarely,Research & Development,24,3,Life Sciences,1,3974,Male,1,Laboratory Technician,Single,137580,1.0,Y,11,8,1,10.0,5,10,0,8
7.149525881302778,18,3,4,1.0,3.0,3.0,25,Travel_Rarely,Research & Development,25,2,Life Sciences,1,4408,Male,2,Sales Executive,Married,37020,0.0,Y,20,8,0,5.0,4,4,1,2
6.483514056224722,18,3,3,4.0,3.0,3.0,41,Travel_Rarely,Sales,6,4,Marketing,1,2431,Male,1,Research Scientist,Single,28210,1.0,Y,17,8,0,10.0,3,10,8,7
8.892337126282778,6,2,4,4.0,4.0,3.0,20,Travel_Frequently,Sales,8,3,Marketing,1,519,Male,3,Sales Executive,Single,34640,1.0,Y,20,8,0,2.0,3,2,0,2
7.97500334672,18,2,3,4.0,4.0,2.0,29,Travel_Frequently,Research & Development,13,2,Life Sciences,1,4015,Female,1,Laboratory Technician,Single,52200,1.0,Y,17,8,0,1.0,3,1,1,0
7.542354975457222,9,3,3,2.0,3.0,3.0,49,Travel_Rarely,Sales,2,3,Technical Degree,1,118,Male,2,Manufacturing Director,Single,52040,8.0,Y,14,8,1,26.0,3,5,0,0
9.369184515841111,6,3,3,4.0,3.0,4.0,38,Travel_Rarely,Research & Development,2,4,Life Sciences,1,2374,Female,3,Sales Executive,Married,50790,3.0,Y,11,8,0,10.0,3,5,0,2
6.0382708612225,14,3,3,2.0,3.0,3.0,36,Travel_Rarely,Research & Development,1,3,Medical,1,3067,Female,5,Healthcare Representative,Married,196360,1.0,Y,12,8,1,10.0,3,10,9,0
5.7161970102630555,15,3,3,1.0,3.0,2.0,36,Travel_Rarely,Research & Development,7,2,Life Sciences,1,504,Female,1,Research Scientist,Divorced,56600,7.0,Y,12,8,0,9.0,3,1,0,0
10.051653279785555,15,3,3,1.0,2.0,2.0,32,Travel_Rarely,Human Resources,22,3,Human Resources,1,1229,Female,2,Research Director,Divorced,74460,0.0,Y,19,8,0,7.0,3,6,0,5
6.719713297634722,12,2,3,4.0,4.0,2.0,54,Travel_Rarely,Sales,27,4,Medical,1,3988,Male,1,Research Scientist,Married,31310,4.0,Y,14,8,0,14.0,3,7,1,7
5.719818161535,19,3,3,4.0,1.0,2.0,26,Travel_Rarely,Research & Development,15,2,Life Sciences,1,316,Male,2,Laboratory Technician,Single,26130,6.0,Y,19,8,1,6.0,2,4,1,2
8.295543284248055,6,3,4,4.0,4.0,2.0,47,Travel_Rarely,Research & Development,2,3,Life Sciences,1,3348,Male,2,Manufacturing Director,Single,99810,1.0,Y,21,8,1,3.0,3,3,1,2
5.966788264167778,13,2,4,4.0,3.0,2.0,29,Non-Travel,Sales,22,4,Marketing,1,3032,Male,2,Human Resources,Married,57360,1.0,Y,22,8,0,4.0,1,4,0,2
8.071975680499722,15,2,3,4.0,4.0,2.0,29,Travel_Frequently,Research & Development,13,2,Life Sciences,1,1075,Female,1,Laboratory Technician,Single,52200,1.0,Y,17,8,0,1.0,3,1,1,0
10.675884649709722,3,3,4,,2.0,3.0,31,Travel_Rarely,Research & Development,1,3,Life Sciences,1,112,Male,4,Human Resources,Single,28670,0.0,Y,24,8,0,3.0,5,2,2,2
7.725267737616944,18,2,4,3.0,4.0,3.0,31,Travel_Rarely,Sales,9,4,Life Sciences,1,1101,Female,1,Sales Executive,Divorced,161240,2.0,Y,23,8,1,8.0,2,5,1,4
7.862736501561667,5,4,3,3.0,3.0,2.0,37,Travel_Rarely,Research & Development,29,4,Technical Degree,1,2371,Male,1,Laboratory Technician,Married,78800,3.0,Y,12,8,1,9.0,2,4,0,2
7.670558902275555,7,1,3,4.0,4.0,2.0,32,Travel_Rarely,Research & Development,2,3,Life Sciences,1,1740,Male,5,Research Scientist,Single,30380,1.0,Y,11,8,0,10.0,5,10,0,8
9.43213966979,14,4,3,3.0,4.0,3.0,46,Travel_Rarely,Sales,3,4,Marketing,1,2490,Female,1,Sales Representative,Divorced,42720,7.0,Y,13,8,0,24.0,3,2,2,2
6.557103971441111,10,3,4,1.0,1.0,3.0,31,Travel_Rarely,Sales,7,4,Marketing,1,53,Male,2,Sales Executive,Married,132250,3.0,Y,21,8,1,9.0,2,2,1,0
6.542738732708611,6,3,3,3.0,4.0,4.0,37,Travel_Rarely,Research & Development,1,3,Life Sciences,1,1486,Male,2,Healthcare Representative,Married,53460,4.0,Y,11,8,0,7.0,2,5,0,1
6.901695671575,17,3,4,4.0,4.0,2.0,34,Travel_Rarely,Research & Development,3,2,Technical Degree,1,3641,Male,2,Research Director,Divorced,26590,0.0,Y,24,8,3,10.0,2,9,1,6
7.405392681838333,8,3,3,3.0,3.0,3.0,54,Travel_Rarely,Research & Development,2,4,Medical,1,174,Male,2,Human Resources,Single,89380,7.0,Y,11,8,3,19.0,2,1,0,0
5.680264390896666,13,3,3,4.0,1.0,3.0,35,Travel_Rarely,Research & Development,2,3,Life Sciences,1,3845,Male,3,Healthcare Representative,Married,23210,9.0,Y,12,8,1,15.0,0,13,6,0
6.297728692547778,6,4,3,3.0,2.0,3.0,40,Travel_Frequently,Research & Development,10,4,Medical,1,325,Male,2,Manufacturing Director,Married,65670,1.0,Y,13,8,1,8.0,3,8,3,7
6.8909248103525,10,2,4,4.0,2.0,3.0,49,Travel_Rarely,Sales,2,2,Medical,1,2034,Female,1,Sales Executive,Married,63800,6.0,Y,23,8,1,22.0,1,9,2,3
9.085352521195833,13,4,4,4.0,2.0,3.0,55,Non-Travel,Research & Development,27,3,Life Sciences,1,3597,Female,2,Manager,Divorced,48590,1.0,Y,24,8,1,34.0,3,33,15,0
5.706191432396111,16,2,3,4.0,3.0,3.0,25,Travel_Frequently,Sales,5,1,Marketing,1,917,Male,4,Manufacturing Director,Divorced,139730,1.0,Y,14,8,0,7.0,3,7,0,7
7.016642124051667,18,2,3,3.0,2.0,3.0,46,Travel_Rarely,Research & Development,6,3,Medical,1,2444,Male,4,Sales Executive,Single,46150,6.0,Y,12,8,0,19.0,3,10,0,9
6.620523203926667,16,3,3,4.0,4.0,3.0,36,Travel_Rarely,Research & Development,28,1,Life Sciences,1,1482,Male,1,Laboratory Technician,Married,33770,0.0,Y,12,8,2,16.0,2,15,10,11
5.430426149040556,23,3,3,1.0,3.0,3.0,39,Travel_Rarely,Research & Development,26,1,Medical,1,3632,Male,2,Healthcare Representative,Single,34470,0.0,Y,14,8,0,9.0,5,8,1,7
7.276614234716389,14,3,3,2.0,3.0,3.0,27,Travel_Rarely,Research & Development,1,3,Medical,1,3353,Male,1,Research Scientist,Single,20580,1.0,Y,14,8,1,1.0,5,1,0,0
5.7102721999105555,12,4,3,3.0,1.0,3.0,35,Travel_Rarely,Research & Development,2,4,Medical,1,4229,Male,2,Healthcare Representative,Single,101240,0.0,Y,14,8,1,16.0,2,15,2,8
7.486613119143056,16,2,3,4.0,1.0,3.0,32,Travel_Rarely,Human Resources,12,2,Human Resources,1,4254,Female,1,Sales Representative,Single,20610,1.0,Y,15,8,1,1.0,2,1,0,0
10.012292503346666,16,3,3,1.0,2.0,2.0,32,Travel_Rarely,Human Resources,22,3,Human Resources,1,2699,Female,2,Research Director,Divorced,74460,0.0,Y,19,8,0,7.0,3,6,0,5
7.678292057117222,4,4,3,2.0,3.0,3.0,35,Travel_Rarely,Research & Development,10,1,Life Sciences,1,2313,Male,1,Healthcare Representative,Married,109030,0.0,Y,11,8,0,6.0,3,5,4,2
7.063728246318333,17,3,3,1.0,3.0,2.0,44,Travel_Frequently,Research & Development,5,3,Life Sciences,1,3734,Female,5,Manufacturing Director,Married,43820,7.0,Y,16,8,2,11.0,2,1,0,0
7.466047523426944,10,3,3,3.0,1.0,3.0,36,Travel_Rarely,Sales,2,4,Technical Degree,1,1965,Male,4,Sales Executive,Single,54820,1.0,Y,18,8,0,18.0,3,17,15,14
7.229529228023056,16,2,3,3.0,3.0,3.0,29,Travel_Rarely,Research & Development,10,3,Other,1,337,Male,1,Research Scientist,Married,34520,1.0,Y,11,8,0,10.0,3,10,0,7
6.981521642123889,3,2,3,4.0,2.0,3.0,29,Travel_Rarely,Sales,20,3,Marketing,1,1768,Female,2,Manager,Divorced,29260,1.0,Y,15,8,1,2.0,3,2,2,2
6.46844042838,9,3,3,3.0,1.0,3.0,30,Non-Travel,Research & Development,2,4,Life Sciences,1,3106,Female,3,Research Scientist,Married,51310,0.0,Y,15,8,1,10.0,2,9,7,8
6.255660419455555,6,3,4,4.0,4.0,2.0,27,Travel_Frequently,Research & Development,7,3,Life Sciences,1,913,Male,1,Research Scientist,Single,28110,2.0,Y,20,8,0,6.0,3,4,1,2
10.937261267291111,2,4,3,4.0,3.0,3.0,33,Travel_Rarely,Research & Development,8,2,Life Sciences,1,2121,Female,2,Research Scientist,Divorced,161840,0.0,Y,13,8,1,10.0,2,9,0,8
7.831948906738056,10,3,3,3.0,1.0,3.0,21,Travel_Rarely,Sales,10,5,Medical,1,1179,Male,3,Research Scientist,Single,66870,1.0,Y,19,8,3,2.0,0,2,1,2
10.323009817045833,11,3,3,4.0,2.0,3.0,38,Travel_Frequently,Research & Development,4,2,Medical,1,2586,Female,1,Manager,Divorced,44440,1.0,Y,13,8,0,20.0,2,20,0,7
6.167761044176666,14,3,3,1.0,1.0,1.0,29,Travel_Rarely,Research & Development,5,3,Life Sciences,1,3760,Female,2,Research Scientist,Single,109340,6.0,Y,17,8,2,11.0,2,9,0,7
8.606446898705833,13,2,3,4.0,4.0,3.0,41,Travel_Rarely,Research & Development,1,3,Life Sciences,1,2898,Male,2,Human Resources,Single,68830,3.0,Y,19,8,2,16.0,3,1,0,0
7.161437974118611,18,3,3,3.0,2.0,3.0,32,Travel_Rarely,Research & Development,2,3,Medical,1,3034,Male,2,Research Scientist,Married,57470,1.0,Y,13,8,0,8.0,0,8,0,7
7.450123828647778,18,3,3,3.0,1.0,3.0,30,Travel_Rarely,Sales,7,3,Life Sciences,1,994,Male,3,Sales Executive,Divorced,23130,2.0,Y,11,8,0,12.0,5,7,1,7
8.339228023203889,13,2,3,1.0,3.0,4.0,52,Non-Travel,Research & Development,2,3,Technical Degree,1,1450,Male,1,Sales Executive,Single,45070,1.0,Y,14,8,0,33.0,3,33,15,12
6.242110664881666,13,2,3,2.0,1.0,3.0,38,Travel_Rarely,Sales,2,4,Life Sciences,1,2176,Female,1,Research Scientist,Divorced,107250,3.0,Y,18,8,0,11.0,5,7,1,7
6.792231146809445,14,2,3,3.0,1.0,2.0,49,Travel_Rarely,Research & Development,2,3,Life Sciences,1,2812,Female,1,Sales Executive,Married,47240,1.0,Y,11,8,1,16.0,3,15,5,11
7.45406291834,8,3,4,4.0,4.0,3.0,25,Travel_Rarely,Research & Development,26,3,Technical Degree,1,1321,Male,1,Laboratory Technician,Married,88530,1.0,Y,22,8,1,2.0,3,2,2,1
10.098014279339445,18,2,4,3.0,4.0,1.0,33,Travel_Rarely,Sales,11,4,Marketing,1,1447,Male,1,Research Scientist,Married,71400,5.0,Y,21,8,0,8.0,2,5,0,4
6.7476182507808335,15,2,3,1.0,1.0,2.0,38,Travel_Rarely,Research & Development,9,2,Technical Degree,1,2604,Male,3,Sales Representative,Single,23720,4.0,Y,12,8,0,20.0,3,1,0,0
6.6963163766175,19,3,3,4.0,4.0,2.0,27,Non-Travel,Sales,1,3,Technical Degree,1,1828,Female,1,Sales Executive,Married,27130,1.0,Y,11,8,0,0.0,2,0,0,0
7.427329317268889,6,3,4,2.0,4.0,4.0,38,Travel_Rarely,Research & Development,3,4,Life Sciences,1,4059,Female,1,Sales Representative,Divorced,44900,2.0,Y,21,8,1,10.0,1,5,0,3
5.809675368139167,16,4,3,3.0,2.0,3.0,50,Travel_Rarely,Research & Development,4,3,Life Sciences,1,1378,Female,2,Manufacturing Director,Single,43740,3.0,Y,15,8,1,21.0,5,5,4,4
8.280404953145833,9,3,3,2.0,4.0,3.0,60,Travel_Rarely,Sales,2,2,Life Sciences,1,2092,Male,2,Sales Executive,Divorced,25640,0.0,Y,14,8,1,12.0,3,11,1,9
5.895283355644723,23,3,3,3.0,3.0,3.0,48,Travel_Rarely,Sales,3,3,Medical,1,3419,Male,1,Research Director,Single,54150,7.0,Y,11,8,1,27.0,1,15,4,8
5.745110441766944,19,3,4,4.0,3.0,3.0,40,Travel_Rarely,Research & Development,11,3,Life Sciences,1,2869,Female,2,Sales Executive,Married,70050,1.0,Y,20,8,2,21.0,2,20,9,9
10.313203926818334,16,2,3,4.0,3.0,1.0,44,Travel_Frequently,Research & Development,1,2,Medical,1,2969,Male,2,Research Scientist,Divorced,103330,3.0,Y,14,8,1,19.0,2,1,0,0
7.429529228023055,16,3,4,4.0,4.0,3.0,26,Travel_Rarely,Sales,1,3,Marketing,1,1946,Female,2,Research Scientist,Married,175840,1.0,Y,20,8,0,8.0,2,8,1,3
7.822128514056111,6,3,4,3.0,4.0,3.0,25,Travel_Rarely,Research & Development,6,2,Medical,1,3568,Female,1,Laboratory Technician,Single,27680,0.0,Y,22,8,1,5.0,0,4,1,1
6.078872155287778,8,2,3,1.0,3.0,3.0,43,Travel_Rarely,Research & Development,1,3,Life Sciences,1,4013,Male,1,Manufacturing Director,Married,73790,7.0,Y,13,8,2,21.0,3,16,6,14
9.130344712181945,7,3,3,2.0,3.0,3.0,29,Travel_Rarely,Sales,3,3,Marketing,1,388,Male,3,Laboratory Technician,Divorced,59160,6.0,Y,12,8,0,5.0,2,3,0,2
9.215174029451111,7,2,3,4.0,1.0,3.0,36,Travel_Rarely,Research & Development,27,3,Technical Degree,1,3961,Female,4,Research Scientist,Married,50560,7.0,Y,12,8,0,15.0,2,12,5,7
6.339801427933889,7,3,3,3.0,3.0,4.0,53,Travel_Rarely,Research & Development,9,3,Technical Degree,1,444,Male,1,Manager,Divorced,39200,6.0,Y,16,8,1,22.0,3,17,15,2
6.933920124944167,19,3,3,3.0,3.0,3.0,40,Travel_Rarely,Research & Development,17,4,Life Sciences,1,2670,Male,1,Manager,Married,35780,2.0,Y,14,8,1,20.0,2,5,0,2
7.455109326193611,11,1,3,2.0,1.0,3.0,34,Travel_Rarely,Sales,15,2,Marketing,1,4177,Female,2,Research Scientist,Single,84630,2.0,Y,13,8,0,8.0,2,4,1,3
6.852800089245833,21,3,3,1.0,2.0,1.0,28,Travel_Rarely,Sales,2,4,Marketing,1,562,Male,1,Sales Executive,Married,93550,0.0,Y,11,8,0,6.0,4,5,0,4
8.8780087014725,16,3,3,4.0,3.0,3.0,50,Travel_Rarely,Research & Development,1,3,Technical Degree,1,3404,Female,2,Sales Executive,Married,134960,3.0,Y,18,8,1,22.0,3,12,1,5
5.869447791164444,13,2,3,3.0,1.0,3.0,28,Travel_Rarely,Research & Development,7,3,Medical,1,147,Male,3,Healthcare Representative,Divorced,119570,1.0,Y,13,8,0,10.0,2,10,1,8
6.571984605086945,13,3,3,4.0,1.0,3.0,31,Travel_Frequently,Research & Development,25,5,Technical Degree,1,4072,Female,2,Human Resources,Married,180610,1.0,Y,14,8,1,10.0,2,10,8,7
9.577612672913611,20,3,3,3.0,4.0,2.0,31,Travel_Rarely,Research & Development,6,3,Medical,1,1555,Female,3,Manager,Single,81030,1.0,Y,15,8,1,11.0,5,11,4,10
6.384019410977222,16,2,3,1.0,3.0,3.0,42,Travel_Frequently,Sales,10,3,Marketing,1,152,Female,2,Healthcare Representative,Divorced,28370,2.0,Y,13,8,1,19.0,0,5,0,2
9.467737617135,16,2,3,2.0,1.0,2.0,30,Travel_Rarely,Research & Development,4,3,Life Sciences,1,473,Female,5,Healthcare Representative,Married,56050,0.0,Y,12,8,1,9.0,0,8,1,7
10.611902052655,2,2,3,3.0,3.0,3.0,38,Travel_Rarely,Research & Development,6,2,Medical,1,550,Male,1,Research Scientist,Divorced,47360,0.0,Y,11,8,1,9.0,3,8,2,7
7.3064257028111115,15,2,3,2.0,4.0,3.0,29,Travel_Frequently,Sales,2,4,Life Sciences,1,3202,Male,4,Healthcare Representative,Divorced,64990,1.0,Y,18,8,3,10.0,3,10,2,8
6.426514948683611,7,3,3,4.0,3.0,3.0,42,Travel_Rarely,Sales,2,4,Medical,1,4008,Female,2,Research Director,Single,45390,4.0,Y,17,8,1,8.0,5,0,0,0
6.751685631414444,12,3,3,2.0,3.0,2.0,34,Travel_Rarely,Sales,1,1,Marketing,1,2047,Female,2,Laboratory Technician,Married,24760,1.0,Y,19,8,0,6.0,2,6,1,3
6.194173360106944,18,3,3,4.0,1.0,3.0,47,Travel_Rarely,Research & Development,2,3,Medical,1,1745,Female,5,Sales Executive,Single,50210,2.0,Y,17,8,0,20.0,3,7,1,7
6.561155734047222,9,3,3,2.0,1.0,3.0,45,Travel_Rarely,Research & Development,1,2,Medical,1,1280,Female,1,Sales Executive,Divorced,70830,2.0,Y,12,8,1,25.0,5,1,0,0
6.363640116019444,17,4,4,1.0,3.0,2.0,31,Travel_Rarely,Sales,25,2,Life Sciences,1,4043,Female,3,Manufacturing Director,Divorced,182130,8.0,Y,21,8,2,4.0,3,2,2,2
9.946910977242222,1,2,3,3.0,4.0,3.0,50,Travel_Frequently,Research & Development,6,3,Medical,1,3769,Male,1,Manager,Single,23420,1.0,Y,12,8,1,32.0,2,32,13,9
6.522910531012778,14,2,3,3.0,4.0,3.0,45,Travel_Rarely,Research & Development,18,1,Life Sciences,1,1457,Female,2,Sales Representative,Married,58110,0.0,Y,14,8,0,25.0,4,24,1,7
5.997226684515834,22,3,4,4.0,2.0,3.0,45,Travel_Rarely,Research & Development,1,4,Life Sciences,1,968,Male,1,Research Director,Single,29420,1.0,Y,22,8,1,21.0,4,21,8,6
7.605803212851389,9,3,3,1.0,3.0,2.0,27,Travel_Rarely,Sales,22,4,Medical,1,3168,Male,1,Sales Representative,Divorced,22060,0.0,Y,14,8,1,6.0,4,5,0,3
6.262623828647778,20,3,3,2.0,2.0,3.0,29,Travel_Rarely,Sales,4,3,Marketing,1,2462,Male,5,Research Scientist,Single,36910,1.0,Y,13,8,0,2.0,3,2,2,2
7.442112896028333,18,2,4,4.0,,4.0,43,Non-Travel,Research & Development,6,2,Medical,1,4346,Male,1,Healthcare Representative,Divorced,20280,4.0,Y,20,8,1,7.0,2,5,2,2
7.841347612672778,5,3,3,3.0,4.0,3.0,37,Travel_Rarely,Research & Development,23,3,Life Sciences,1,575,Male,3,Manufacturing Director,Divorced,166590,7.0,Y,16,8,1,,2,6,1,3
7.264441097724166,16,3,4,3.0,4.0,4.0,37,Non-Travel,Sales,24,2,Life Sciences,1,2787,Male,1,Research Scientist,Divorced,68150,5.0,Y,20,8,1,17.0,3,1,0,0
5.797856983489444,13,1,4,2.0,2.0,3.0,40,Travel_Rarely,Research & Development,14,4,Medical,1,2180,Female,1,Research Scientist,Married,33480,3.0,Y,22,8,0,7.0,2,4,0,3
6.212112896028334,22,1,3,2.0,3.0,3.0,42,Travel_Rarely,Research & Development,4,4,Life Sciences,1,2964,Male,1,Manufacturing Director,Married,89260,1.0,Y,14,8,0,20.0,4,20,11,6
7.278759482373889,20,2,3,1.0,1.0,3.0,45,Non-Travel,Sales,2,4,Life Sciences,1,3826,Male,2,Manufacturing Director,Married,58550,1.0,Y,14,8,1,10.0,3,10,4,5
7.629529228023055,3,3,3,2.0,2.0,3.0,34,Travel_Rarely,Research & Development,12,2,Technical Degree,1,414,Male,2,Human Resources,Divorced,88650,1.0,Y,11,8,1,1.0,0,1,1,0
6.416437974118611,14,4,3,4.0,3.0,2.0,34,Travel_Frequently,Human Resources,7,4,Other,1,4341,Female,1,Research Scientist,Married,13930,1.0,Y,11,8,2,10.0,4,10,1,9
7.904780232039166,14,3,3,4.0,2.0,3.0,29,Travel_Rarely,Research & Development,3,4,Life Sciences,1,3026,Male,3,Sales Executive,Divorced,39780,1.0,Y,11,8,0,7.0,0,7,1,7
8.271538375725,10,3,3,2.0,4.0,3.0,60,Travel_Rarely,Sales,2,2,Life Sciences,1,622,Male,2,Sales Executive,Divorced,25640,0.0,Y,14,8,1,12.0,3,11,1,9
7.204763498438056,10,3,3,3.0,4.0,3.0,42,Travel_Rarely,Research & Development,28,4,Life Sciences,1,1701,Female,2,Manufacturing Director,Married,26450,1.0,Y,15,8,0,10.0,5,10,2,2
9.910651494868333,14,3,3,2.0,1.0,3.0,45,Travel_Rarely,Sales,10,2,Marketing,1,777,Male,1,Sales Executive,Divorced,38330,2.0,Y,14,8,0,24.0,1,7,0,7
5.7316834002675,23,4,3,4.0,4.0,2.0,39,Non-Travel,Research & Development,3,4,Life Sciences,1,2650,Female,2,Research Director,Single,47240,2.0,Y,12,8,1,21.0,4,6,1,3
7.434014948683611,8,3,3,4.0,2.0,3.0,25,Travel_Rarely,Research & Development,11,3,Medical,1,260,Male,2,Manufacturing Director,Married,100960,0.0,Y,11,8,1,4.0,3,3,1,2
6.376088799642778,9,3,3,4.0,2.0,2.0,32,Travel_Rarely,Research & Development,5,4,Technical Degree,1,3873,Male,5,Research Scientist,Divorced,50030,0.0,Y,13,8,0,10.0,5,9,1,6
7.6115406068716664,9,3,3,4.0,1.0,3.0,56,Travel_Rarely,Research & Development,4,3,Technical Degree,1,4054,Female,2,Sales Executive,Married,198470,4.0,Y,14,8,0,6.0,6,0,0,0
6.657226684515833,12,3,3,4.0,4.0,4.0,23,Travel_Rarely,Research & Development,7,3,Life Sciences,1,1151,Male,2,Research Scientist,Single,191870,1.0,Y,11,8,1,5.0,2,5,1,4
6.575236501561666,17,3,3,2.0,4.0,3.0,34,Travel_Rarely,Research & Development,7,2,Life Sciences,1,955,Male,1,Healthcare Representative,Married,21770,1.0,Y,13,8,0,10.0,5,10,8,7
6.0191834002675,22,3,3,4.0,4.0,3.0,35,Travel_Frequently,Research & Development,9,2,Other,1,2033,Female,1,Manufacturing Director,Divorced,104960,1.0,Y,13,8,1,5.0,2,5,0,2
5.516028558678889,23,3,3,3.0,1.0,2.0,40,Travel_Rarely,Human Resources,2,3,Medical,1,1981,Male,5,Sales Executive,Married,24550,1.0,Y,15,8,1,8.0,2,7,7,5
6.211568496206945,11,3,3,4.0,2.0,3.0,30,Travel_Rarely,Research & Development,2,3,Life Sciences,1,3120,Male,1,Sales Executive,Single,48500,0.0,Y,12,8,1,4.0,4,3,1,2
7.178593261936389,17,4,4,4.0,4.0,2.0,50,Travel_Rarely,Research & Development,11,2,Life Sciences,1,1446,Male,2,Sales Executive,Divorced,62940,3.0,Y,23,8,1,32.0,2,7,0,6
6.976487059348333,17,2,3,3.0,1.0,3.0,30,Travel_Rarely,Sales,20,3,Marketing,1,2078,Male,3,Sales Executive,Divorced,48100,8.0,Y,18,8,0,8.0,3,4,0,3
5.967877063810556,10,2,3,1.0,4.0,2.0,40,Travel_Rarely,Research & Development,1,4,Medical,1,4110,Male,2,Research Director,Married,50710,8.0,Y,17,8,1,8.0,3,1,0,0
5.9883344489066666,15,2,3,3.0,4.0,3.0,55,Travel_Rarely,Research & Development,11,1,Medical,1,859,Female,1,Laboratory Technician,Married,26930,1.0,Y,18,8,0,36.0,6,36,2,13
9.1238442659525,8,3,3,4.0,2.0,4.0,33,Travel_Rarely,Sales,7,3,Life Sciences,1,1868,Male,2,Manufacturing Director,Divorced,38150,3.0,Y,11,8,1,7.0,3,4,0,3
7.396790495314445,10,3,3,2.0,1.0,3.0,41,Travel_Rarely,Research & Development,24,1,Life Sciences,1,209,Male,1,Research Director,Married,26610,7.0,Y,14,8,1,22.0,2,18,11,8
8.886921017402777,14,3,3,4.0,2.0,4.0,33,Travel_Rarely,Sales,7,3,Life Sciences,1,398,Male,2,Manufacturing Director,Divorced,38150,3.0,Y,11,8,1,7.0,3,4,0,3
9.162842481035,16,2,3,4.0,2.0,3.0,40,Travel_Rarely,Sales,8,1,Other,1,3629,Male,1,Laboratory Technician,Single,59850,2.0,Y,13,8,3,9.0,1,5,1,0
6.383496207050277,7,4,3,3.0,3.0,4.0,28,Travel_Rarely,Research & Development,1,3,Life Sciences,1,2001,Male,2,Healthcare Representative,Single,74570,3.0,Y,11,8,2,10.0,1,8,1,7
6.906858545292223,7,2,3,2.0,4.0,2.0,45,Travel_Rarely,Research & Development,3,3,Medical,1,1089,Female,2,Sales Executive,Married,37600,0.0,Y,14,8,1,10.0,2,9,3,8
5.887452030343334,8,2,3,4.0,2.0,2.0,30,Travel_Rarely,Human Resources,20,4,Life Sciences,1,2625,Male,2,Research Scientist,Married,46610,1.0,Y,11,8,0,12.0,3,12,1,7
6.471661088799444,11,3,3,2.0,1.0,3.0,45,Travel_Rarely,Research & Development,1,2,Medical,1,2750,Female,1,Sales Executive,Divorced,70830,2.0,Y,12,8,1,25.0,5,1,0,0
6.221430165104723,11,3,3,4.0,1.0,3.0,40,Travel_Rarely,Research & Development,1,4,Life Sciences,1,2345,Male,2,Laboratory Technician,Married,69320,1.0,Y,13,8,0,5.0,5,5,1,2
6.4086869701025,15,3,3,3.0,4.0,4.0,32,Travel_Rarely,Research & Development,10,4,Other,1,2148,Female,1,Sales Executive,Married,42330,1.0,Y,11,8,0,10.0,5,10,0,8
9.048602186523611,11,4,3,3.0,4.0,2.0,47,Travel_Rarely,Research & Development,6,4,Other,1,335,Male,2,Manager,Married,63470,1.0,Y,14,8,0,26.0,2,26,3,0
10.085300089245834,12,3,3,3.0,4.0,3.0,28,Travel_Frequently,Sales,8,3,Life Sciences,1,2577,Male,4,Research Scientist,Married,11180,1.0,Y,11,8,0,7.0,3,7,0,7
7.022888219544722,19,3,3,1.0,1.0,3.0,45,Travel_Frequently,Research & Development,19,4,Life Sciences,1,3187,Male,3,Research Director,Married,34410,2.0,Y,13,8,1,5.0,5,1,0,0
5.924803659080555,7,3,3,3.0,1.0,3.0,24,Travel_Rarely,Sales,10,2,Marketing,1,840,Male,1,Manufacturing Director,Divorced,23560,0.0,Y,13,8,0,2.0,5,1,0,0
6.352630522088333,12,3,3,4.0,3.0,3.0,39,Travel_Rarely,Research & Development,12,5,Medical,1,3209,Female,1,Sales Representative,Single,62200,1.0,Y,14,8,2,20.0,2,20,11,10
5.508211735831944,20,3,3,3.0,3.0,3.0,36,Travel_Rarely,Sales,1,2,Marketing,1,4217,Female,2,Sales Executive,Divorced,86060,1.0,Y,14,8,2,17.0,3,17,12,8
7.099554886211389,19,3,3,3.0,4.0,3.0,35,Travel_Frequently,Research & Development,6,4,Medical,1,745,Female,2,Research Director,Single,61420,2.0,Y,15,8,1,10.0,2,2,2,2
5.465740740740555,22,3,3,3.0,1.0,4.0,52,Travel_Rarely,Sales,21,5,Technical Degree,1,1774,Male,3,Manager,Married,28890,1.0,Y,11,8,1,34.0,2,34,1,16
5.8345805443997225,6,3,3,3.0,2.0,3.0,21,Travel_Rarely,Human Resources,10,2,Human Resources,1,3053,Male,1,Laboratory Technician,Single,53730,1.0,Y,12,8,1,1.0,2,1,0,0
6.410168451583889,17,1,3,4.0,2.0,3.0,46,Travel_Rarely,Research & Development,1,4,Life Sciences,1,2129,Male,1,Manufacturing Director,Married,23400,2.0,Y,13,8,1,26.0,2,11,0,8
6.037872601516945,11,3,3,2.0,4.0,3.0,29,Travel_Frequently,Sales,15,4,Medical,1,1440,Female,1,Sales Executive,Married,49680,1.0,Y,19,8,3,11.0,4,11,4,1
7.126475903614445,10,3,3,4.0,2.0,2.0,33,Non-Travel,Research & Development,2,4,Medical,1,3936,Male,1,Sales Representative,Single,25960,8.0,Y,14,8,1,13.0,4,11,1,7
6.991514948683611,12,2,3,4.0,1.0,2.0,27,Travel_Frequently,Research & Development,29,1,Life Sciences,1,280,Male,2,Manufacturing Director,Divorced,43250,1.0,Y,14,8,0,9.0,2,9,1,7
9.909873940205,12,3,3,3.0,2.0,2.0,32,Travel_Rarely,Research & Development,1,1,Medical,1,1069,Male,2,Laboratory Technician,Single,27410,7.0,Y,11,8,0,7.0,3,2,2,2
6.878472780008889,6,4,4,3.0,2.0,3.0,38,Travel_Rarely,Sales,14,2,Marketing,1,3802,Female,1,Sales Executive,Married,41710,0.0,Y,23,8,0,10.0,4,9,7,7
5.81958389112,19,1,4,3.0,2.0,3.0,31,Travel_Rarely,Research & Development,3,2,Medical,1,1285,Female,3,Sales Executive,Single,42850,1.0,Y,21,8,1,1.0,2,1,1,0
6.812219991075278,17,3,3,3.0,1.0,3.0,19,Travel_Rarely,Research & Development,23,4,Life Sciences,1,3536,Male,2,Laboratory Technician,Single,191970,1.0,Y,12,8,0,1.0,2,1,0,0
5.868007585898889,13,4,4,1.0,4.0,3.0,50,Travel_Rarely,Sales,27,3,Medical,1,485,Male,2,Sales Executive,Married,33100,4.0,Y,22,8,1,8.0,3,1,0,0
5.687801204819166,13,3,3,4.0,4.0,2.0,37,Travel_Rarely,Sales,1,4,Life Sciences,1,83,Male,2,Healthcare Representative,Divorced,133480,7.0,Y,14,8,0,8.0,4,6,0,4
6.825259928603056,5,3,4,1.0,4.0,3.0,33,Travel_Rarely,Sales,5,4,Marketing,1,179,Male,2,Research Director,Divorced,66520,7.0,Y,25,8,0,8.0,5,4,1,3
5.981926595269722,8,3,3,4.0,4.0,4.0,48,Travel_Rarely,Sales,1,1,Marketing,1,647,Male,2,Manufacturing Director,Single,74060,6.0,Y,14,8,2,25.0,2,1,0,0
7.8735575635875,4,1,3,1.0,2.0,4.0,31,Travel_Rarely,Sales,20,3,Technical Degree,1,2229,Male,1,Research Scientist,Single,61800,1.0,Y,14,8,1,1.0,2,1,0,0
7.44052097278,5,4,3,4.0,1.0,3.0,34,Travel_Frequently,Sales,2,1,Marketing,1,2228,Female,5,Manager,Divorced,26860,5.0,Y,11,8,0,10.0,3,4,1,3
6.619309460062222,16,3,3,1.0,3.0,3.0,37,Travel_Frequently,Sales,2,3,Marketing,1,2933,Male,1,Laboratory Technician,Divorced,40010,6.0,Y,11,8,1,17.0,2,1,0,0
6.448000892458611,3,4,4,4.0,3.0,3.0,47,Travel_Rarely,Research & Development,4,3,Life Sciences,1,1542,Female,2,Healthcare Representative,Married,59060,4.0,Y,23,8,0,21.0,4,3,1,1
6.060245426148889,16,3,4,1.0,3.0,4.0,28,Travel_Frequently,Research & Development,2,3,Medical,1,3739,Male,1,Research Scientist,Married,22740,3.0,Y,20,8,1,5.0,5,3,1,2
10.078489513609723,14,3,3,3.0,2.0,3.0,47,Travel_Rarely,Research & Development,19,5,Medical,1,2516,Female,2,Research Scientist,Divorced,28270,8.0,Y,14,8,1,28.0,3,22,14,10
6.0047791164658335,19,2,3,,3.0,3.0,39,Travel_Rarely,Sales,1,1,Marketing,1,3388,Male,2,Research Scientist,Single,23400,0.0,Y,11,8,1,9.0,2,8,0,7
5.899788041053055,18,2,3,3.0,3.0,3.0,35,Travel_Rarely,Human Resources,1,3,Human Resources,1,1911,Male,3,Laboratory Technician,Married,136750,1.0,Y,15,8,3,5.0,5,5,1,0
9.277542391789167,18,4,3,4.0,2.0,2.0,35,Travel_Frequently,Sales,8,2,Marketing,1,379,Female,1,Laboratory Technician,Divorced,36900,1.0,Y,13,8,1,10.0,2,10,7,8
7.429330655956944,15,2,3,3.0,4.0,1.0,30,Non-Travel,Research & Development,15,3,Medical,1,162,Female,2,Sales Executive,Married,23800,4.0,Y,18,8,3,9.0,2,5,1,4
5.596820615796389,20,2,3,4.0,2.0,3.0,48,Travel_Rarely,Research & Development,2,3,Life Sciences,1,2544,Female,2,Manager,Married,62720,4.0,Y,14,8,0,29.0,3,22,12,9
6.234104194555833,18,4,3,2.0,3.0,2.0,59,Travel_Rarely,Research & Development,4,4,Technical Degree,1,1445,Male,1,Healthcare Representative,Married,27600,8.0,Y,11,8,0,7.0,3,2,2,2
6.301752565818611,11,3,3,3.0,4.0,3.0,43,Travel_Rarely,Research & Development,11,2,Life Sciences,1,641,Male,3,Laboratory Technician,Married,168350,3.0,Y,17,8,1,25.0,3,8,0,7
5.825620258812778,11,3,3,1.0,2.0,3.0,34,Travel_Rarely,Sales,24,3,Marketing,1,1235,Male,4,Research Scientist,Single,27420,0.0,Y,11,8,1,13.0,2,12,2,11
6.002746541722222,18,3,3,2.0,3.0,4.0,34,Travel_Rarely,Sales,4,3,Medical,1,2682,Female,1,Sales Executive,Married,12610,2.0,Y,14,8,1,6.0,6,4,1,2
7.185829986613055,19,2,4,1.0,2.0,3.0,49,Travel_Rarely,Sales,4,2,Life Sciences,1,2389,Male,2,Research Director,Married,108450,3.0,Y,24,8,0,27.0,4,4,1,2
6.950257697456389,5,3,3,3.0,2.0,3.0,27,Travel_Rarely,Research & Development,20,4,Other,1,1930,Male,2,Manufacturing Director,Married,34850,9.0,Y,17,8,2,4.0,2,2,2,2
6.993690316822778,17,3,3,1.0,4.0,3.0,36,Travel_Rarely,Research & Development,1,3,Medical,1,2801,Female,2,Manufacturing Director,Divorced,175670,5.0,Y,13,8,0,7.0,6,1,0,0
6.250380410530833,13,3,3,2.0,1.0,1.0,35,Travel_Rarely,Research & Development,25,1,Medical,1,2593,Male,1,Sales Executive,Married,54100,0.0,Y,18,8,0,6.0,4,5,0,4
6.0840528781791665,9,4,3,3.0,3.0,3.0,39,Travel_Rarely,Sales,26,4,Life Sciences,1,4393,Male,2,Research Director,Divorced,81610,7.0,Y,12,8,1,7.0,2,3,1,2
6.306786033020833,15,2,4,2.0,2.0,3.0,47,Travel_Rarely,Research & Development,1,4,Medical,1,937,Male,3,Laboratory Technician,Divorced,183030,6.0,Y,22,8,1,29.0,2,3,1,2
7.454241410084722,14,3,3,3.0,4.0,3.0,32,Travel_Rarely,Research & Development,18,3,Life Sciences,1,1174,Male,2,Manager,Married,63770,1.0,Y,12,8,2,14.0,3,14,5,7
6.8763186077641665,10,3,3,4.0,1.0,3.0,28,Travel_Rarely,Research & Development,6,3,Technical Degree,1,2081,Male,2,Research Scientist,Married,23510,1.0,Y,16,8,0,6.0,4,6,3,3
10.092957385095833,13,2,3,1.0,2.0,3.0,24,Travel_Rarely,Research & Development,27,2,Medical,1,157,Male,1,Research Scientist,Single,104220,1.0,Y,17,8,1,6.0,0,5,1,4
5.891221552878055,20,3,4,3.0,1.0,3.0,23,Travel_Rarely,Research & Development,10,3,Medical,1,1299,Male,2,Laboratory Technician,Divorced,64390,3.0,Y,22,8,3,3.0,2,0,0,0
5.882338241856111,13,3,4,4.0,3.0,3.0,40,Travel_Rarely,Research & Development,11,3,Life Sciences,1,1399,Female,2,Sales Executive,Married,70050,1.0,Y,20,8,2,21.0,2,20,9,9
6.774570504239167,15,2,3,1.0,3.0,2.0,25,Travel_Rarely,Research & Development,7,4,Life Sciences,1,2206,Male,1,Sales Executive,Married,22160,2.0,Y,13,8,3,6.0,2,3,1,2
10.381328647925,10,3,3,3.0,1.0,3.0,37,Travel_Rarely,Research & Development,8,5,Technical Degree,1,3036,Male,2,Manufacturing Director,Divorced,54670,4.0,Y,12,8,0,13.0,2,7,6,7
5.7195470771975,19,3,3,3.0,3.0,3.0,35,Non-Travel,Research & Development,29,3,Medical,1,2370,Female,2,Sales Executive,Married,78230,1.0,Y,13,8,1,15.0,3,14,2,9
8.808867692994166,18,3,3,2.0,1.0,3.0,32,Travel_Frequently,Research & Development,10,3,Medical,1,1239,Female,2,Manufacturing Director,Single,165980,1.0,Y,13,8,0,10.0,2,10,6,7
7.058003123605277,6,4,3,4.0,4.0,3.0,48,Travel_Frequently,Research & Development,2,3,Life Sciences,1,1094,Male,2,Research Director,Divorced,197400,3.0,Y,14,8,0,24.0,2,22,4,7
6.656039714413056,13,3,3,2.0,2.0,3.0,40,Travel_Frequently,Research & Development,26,4,Medical,1,2833,Male,2,Manufacturing Director,Divorced,54400,1.0,Y,12,8,1,20.0,2,20,2,13
7.386207050423889,4,2,3,4.0,1.0,4.0,42,Non-Travel,Research & Development,5,4,Medical,1,2091,Male,5,Sales Executive,Married,170460,7.0,Y,11,8,0,10.0,3,4,0,3
5.817244533690277,16,3,3,3.0,3.0,3.0,40,Travel_Rarely,Sales,10,4,Life Sciences,1,2668,Male,1,Research Scientist,Single,93620,2.0,Y,11,8,1,8.0,6,2,2,2
5.526575189647223,20,3,3,2.0,3.0,3.0,45,Non-Travel,Research & Development,1,3,Medical,1,3488,Female,2,Human Resources,Married,125040,1.0,Y,12,8,1,15.0,2,15,4,12
6.213535252119445,21,3,3,3.0,4.0,2.0,33,Travel_Rarely,Research & Development,2,4,Life Sciences,1,1459,Female,1,Sales Executive,Married,27660,1.0,Y,12,8,1,2.0,2,2,0,2
6.583981481481389,21,3,3,2.0,3.0,4.0,31,Travel_Rarely,Research & Development,14,2,Life Sciences,1,970,Male,1,Sales Executive,Married,167560,1.0,Y,11,8,2,6.0,5,5,0,3
8.182728692547778,15,3,3,3.0,4.0,2.0,26,Travel_Rarely,Human Resources,9,3,Life Sciences,1,2125,Male,2,Research Scientist,Single,68110,1.0,Y,11,8,1,8.0,4,8,2,2
9.76839245872361,9,3,3,2.0,4.0,3.0,37,Travel_Frequently,Sales,2,4,Life Sciences,1,1435,Male,2,Laboratory Technician,Divorced,52380,1.0,Y,15,8,1,10.0,5,10,0,7
6.970358099062778,8,3,3,1.0,3.0,3.0,31,Travel_Rarely,Research & Development,10,4,Medical,1,2630,Female,3,Sales Executive,Married,61250,0.0,Y,13,8,1,3.0,3,2,1,2
6.857246764836945,14,3,3,3.0,2.0,3.0,32,Travel_Frequently,Sales,10,3,Life Sciences,1,623,Female,1,Sales Executive,Married,102660,1.0,Y,11,8,0,2.0,3,2,2,2
8.069119812583612,15,3,3,2.0,4.0,1.0,41,Travel_Rarely,Research & Development,7,2,Life Sciences,1,4153,Female,1,Research Scientist,Single,20990,8.0,Y,12,8,1,8.0,2,6,0,5
7.221044176706667,18,3,4,3.0,4.0,4.0,37,Non-Travel,Sales,24,2,Life Sciences,1,1317,Male,1,Research Scientist,Divorced,68150,5.0,Y,20,8,1,17.0,3,1,0,0
8.81296073181611,18,3,3,4.0,1.0,2.0,37,Travel_Rarely,Sales,2,4,Technical Degree,1,1790,Male,2,Manufacturing Director,Divorced,61720,0.0,Y,11,8,0,6.0,1,5,4,3
9.326652164212222,19,3,3,4.0,4.0,3.0,31,Travel_Rarely,Research & Development,16,3,Life Sciences,1,1857,Female,3,Sales Executive,Married,22790,3.0,Y,12,8,1,8.0,3,6,0,2
6.632009147701667,19,3,3,2.0,4.0,3.0,36,Travel_Rarely,Research & Development,2,3,Life Sciences,1,1287,Male,2,Sales Representative,Married,43200,3.0,Y,17,8,0,5.0,2,1,0,0
6.316165774207778,9,3,3,2.0,1.0,1.0,35,Travel_Rarely,Research & Development,25,1,Medical,1,4063,Male,1,Sales Executive,Married,54100,0.0,Y,18,8,0,6.0,4,5,0,4
6.84250334672,9,3,3,1.0,1.0,4.0,33,Travel_Rarely,Sales,1,3,Life Sciences,1,1449,Male,2,Manager,Married,51470,7.0,Y,11,8,0,13.0,2,9,1,7
6.839363007585833,8,2,4,3.0,4.0,2.0,23,Travel_Rarely,Research & Development,20,4,Life Sciences,1,1558,Male,1,Manufacturing Director,Divorced,53990,1.0,Y,23,8,0,4.0,2,4,0,2
6.2128502900488884,20,3,3,4.0,2.0,3.0,39,Travel_Rarely,Sales,10,3,Marketing,1,2388,Female,2,Research Director,Married,26840,4.0,Y,12,8,0,7.0,2,5,1,0
10.539516956715556,10,3,4,3.0,1.0,3.0,39,Travel_Rarely,Sales,1,4,Life Sciences,1,1527,Male,1,Sales Executive,Married,196650,1.0,Y,22,8,1,21.0,6,21,11,10
6.935332440874444,21,3,3,1.0,1.0,3.0,45,Travel_Frequently,Research & Development,19,4,Life Sciences,1,247,Male,3,Research Director,Married,34410,2.0,Y,13,8,1,5.0,5,1,0,0
7.9432954038375,10,3,3,1.0,2.0,3.0,37,Non-Travel,Research & Development,1,5,Medical,1,1865,Female,2,Research Scientist,Single,62610,1.0,Y,12,8,0,10.0,1,10,0,9
10.555600178491666,10,3,4,3.0,1.0,3.0,39,Travel_Rarely,Sales,1,4,Life Sciences,1,2997,Male,1,Sales Executive,Married,196650,1.0,Y,22,8,1,21.0,6,21,11,10
6.769503569834722,21,2,3,4.0,4.0,4.0,29,Travel_Rarely,Research & Development,5,3,Medical,1,197,Male,1,Research Scientist,Divorced,51300,4.0,Y,11,8,0,8.0,3,3,1,2
7.264612896028333,7,3,3,1.0,1.0,2.0,51,Travel_Frequently,Research & Development,1,3,Life Sciences,1,2793,Female,1,Sales Executive,Single,20730,3.0,Y,14,8,1,23.0,4,13,12,8
7.643934627398333,20,3,3,4.0,1.0,3.0,20,Travel_Rarely,Research & Development,2,2,Life Sciences,1,1944,Female,2,Research Scientist,Single,63970,1.0,Y,17,8,1,1.0,3,1,0,0
6.247105087014722,18,3,3,4.0,2.0,3.0,55,Travel_Frequently,Research & Development,23,5,Life Sciences,1,530,Male,3,Laboratory Technician,Married,36970,3.0,Y,13,8,1,23.0,1,3,1,2
5.743766175814167,17,3,3,3.0,4.0,3.0,59,Travel_Rarely,Research & Development,5,3,Life Sciences,1,4378,Female,3,Manager,Married,198330,3.0,Y,13,8,0,7.0,2,1,0,0
7.443621151271667,12,1,3,2.0,3.0,3.0,33,Travel_Rarely,Research & Development,28,4,Life Sciences,1,606,Female,1,Manager,Married,60910,1.0,Y,15,8,0,5.0,6,5,1,4
8.327554663096667,16,3,3,2.0,4.0,2.0,29,Travel_Rarely,Research & Development,23,3,Medical,1,2072,Male,1,Sales Executive,Married,79690,0.0,Y,14,8,0,6.0,3,5,1,3
9.025584560463889,20,3,3,3.0,3.0,4.0,38,Travel_Rarely,Research & Development,1,3,Medical,1,285,Female,3,Manager,Single,96190,4.0,Y,13,8,1,10.0,2,1,0,0
5.9270749665327775,16,3,3,4.0,1.0,3.0,29,Travel_Rarely,Research & Development,3,4,Other,1,2471,Female,2,Sales Representative,Divorced,55930,1.0,Y,13,8,1,1.0,3,1,0,0
10.666170236501388,7,4,3,4.0,3.0,3.0,33,Travel_Rarely,Research & Development,8,2,Life Sciences,1,3591,Female,2,Research Scientist,Divorced,161840,0.0,Y,13,8,1,10.0,2,9,0,8
9.846115573404722,9,3,3,4.0,4.0,2.0,27,Travel_Frequently,Sales,8,4,Life Sciences,1,4000,Male,5,Research Scientist,Single,21070,0.0,Y,13,8,0,6.0,2,5,0,2
5.569022757697223,22,3,3,2.0,1.0,2.0,35,Travel_Frequently,Human Resources,9,3,Other,1,4221,Female,2,Sales Representative,Married,40840,4.0,Y,13,8,1,5.0,3,3,1,2
6.824725568942222,6,2,3,2.0,4.0,3.0,54,Travel_Frequently,Sales,10,3,Life Sciences,1,3759,Female,4,Research Scientist,Divorced,37610,3.0,Y,12,8,0,26.0,3,14,1,12
6.734070727353611,22,4,4,4.0,2.0,3.0,50,Travel_Rarely,Sales,9,3,Life Sciences,1,282,Male,2,Research Scientist,Married,23220,7.0,Y,25,8,1,4.0,0,2,2,2
7.487677376171111,10,2,4,1.0,2.0,3.0,49,Travel_Rarely,Sales,4,2,Life Sciences,1,919,Male,2,Research Director,Married,108450,3.0,Y,24,8,0,27.0,4,4,1,2
5.569178937973889,18,3,3,1.0,2.0,3.0,36,Travel_Rarely,Research & Development,1,3,Life Sciences,1,3863,Female,2,Healthcare Representative,Single,10510,2.0,Y,14,8,0,15.0,2,4,1,3
10.406173583221667,5,3,3,4.0,2.0,4.0,19,Travel_Rarely,Research & Development,15,3,Life Sciences,1,3371,Male,2,Research Scientist,Single,160640,1.0,Y,15,8,1,1.0,3,1,0,0
5.972314814814722,9,3,3,4.0,1.0,1.0,37,Travel_Rarely,Research & Development,24,3,Life Sciences,1,2504,Male,1,Laboratory Technician,Single,137580,1.0,Y,11,8,1,10.0,5,10,0,8
9.487376171351945,8,3,3,2.0,3.0,4.0,22,Travel_Rarely,Research & Development,15,4,Life Sciences,1,409,Female,1,Laboratory Technician,Married,124900,0.0,Y,13,8,0,4.0,3,3,0,2
7.276480365908055,13,3,4,3.0,3.0,3.0,28,Travel_Rarely,Research & Development,10,3,Life Sciences,1,411,Female,3,Manager,Divorced,135910,5.0,Y,20,8,1,6.0,2,2,2,2
10.026880856760277,2,3,3,3.0,4.0,1.0,51,Travel_Rarely,Research & Development,8,4,Life Sciences,1,2774,Female,5,Sales Representative,Single,24500,0.0,Y,12,8,1,11.0,2,10,1,0
6.68578313253,11,3,3,3.0,3.0,4.0,35,Travel_Rarely,Research & Development,1,3,Medical,1,354,Male,1,Research Director,Single,108550,3.0,Y,13,8,1,17.0,2,8,1,6
7.433334448906667,18,3,4,3.0,3.0,3.0,26,Travel_Frequently,Research & Development,22,4,Other,1,1827,Female,1,Sales Executive,Married,20240,1.0,Y,23,8,0,8.0,2,8,1,7
7.446308567603611,16,3,3,4.0,1.0,2.0,23,Travel_Frequently,Research & Development,2,4,Life Sciences,1,2651,Female,2,Manufacturing Director,Married,61790,1.0,Y,11,8,0,1.0,3,1,1,0
5.7989480142791665,15,3,3,1.0,4.0,2.0,48,Non-Travel,Sales,2,1,Life Sciences,1,3487,Male,2,Sales Executive,Single,23700,2.0,Y,11,8,0,27.0,3,5,2,1
6.4092503346719445,4,3,3,4.0,1.0,3.0,28,Travel_Rarely,Research & Development,1,2,Technical Degree,1,2254,Female,1,Research Scientist,Single,176390,0.0,Y,13,8,1,6.0,0,5,1,3
9.271705711735555,6,1,3,2.0,4.0,2.0,38,Travel_Rarely,Research & Development,19,3,Medical,1,2521,Female,2,Manufacturing Director,Married,64740,2.0,Y,13,8,2,20.0,3,4,0,3
9.146325301204723,17,3,3,2.0,1.0,3.0,44,Travel_Rarely,Research & Development,26,2,Life Sciences,1,1871,Male,2,Manufacturing Director,Married,76390,1.0,Y,14,8,0,8.0,6,8,7,1
8.504559348505,5,3,4,1.0,4.0,3.0,24,Travel_Frequently,Research & Development,15,3,Life Sciences,1,3851,Male,2,Research Scientist,Single,54880,1.0,Y,22,8,1,6.0,6,6,1,3
9.233674698795,5,2,3,1.0,2.0,2.0,47,Non-Travel,Research & Development,1,1,Medical,1,2954,Male,1,Research Scientist,Married,57620,1.0,Y,11,8,2,10.0,4,10,9,9
6.178058902275556,12,3,3,3.0,3.0,2.0,42,Non-Travel,Research & Development,11,3,Medical,1,1063,Male,1,Manager,Married,178560,3.0,Y,18,8,0,10.0,2,6,3,3
7.554447791164445,15,1,3,1.0,2.0,4.0,31,Travel_Rarely,Sales,20,3,Technical Degree,1,759,Male,1,Research Scientist,Single,61800,1.0,Y,14,8,1,1.0,2,1,0,0
7.275842257920556,20,3,3,1.0,3.0,2.0,54,Travel_Rarely,Research & Development,14,3,Other,1,2610,Male,3,Research Scientist,Married,66740,3.0,Y,17,8,1,9.0,2,4,2,3
5.815953815260833,7,3,4,1.0,4.0,3.0,44,Travel_Rarely,Human Resources,4,4,Life Sciences,1,2104,Male,5,Laboratory Technician,Married,76320,1.0,Y,21,8,0,10.0,3,10,7,7
10.348753904506667,15,4,4,2.0,1.0,3.0,34,Travel_Frequently,Sales,17,1,Marketing,1,3123,Male,1,Research Director,Divorced,20010,9.0,Y,22,8,1,11.0,5,3,0,2
7.4154562695225,18,4,3,3.0,1.0,3.0,37,Travel_Rarely,Research & Development,5,3,Life Sciences,1,107,Male,4,Research Scientist,Married,21440,6.0,Y,19,8,0,17.0,3,5,0,3
6.392674029451111,18,1,3,4.0,2.0,3.0,46,Travel_Rarely,Research & Development,1,4,Life Sciences,1,3599,Male,1,Manufacturing Director,Married,23400,2.0,Y,13,8,1,26.0,2,11,0,8
10.056658857652778,12,3,3,2.0,4.0,4.0,45,Travel_Rarely,Research & Development,1,2,Life Sciences,1,2250,Female,1,Research Scientist,Married,184300,4.0,Y,12,8,1,10.0,5,3,1,2
9.614206827309166,12,2,3,4.0,3.0,2.0,31,Non-Travel,Research & Development,1,2,Medical,1,2163,Male,1,Sales Executive,Divorced,195130,1.0,Y,12,8,1,10.0,1,10,9,6
7.018099062918333,20,3,4,2.0,3.0,1.0,18,Non-Travel,Research & Development,2,3,Life Sciences,1,2524,Male,3,Sales Representative,Single,186060,1.0,Y,24,8,2,0.0,4,0,0,0
8.666758143685833,12,3,3,4.0,3.0,2.0,52,Travel_Frequently,Research & Development,2,1,Life Sciences,1,737,Male,2,Sales Executive,Married,117130,2.0,Y,14,8,0,24.0,2,5,0,2
7.565866800535278,16,3,3,3.0,2.0,2.0,30,Travel_Rarely,Research & Development,9,3,Life Sciences,1,2775,Male,1,Manufacturing Director,Divorced,92500,1.0,Y,12,8,3,11.0,0,11,2,7
5.836255020080277,14,3,3,1.0,3.0,3.0,41,Travel_Rarely,Sales,7,4,Marketing,1,4319,Male,4,Laboratory Technician,Divorced,68420,4.0,Y,12,8,1,13.0,3,9,1,8
5.9013442659525,9,2,3,1.0,3.0,1.0,28,Travel_Rarely,Sales,8,4,Marketing,1,812,Male,1,Laboratory Technician,Divorced,163070,1.0,Y,16,8,0,1.0,3,1,0,0
9.597987505577779,12,1,3,2.0,1.0,2.0,37,Travel_Rarely,Research & Development,7,3,Life Sciences,1,2878,Female,1,Research Scientist,Married,29290,1.0,Y,12,8,0,8.0,2,8,1,7
8.9323337795625,15,2,3,3.0,3.0,3.0,35,Travel_Frequently,Sales,1,2,Technical Degree,1,704,Male,2,Manager,Single,66460,1.0,Y,13,8,1,9.0,2,9,1,1
9.328151494868333,19,2,3,4.0,3.0,2.0,31,Non-Travel,Research & Development,1,2,Medical,1,693,Male,1,Sales Executive,Divorced,195130,1.0,Y,12,8,1,10.0,1,10,9,6
6.348255243195,6,3,3,1.0,3.0,3.0,38,Travel_Frequently,Research & Development,1,4,Other,1,2631,Male,2,Research Scientist,Married,36690,2.0,Y,19,8,0,10.0,2,8,7,7
5.5935475234269445,17,3,3,3.0,2.0,4.0,47,Non-Travel,Research & Development,1,4,Medical,1,1113,Male,1,Research Scientist,Married,45380,8.0,Y,11,8,0,16.0,3,8,1,7
8.821153502900279,7,3,3,4.0,3.0,2.0,35,Travel_Frequently,Research & Development,1,2,Medical,1,3664,Male,1,Manufacturing Director,Married,67960,0.0,Y,13,8,0,5.0,2,4,3,2
7.623450468540556,15,3,3,1.0,4.0,3.0,32,Travel_Rarely,Research & Development,21,3,Other,1,2743,Male,2,Sales Executive,Married,23620,1.0,Y,11,8,0,9.0,2,9,7,8
6.923017626059722,11,3,3,3.0,3.0,3.0,40,Non-Travel,Research & Development,1,1,Life Sciences,1,3640,Male,1,Laboratory Technician,Divorced,42860,9.0,Y,15,8,0,6.0,6,4,0,0
7.069645247657222,14,3,3,3.0,4.0,3.0,42,Travel_Rarely,Research & Development,28,4,Life Sciences,1,231,Female,2,Manufacturing Director,Married,26450,1.0,Y,15,8,0,10.0,5,10,2,2
6.918956938866389,6,3,3,1.0,4.0,3.0,44,Travel_Rarely,Research & Development,3,1,Life Sciences,1,4181,Female,1,Manufacturing Director,Married,23450,3.0,Y,15,8,2,24.0,0,22,5,17
9.769616242748612,8,1,3,2.0,1.0,2.0,37,Travel_Rarely,Research & Development,7,3,Life Sciences,1,4348,Female,1,Research Scientist,Married,29290,1.0,Y,12,8,0,8.0,2,8,1,7
7.537819053993611,15,2,3,2.0,2.0,3.0,37,Travel_Rarely,Research & Development,24,1,Life Sciences,1,2489,Male,2,Sales Executive,Married,32910,1.0,Y,16,8,3,5.0,2,5,0,3
6.366668897813334,8,3,3,1.0,2.0,4.0,43,Travel_Rarely,Sales,7,4,Marketing,1,404,Male,2,Sales Executive,Divorced,48760,4.0,Y,16,8,2,4.0,4,1,0,0
5.6240015618025,22,3,4,3.0,4.0,3.0,46,Travel_Rarely,Sales,1,2,Medical,1,4242,Female,2,Research Scientist,Single,97140,1.0,Y,22,8,0,9.0,0,9,4,7
5.762250111557222,23,1,4,3.0,2.0,3.0,31,Travel_Rarely,Research & Development,3,2,Medical,1,4225,Female,3,Sales Executive,Single,42850,1.0,Y,21,8,1,1.0,2,1,1,0
7.377153056671111,10,3,4,3.0,2.0,3.0,36,Travel_Rarely,Sales,6,3,Medical,1,3276,Female,2,Sales Executive,Married,42000,0.0,Y,22,8,0,10.0,3,9,0,5
6.8328290941541665,10,4,3,2.0,2.0,3.0,48,Travel_Rarely,Research & Development,16,3,Technical Degree,1,1733,Male,1,Sales Executive,Married,97240,3.0,Y,13,8,0,12.0,2,2,2,2
7.248688085675833,20,2,3,4.0,1.0,4.0,44,Travel_Rarely,Sales,26,1,Marketing,1,821,Male,1,Sales Representative,Married,107610,3.0,Y,11,8,1,24.0,5,20,14,17
5.7503859883977775,17,3,3,2.0,3.0,2.0,33,Non-Travel,Research & Development,1,3,Life Sciences,1,1158,Male,2,Research Scientist,Divorced,140260,1.0,Y,12,8,0,1.0,4,1,0,0
6.45130410531,14,3,3,3.0,4.0,3.0,27,Travel_Frequently,Research & Development,13,2,Life Sciences,1,3259,Female,4,Research Scientist,Married,195370,0.0,Y,12,8,0,5.0,5,4,1,1
6.501234939758889,18,3,3,3.0,3.0,4.0,35,Travel_Rarely,Research & Development,1,3,Medical,1,3294,Male,1,Research Director,Single,108550,3.0,Y,13,8,1,17.0,2,8,1,6
8.6217324854975,18,3,3,1.0,1.0,3.0,38,Travel_Rarely,Research & Development,8,3,Life Sciences,1,20,Female,1,Manager,Divorced,68700,1.0,Y,11,8,1,8.0,5,8,7,7
6.941195894689722,5,3,3,4.0,3.0,2.0,31,Non-Travel,Research & Development,1,2,Technical Degree,1,422,Female,2,Sales Executive,Married,27930,1.0,Y,16,8,0,9.0,4,9,0,0
6.319901829540278,11,4,3,3.0,3.0,3.0,36,Travel_Rarely,Research & Development,9,2,Medical,1,3556,Male,2,Sales Executive,Divorced,119350,1.0,Y,11,8,3,7.0,6,7,1,7
7.216710174029444,16,2,3,2.0,1.0,3.0,26,Non-Travel,Research & Development,21,1,Life Sciences,1,1961,Female,1,Manufacturing Director,Single,135250,8.0,Y,17,8,1,7.0,4,2,2,2
7.042668451583889,15,2,3,3.0,1.0,3.0,30,Travel_Rarely,Sales,20,3,Marketing,1,608,Male,3,Sales Executive,Divorced,48100,8.0,Y,18,8,0,8.0,3,4,0,3
6.445064703257223,12,3,3,2.0,4.0,3.0,48,Travel_Rarely,Research & Development,6,3,Medical,1,3127,Male,1,Laboratory Technician,Married,108540,2.0,Y,14,8,1,14.0,6,9,6,7
10.234907407407222,13,3,3,2.0,4.0,3.0,44,Travel_Rarely,Research & Development,8,1,Life Sciences,1,4118,Female,1,Sales Representative,Single,26100,6.0,Y,15,8,0,6.0,2,4,1,2
6.0110408299863884,14,2,3,4.0,3.0,1.0,54,Travel_Frequently,Research & Development,9,2,Medical,1,2103,Male,2,Sales Representative,Divorced,29830,7.0,Y,14,8,1,33.0,2,5,1,4
9.4512672913875,14,3,3,4.0,3.0,4.0,24,Travel_Rarely,Research & Development,1,3,Life Sciences,1,1593,Female,5,Manager,Divorced,28970,1.0,Y,18,8,3,5.0,4,5,0,3
6.763603302097223,19,1,3,2.0,2.0,4.0,40,Travel_Rarely,Research & Development,1,3,Medical,1,3567,Female,2,Research Scientist,Divorced,37800,7.0,Y,12,8,0,7.0,2,5,1,3
6.843974788040834,8,3,3,1.0,1.0,4.0,23,Travel_Rarely,Research & Development,2,3,Life Sciences,1,1729,Male,1,Healthcare Representative,Married,76370,2.0,Y,11,8,1,5.0,3,3,0,2
6.979201249441944,8,3,3,2.0,4.0,2.0,31,Travel_Rarely,Research & Development,8,1,Technical Degree,1,2986,Male,1,Manufacturing Director,Married,29360,4.0,Y,12,8,1,10.0,2,8,7,7
5.858593261936389,10,4,3,3.0,4.0,3.0,26,Travel_Frequently,Sales,16,2,Life Sciences,1,4044,Male,2,Healthcare Representative,Married,83800,0.0,Y,14,8,0,8.0,3,7,7,7
6.104319500223055,15,2,3,3.0,3.0,4.0,38,Travel_Rarely,Research & Development,1,3,Medical,1,3509,Female,1,Human Resources,Married,38160,1.0,Y,13,8,2,7.0,2,7,5,0
7.290882418563055,19,3,4,3.0,1.0,3.0,34,Travel_Rarely,Research & Development,10,3,Life Sciences,1,1796,Male,3,Healthcare Representative,Married,47390,5.0,Y,24,8,2,6.0,2,3,1,2
7.1418183846494445,9,3,3,1.0,2.0,4.0,26,Travel_Rarely,Research & Development,19,4,Technical Degree,1,3158,Female,4,Sales Executive,Married,119940,1.0,Y,14,8,1,6.0,6,5,1,4
9.944511378848611,2,2,3,1.0,4.0,1.0,32,Travel_Rarely,Research & Development,9,1,Medical,1,399,Female,1,Laboratory Technician,Single,27410,1.0,Y,15,8,1,1.0,5,1,0,1
6.849865015617778,21,3,3,3.0,4.0,3.0,42,Travel_Rarely,Research & Development,28,4,Life Sciences,1,3171,Female,2,Manufacturing Director,Married,26450,1.0,Y,15,8,0,10.0,5,10,2,2
7.0100792057116665,7,3,3,4.0,4.0,3.0,52,Non-Travel,Research & Development,1,4,Life Sciences,1,313,Male,5,Sales Executive,Married,97380,0.0,Y,18,8,2,5.0,2,4,1,2
7.637566934404167,11,1,3,1.0,4.0,2.0,21,Non-Travel,Research & Development,1,5,Life Sciences,1,3045,Female,2,Manager,Single,28630,1.0,Y,14,8,0,3.0,2,3,2,2
6.859569388665555,11,4,3,2.0,3.0,3.0,34,Travel_Rarely,Research & Development,5,3,Life Sciences,1,3662,Male,1,Research Scientist,Married,45530,4.0,Y,18,8,1,10.0,2,8,7,7
5.810454038375555,19,3,3,3.0,1.0,,41,Travel_Rarely,Research & Development,5,3,Medical,1,2479,Male,1,Sales Representative,Divorced,121690,1.0,Y,19,8,0,5.0,2,5,0,4
10.233356760374722,4,2,3,3.0,4.0,4.0,40,Travel_Rarely,Research & Development,23,3,Medical,1,2886,Female,1,Laboratory Technician,Married,45020,8.0,Y,12,8,2,15.0,0,7,3,7
10.377392904953055,12,3,3,4.0,3.0,1.0,38,Travel_Rarely,Sales,10,3,Medical,1,302,Male,4,Laboratory Technician,Married,181720,6.0,Y,12,8,2,6.0,5,1,0,1
6.937077197679445,13,3,3,3.0,2.0,1.0,36,Travel_Rarely,Research & Development,13,3,Technical Degree,1,2568,Female,3,Healthcare Representative,Married,25170,2.0,Y,14,8,0,12.0,3,4,1,3
6.234610664881667,20,2,3,3.0,3.0,2.0,50,Travel_Rarely,Sales,19,4,Marketing,1,2866,Male,3,Sales Executive,Married,31950,2.0,Y,11,8,0,5.0,4,3,0,2
6.043611111111111,21,3,3,4.0,1.0,1.0,46,Travel_Rarely,Research & Development,12,4,Technical Degree,1,2348,Male,1,Laboratory Technician,Single,23320,1.0,Y,11,8,0,27.0,2,26,0,12
6.695233154841389,17,2,3,3.0,4.0,3.0,36,Travel_Frequently,Research & Development,8,3,Other,1,1511,Female,3,Sales Executive,Married,69620,4.0,Y,12,8,2,4.0,2,1,0,0
7.372218875501945,10,3,3,2.0,3.0,3.0,27,Travel_Rarely,Research & Development,1,3,Medical,1,413,Male,1,Research Scientist,Single,20580,1.0,Y,14,8,1,1.0,5,1,0,0
9.478331102186388,8,3,4,3.0,4.0,2.0,46,Travel_Rarely,Research & Development,1,4,Technical Degree,1,2448,Female,3,Sales Executive,Divorced,99570,4.0,Y,20,8,0,13.0,1,10,0,3
7.5855087014725,13,2,3,4.0,2.0,3.0,38,Travel_Frequently,Research & Development,2,5,Medical,1,4083,Female,4,Sales Executive,Married,84460,0.0,Y,14,8,0,7.0,3,6,1,2
7.388927933957778,7,3,3,3.0,3.0,3.0,43,Travel_Rarely,Research & Development,2,4,Life Sciences,1,3868,Female,1,Research Scientist,Married,24220,1.0,Y,11,8,1,14.0,2,14,6,11
7.230715082552222,9,2,3,4.0,1.0,4.0,42,Non-Travel,Research & Development,5,4,Medical,1,621,Male,5,Sales Executive,Married,170460,7.0,Y,11,8,0,10.0,3,4,0,3
5.841193663543056,19,4,3,3.0,4.0,3.0,29,Travel_Rarely,Research & Development,8,3,Medical,1,551,Female,4,Research Scientist,Divorced,52960,4.0,Y,14,8,0,11.0,3,7,1,7
8.906508255243056,6,3,3,4.0,3.0,3.0,43,Travel_Frequently,Sales,4,3,Medical,1,234,Female,2,Healthcare Representative,Divorced,34190,3.0,Y,11,8,1,10.0,5,8,4,7
9.025720660419445,7,3,3,1.0,1.0,3.0,38,Travel_Rarely,Research & Development,8,3,Life Sciences,1,1490,Female,1,Manager,Divorced,68700,1.0,Y,11,8,1,8.0,5,8,7,7
8.414315037929445,5,2,3,4.0,3.0,3.0,20,Travel_Rarely,Research & Development,1,3,Life Sciences,1,3196,Male,5,Sales Representative,Single,61620,1.0,Y,12,8,3,1.0,2,1,1,1
9.665239848281944,19,4,3,3.0,1.0,3.0,54,Travel_Rarely,Research & Development,1,3,Medical,1,2619,Female,2,Human Resources,Single,23620,6.0,Y,13,8,1,9.0,2,5,1,4
10.007343819723333,12,3,4,4.0,3.0,4.0,34,Travel_Frequently,Research & Development,7,2,Medical,1,2885,Male,4,Sales Representative,Divorced,29740,1.0,Y,23,8,0,5.0,2,5,2,0
6.535416108879722,5,4,4,4.0,4.0,3.0,53,Travel_Rarely,Research & Development,1,1,Medical,1,392,Male,1,Sales Executive,Single,44250,6.0,Y,22,8,1,33.0,2,12,3,8
10.065757474341666,2,3,3,3.0,1.0,3.0,37,Travel_Rarely,Human Resources,9,3,Human Resources,1,1313,Male,2,Healthcare Representative,Divorced,54840,,Y,17,8,0,7.0,4,3,0,2
10.711529451137778,2,3,3,3.0,1.0,3.0,37,Travel_Rarely,Research & Development,8,5,Technical Degree,1,96,Male,2,Manufacturing Director,Divorced,54670,4.0,Y,12,8,0,13.0,2,7,6,7
6.870494199018055,17,2,3,2.0,3.0,3.0,34,Travel_Rarely,Research & Development,2,3,Life Sciences,1,1043,Male,2,Laboratory Technician,Married,53430,1.0,Y,14,8,0,10.0,5,10,4,8
5.815804328424722,10,3,3,4.0,3.0,3.0,30,Travel_Rarely,Research & Development,1,4,Technical Degree,1,4185,Female,1,Research Scientist,Single,53010,1.0,Y,16,8,1,10.0,3,10,1,8
9.243213966978889,9,3,3,3.0,3.0,2.0,35,Travel_Rarely,Research & Development,6,4,Medical,1,472,Female,1,Manufacturing Director,Divorced,119960,1.0,Y,19,8,2,16.0,3,16,10,1
9.247437527889167,4,2,4,2.0,3.0,3.0,50,Travel_Frequently,Research & Development,3,3,Other,1,3821,Male,2,Research Scientist,Married,42940,2.0,Y,20,8,0,32.0,2,30,12,13
6.5035932619363885,12,3,4,1.0,4.0,4.0,29,Travel_Frequently,Research & Development,5,1,Medical,1,868,Female,1,Research Scientist,Divorced,62440,1.0,Y,22,8,0,6.0,3,6,1,3
7.810920348058889,18,3,3,4.0,2.0,3.0,29,Travel_Rarely,Research & Development,3,4,Life Sciences,1,1556,Male,3,Sales Executive,Divorced,39780,1.0,Y,11,8,0,7.0,0,7,1,7
8.670178491744723,14,2,3,4.0,2.0,3.0,30,Travel_Rarely,Sales,9,3,Marketing,1,3569,Female,1,Research Scientist,Married,90710,0.0,Y,19,8,1,12.0,2,11,5,7
9.937771084337221,11,4,3,3.0,3.0,3.0,37,Travel_Rarely,Research & Development,2,2,Medical,1,732,Female,1,Healthcare Representative,Married,54050,7.0,Y,15,8,0,8.0,3,6,1,3
10.816014056224722,2,3,4,1.0,4.0,4.0,29,Travel_Rarely,Research & Development,9,4,Medical,1,1185,Male,2,Sales Representative,Married,29960,9.0,Y,25,8,0,4.0,4,2,2,2
6.7974966532797225,11,3,3,1.0,3.0,3.0,37,Travel_Frequently,Sales,2,3,Marketing,1,4403,Male,1,Laboratory Technician,Divorced,40010,6.0,Y,11,8,1,17.0,2,1,0,0
8.736528335564444,12,3,3,2.0,3.0,2.0,26,Travel_Frequently,Research & Development,2,1,Life Sciences,1,3136,Female,2,Laboratory Technician,Divorced,59930,0.0,Y,12,8,0,8.0,3,7,1,0
6.208101294065,7,2,3,4.0,4.0,3.0,34,Travel_Rarely,Research & Development,26,3,Medical,1,3145,Male,1,Laboratory Technician,Single,52370,1.0,Y,19,8,1,10.0,3,10,5,7
7.025018964747778,3,2,3,2.0,4.0,2.0,45,Travel_Rarely,Research & Development,3,3,Medical,1,4029,Female,2,Sales Executive,Married,37600,0.0,Y,14,8,1,10.0,2,9,3,8
6.650556671128889,10,3,3,3.0,3.0,3.0,38,Travel_Frequently,Sales,9,3,Marketing,1,850,Male,1,Manufacturing Director,Married,52040,3.0,Y,13,8,1,10.0,2,6,1,2
5.705306782686111,13,4,3,3.0,1.0,3.0,35,Travel_Rarely,Research & Development,2,4,Medical,1,1289,Male,2,Healthcare Representative,Single,101240,0.0,Y,14,8,1,16.0,2,15,2,8
6.246504908522778,23,3,3,3.0,2.0,3.0,30,Travel_Rarely,Research & Development,3,3,Life Sciences,1,3064,Female,2,Manager,Married,59680,,Y,13,8,0,1.0,3,1,0,0
7.456047523426944,8,3,3,4.0,1.0,3.0,20,Travel_Rarely,Research & Development,1,3,Life Sciences,1,940,Male,1,Sales Representative,Single,47770,1.0,Y,18,8,1,2.0,3,2,0,2
6.061646586345278,9,3,3,2.0,4.0,3.0,22,Travel_Rarely,Research & Development,2,1,Life Sciences,1,4262,Male,1,Sales Representative,Single,193310,1.0,Y,12,8,1,1.0,2,0,0,0
6.457642793395555,12,3,3,3.0,2.0,4.0,34,Travel_Frequently,Sales,14,4,Medical,1,3603,Female,3,Research Scientist,Divorced,88340,4.0,Y,13,8,1,15.0,1,11,5,10
7.970253235162778,5,2,3,1.0,2.0,3.0,21,Travel_Frequently,Research & Development,9,3,Medical,1,100,Female,4,Manufacturing Director,Single,178750,1.0,Y,12,8,0,3.0,5,3,1,2
10.392367246764723,7,2,3,1.0,2.0,2.0,29,Travel_Rarely,Research & Development,1,2,Medical,1,2401,Male,2,Sales Representative,Divorced,42400,1.0,Y,14,8,0,10.0,2,10,0,9
7.511590807675,13,3,3,1.0,4.0,4.0,19,Travel_Rarely,Research & Development,4,3,Medical,1,3105,Male,1,Sales Executive,Single,76440,1.0,Y,15,8,2,1.0,2,1,0,0
5.728585452922778,22,3,3,3.0,3.0,3.0,52,Travel_Rarely,Research & Development,2,4,Medical,1,4343,Female,2,Sales Representative,Married,35370,0.0,Y,11,8,1,34.0,3,33,11,9
9.749403168228334,18,1,4,4.0,3.0,3.0,33,Travel_Rarely,Human Resources,28,2,Human Resources,1,106,Female,5,Manager,Single,55610,1.0,Y,21,8,1,1.0,3,1,0,0
6.691999107541111,20,3,3,2.0,4.0,2.0,30,Travel_Rarely,Sales,9,4,Marketing,1,976,Male,1,Laboratory Technician,Married,87220,1.0,Y,17,8,1,10.0,3,10,0,8
6.2413163766175,6,4,3,1.0,4.0,3.0,29,Travel_Rarely,Research & Development,5,4,Life Sciences,1,1870,Female,4,Healthcare Representative,Divorced,66730,6.0,Y,12,8,1,8.0,2,4,0,3
8.657309236947778,7,3,3,3.0,1.0,3.0,22,Travel_Rarely,Research & Development,1,3,Other,1,3956,Male,4,Research Scientist,Married,49680,1.0,Y,14,8,0,1.0,3,1,0,0
6.079504685408056,8,1,3,4.0,1.0,3.0,56,Travel_Rarely,Research & Development,3,2,Other,1,2064,Male,2,Healthcare Representative,Divorced,44490,4.0,Y,15,8,0,28.0,3,5,4,2
5.537267960731667,19,3,3,3.0,1.0,4.0,52,Travel_Rarely,Sales,21,5,Technical Degree,1,304,Male,3,Manager,Married,28890,1.0,Y,11,8,1,34.0,2,34,1,16
9.0671485943775,6,4,3,3.0,2.0,2.0,44,Travel_Frequently,Sales,10,4,Life Sciences,1,3962,Male,1,Research Scientist,Divorced,28440,1.0,Y,12,8,0,6.0,2,5,2,3
7.202362784471111,19,4,3,4.0,4.0,2.0,32,Travel_Rarely,Research & Development,5,3,Medical,1,4363,Male,1,Healthcare Representative,Married,34770,1.0,Y,11,8,0,14.0,2,14,9,8
7.8247568049975,6,1,3,1.0,3.0,3.0,23,Travel_Rarely,Research & Development,23,1,Life Sciences,1,3248,Female,2,Research Scientist,Single,173280,1.0,Y,17,8,1,2.0,2,2,0,2
6.237834672021389,14,4,4,1.0,2.0,3.0,45,Travel_Rarely,Research & Development,4,3,Medical,1,3782,Female,3,Laboratory Technician,Divorced,118360,1.0,Y,22,8,0,10.0,2,10,7,7
6.974036144578055,5,3,3,2.0,4.0,3.0,34,Travel_Rarely,Research & Development,7,2,Life Sciences,1,2425,Male,1,Healthcare Representative,Married,21770,1.0,Y,13,8,0,10.0,5,10,8,7
9.281826193663333,18,4,3,3.0,4.0,3.0,26,Travel_Rarely,Research & Development,7,2,Life Sciences,1,1718,Male,1,Manufacturing Director,Married,54540,1.0,Y,13,8,1,3.0,5,3,0,2
9.344075189647223,17,3,3,2.0,3.0,3.0,47,Travel_Frequently,Research & Development,4,3,Life Sciences,1,3249,Male,1,Research Director,Single,27740,4.0,Y,13,8,1,8.0,2,5,1,3
8.344863900044444,5,2,4,3.0,1.0,3.0,35,Travel_Rarely,Sales,4,4,Marketing,1,2083,Male,1,Laboratory Technician,Married,180410,3.0,Y,20,8,1,15.0,3,7,1,7
7.423622266845,5,2,3,3.0,2.0,3.0,46,Travel_Rarely,Research & Development,6,3,Medical,1,974,Male,4,Sales Executive,Single,46150,6.0,Y,12,8,0,19.0,3,10,0,9
9.970089245872222,5,2,3,4.0,4.0,3.0,39,Non-Travel,Research & Development,3,3,Life Sciences,1,2453,Female,2,Manufacturing Director,Married,109760,1.0,Y,11,8,0,9.0,3,9,5,8
6.971939982150555,21,2,3,2.0,4.0,3.0,34,Travel_Rarely,Research & Development,28,3,Technical Degree,1,1226,Male,1,Laboratory Technician,Divorced,107930,0.0,Y,11,8,3,3.0,1,2,1,2
9.645630298973611,14,3,3,1.0,3.0,3.0,32,Travel_Frequently,Research & Development,9,3,Life Sciences,1,2588,Male,2,Laboratory Technician,Single,191900,3.0,Y,17,8,1,8.0,2,4,0,3
7.075483043284167,14,3,3,3.0,2.0,4.0,34,Travel_Frequently,Sales,1,3,Life Sciences,1,666,Male,2,Sales Executive,Married,24000,4.0,Y,18,8,1,14.0,3,10,1,8
6.337705265506389,13,3,3,1.0,3.0,3.0,51,Travel_Rarely,Research & Development,1,4,Life Sciences,1,3958,Female,1,Manager,Married,40330,2.0,Y,14,8,0,15.0,2,2,2,2
5.588340026773611,17,3,3,1.0,4.0,2.0,34,Travel_Rarely,Sales,2,3,Marketing,1,2597,Male,4,Healthcare Representative,Single,46950,1.0,Y,16,8,1,14.0,2,14,2,1
7.457649486836111,11,2,3,1.0,4.0,2.0,35,Travel_Rarely,Research & Development,5,4,Medical,1,1793,Male,3,Manager,Married,16750,1.0,Y,16,8,0,3.0,6,3,0,2
7.287283578759444,13,3,4,4.0,1.0,2.0,27,Travel_Frequently,Research & Development,16,4,Medical,1,4017,Male,3,Healthcare Representative,Married,49980,0.0,Y,20,8,2,8.0,3,7,7,3
7.239404283801667,14,2,3,3.0,1.0,3.0,41,Travel_Frequently,Sales,1,4,Other,1,703,Female,2,Healthcare Representative,Divorced,55610,0.0,Y,11,8,0,10.0,2,9,1,7
9.917137438643334,4,3,3,3.0,3.0,4.0,47,Travel_Frequently,Research & Development,7,4,Life Sciences,1,3390,Male,3,Sales Executive,Divorced,69310,1.0,Y,11,8,0,20.0,3,19,2,7
6.850148371262778,16,2,3,3.0,4.0,2.0,35,Travel_Rarely,Sales,6,3,Marketing,1,877,Female,3,Sales Representative,Married,135820,1.0,Y,17,8,1,1.0,3,1,0,1
6.685051316376389,7,1,3,2.0,3.0,2.0,24,Travel_Rarely,Research & Development,5,4,Other,1,2620,Male,1,Manufacturing Director,Single,178610,1.0,Y,11,8,2,4.0,5,4,1,2
8.905165104863888,18,3,3,3.0,3.0,2.0,35,Travel_Rarely,Research & Development,6,4,Medical,1,3412,Female,1,Manufacturing Director,Divorced,119960,1.0,Y,19,8,2,16.0,3,16,10,1
6.400439535921389,15,3,3,2.0,3.0,2.0,29,Travel_Rarely,Research & Development,2,3,Life Sciences,1,250,Female,1,Healthcare Representative,Married,41570,1.0,Y,17,8,3,6.0,2,6,1,2
9.879586122266666,15,3,3,4.0,2.0,3.0,22,Travel_Rarely,Research & Development,16,2,Life Sciences,1,4022,Female,2,Laboratory Technician,Single,35790,1.0,Y,19,8,3,1.0,3,1,0,0
10.140148371262777,13,1,3,,4.0,2.0,35,Travel_Rarely,Research & Development,9,3,Life Sciences,1,910,Male,2,Manager,Divorced,173990,6.0,Y,12,8,0,7.0,3,2,2,2
9.046659973226111,17,3,3,4.0,4.0,3.0,28,Travel_Frequently,Research & Development,2,3,Life Sciences,1,672,Female,2,Sales Representative,Married,21270,1.0,Y,14,8,0,2.0,3,2,2,2
6.784696564033889,5,4,3,4.0,2.0,2.0,44,Travel_Rarely,Research & Development,5,1,Other,1,789,Male,3,Research Scientist,Single,52280,1.0,Y,13,8,0,6.0,2,5,1,3
6.877317045961389,17,3,4,1.0,4.0,3.0,29,Travel_Rarely,Research & Development,19,4,Life Sciences,1,3576,Male,1,Manufacturing Director,Divorced,99500,1.0,Y,20,8,0,3.0,3,3,1,2
6.8931392235608335,12,2,3,1.0,1.0,2.0,38,Travel_Rarely,Research & Development,9,2,Technical Degree,1,4074,Male,3,Sales Representative,Single,23720,4.0,Y,12,8,0,20.0,3,1,0,0
6.820393797411667,9,3,3,3.0,4.0,3.0,48,Travel_Frequently,Sales,10,4,Marketing,1,2379,Female,3,Manager,Married,22700,2.0,Y,14,8,3,23.0,2,2,2,2
6.089889558232778,20,3,3,3.0,1.0,2.0,21,Travel_Rarely,Research & Development,1,4,Life Sciences,1,520,Male,1,Manager,Single,57750,1.0,Y,18,8,0,1.0,2,1,1,0
6.427322623828611,13,2,3,4.0,4.0,3.0,38,Travel_Rarely,Sales,2,3,Marketing,1,2970,Female,1,Manager,Divorced,44480,9.0,Y,12,8,0,10.0,3,2,1,2
5.876051985720555,13,3,4,4.0,3.0,3.0,40,Travel_Rarely,Research & Development,11,3,Life Sciences,1,4339,Female,2,Sales Executive,Married,70050,1.0,Y,20,8,2,21.0,2,20,9,9
7.247347166443333,17,2,3,1.0,3.0,3.0,47,Travel_Rarely,Research & Development,1,4,Life Sciences,1,1157,Male,2,Sales Executive,Single,42490,2.0,Y,13,8,1,25.0,2,17,12,11
5.535181838464722,19,2,3,2.0,3.0,,35,Travel_Rarely,Research & Development,22,3,Medical,1,1660,Female,1,Sales Representative,Married,29660,9.0,Y,18,8,0,15.0,2,11,6,9
7.376658857652778,19,3,3,2.0,2.0,1.0,37,Travel_Rarely,Research & Development,22,3,Life Sciences,1,2376,Female,2,Healthcare Representative,Married,174440,1.0,Y,14,8,0,8.0,4,8,7,7
7.0285051316375,12,3,3,4.0,1.0,2.0,32,Non-Travel,Research & Development,10,4,Life Sciences,1,3796,Female,5,Research Scientist,Married,23800,4.0,Y,13,8,0,9.0,5,6,1,2
5.580070281124445,17,3,3,2.0,3.0,3.0,45,Travel_Rarely,Sales,2,3,Life Sciences,1,3247,Male,3,Healthcare Representative,Single,60740,0.0,Y,14,8,0,9.0,2,8,3,1
8.592408522980556,6,3,3,4.0,4.0,2.0,40,Travel_Rarely,Sales,9,3,Marketing,1,3236,Male,2,Research Scientist,Single,20730,0.0,Y,14,8,0,5.0,3,4,2,3
6.331786033020833,17,2,3,3.0,3.0,1.0,35,Travel_Rarely,Research & Development,6,3,Life Sciences,1,3518,Female,3,Laboratory Technician,Single,31020,1.0,Y,13,8,1,6.0,3,5,1,4
6.330712851405556,12,2,3,3.0,2.0,4.0,29,Travel_Rarely,Research & Development,19,4,Life Sciences,1,164,Male,3,Research Scientist,Married,17900,5.0,Y,16,8,1,6.0,4,2,1,1
10.141145693886388,7,2,3,4.0,3.0,3.0,35,Travel_Rarely,Research & Development,4,3,Life Sciences,1,2635,Male,2,Healthcare Representative,Married,78980,7.0,Y,15,8,0,5.0,2,2,2,2
5.731233824185556,16,3,3,1.0,1.0,3.0,20,Travel_Rarely,Research & Development,29,3,Life Sciences,1,1902,Female,3,Laboratory Technician,Single,27070,1.0,Y,11,8,0,1.0,2,1,0,0
8.110050200803055,16,4,3,4.0,1.0,3.0,37,Travel_Rarely,Research & Development,7,2,Medical,1,1087,Male,1,Manufacturing Director,Married,20110,5.0,Y,13,8,0,16.0,4,5,0,4
9.376112226684445,4,3,3,2.0,3.0,2.0,50,Travel_Rarely,Sales,2,4,Marketing,1,2745,Female,4,Research Scientist,Divorced,83760,5.0,Y,14,8,3,29.0,2,27,13,8
6.076161311914166,20,3,3,1.0,1.0,4.0,56,Travel_Rarely,Research & Development,10,4,Other,1,2236,Male,2,Sales Representative,Married,42580,2.0,Y,16,8,0,5.0,2,3,1,0
7.271326416778056,8,1,3,1.0,3.0,3.0,24,Travel_Rarely,Research & Development,17,2,Life Sciences,1,268,Female,1,Healthcare Representative,Single,25010,9.0,Y,12,8,0,4.0,3,2,2,0
5.939371932173056,10,2,3,2.0,2.0,3.0,40,Travel_Rarely,Research & Development,8,1,Medical,1,4093,Female,5,Research Scientist,Married,35440,3.0,Y,18,8,3,15.0,3,11,5,10
10.151952253458056,17,4,3,2.0,4.0,3.0,25,Travel_Rarely,Human Resources,7,2,Human Resources,1,140,Male,1,Manufacturing Director,Single,86330,1.0,Y,19,8,1,5.0,2,5,1,3
6.276572958500555,8,3,4,3.0,4.0,3.0,53,Travel_Rarely,Research & Development,19,3,Life Sciences,1,3794,Male,2,Manager,Married,25590,0.0,Y,25,8,0,34.0,2,33,1,9
8.634603971441111,13,4,3,4.0,3.0,3.0,50,Travel_Rarely,Sales,5,3,Medical,1,3206,Male,1,Laboratory Technician,Married,54730,1.0,Y,19,8,1,20.0,2,20,3,8
6.700513163766111,10,3,4,1.0,4.0,3.0,33,Travel_Rarely,Sales,5,4,Marketing,1,3119,Male,2,Research Director,Divorced,66520,7.0,Y,25,8,0,8.0,5,4,1,3
7.8043663543061115,9,2,3,4.0,2.0,3.0,40,Travel_Frequently,Sales,1,3,Marketing,1,3374,Male,1,Research Scientist,Divorced,39310,8.0,Y,19,8,0,3.0,2,1,0,0
6.337332663989167,6,4,4,4.0,3.0,3.0,47,Travel_Rarely,Research & Development,4,3,Life Sciences,1,72,Female,2,Healthcare Representative,Married,59060,4.0,Y,23,8,0,21.0,4,3,1,1
5.908915662650555,17,3,3,1.0,3.0,4.0,47,Travel_Rarely,Research & Development,3,2,Medical,1,2237,Male,2,Laboratory Technician,Married,43640,3.0,Y,11,8,1,26.0,3,20,5,6
7.709842704149723,11,2,3,2.0,1.0,3.0,29,Travel_Rarely,Research & Development,10,3,Life Sciences,1,2335,Male,1,Sales Representative,Single,24040,1.0,Y,17,8,0,10.0,3,10,1,5
7.437853636769167,21,1,3,3.0,3.0,3.0,41,Travel_Rarely,Research & Development,17,2,Other,1,4286,Male,1,Manufacturing Director,Divorced,52080,3.0,Y,11,8,3,12.0,2,9,0,7
7.126049754573611,10,2,4,3.0,4.0,4.0,32,Travel_Rarely,Research & Development,7,3,Life Sciences,1,818,Female,3,Laboratory Technician,Single,44030,2.0,Y,20,8,0,10.0,3,5,0,0
9.475745203034167,18,3,3,4.0,1.0,3.0,34,Non-Travel,Research & Development,27,2,Life Sciences,1,2566,Female,1,Sales Representative,Married,36920,1.0,Y,12,8,1,5.0,5,5,3,0
5.649539268183611,19,3,3,4.0,4.0,2.0,28,Travel_Rarely,Research & Development,1,3,Life Sciences,1,1485,Male,1,Manufacturing Director,Married,25920,1.0,Y,14,8,0,5.0,2,5,0,4
5.64401048639,15,3,4,1.0,4.0,3.0,44,Travel_Rarely,Human Resources,4,4,Life Sciences,1,634,Male,5,Laboratory Technician,Married,76320,1.0,Y,21,8,0,10.0,3,10,7,7
6.7113966979025,17,2,3,3.0,3.0,4.0,45,Non-Travel,Sales,1,4,Technical Degree,1,1057,Male,1,Research Scientist,Married,170480,4.0,Y,15,8,0,10.0,3,8,5,7
6.8818172690761115,5,3,3,4.0,4.0,,52,Travel_Rarely,Research & Development,5,4,Other,1,1912,Male,1,Laboratory Technician,Married,29110,2.0,Y,17,8,2,26.0,3,9,7,8
6.164602855867778,11,2,4,3.0,1.0,3.0,27,Travel_Rarely,Research & Development,10,3,Medical,1,1743,Male,5,Research Scientist,Married,132450,1.0,Y,23,8,1,9.0,3,9,0,7
7.651898705934722,7,4,3,3.0,3.0,3.0,26,Travel_Rarely,Research & Development,17,4,Life Sciences,1,4287,Male,2,Sales Executive,Married,48770,1.0,Y,13,8,1,8.0,5,8,5,7
5.9249910754125,12,3,4,4.0,4.0,2.0,46,Travel_Rarely,Sales,9,1,Medical,1,3560,Female,1,Sales Executive,Divorced,141180,2.0,Y,22,8,0,12.0,3,6,1,4
7.183055555555556,12,3,3,3.0,2.0,1.0,26,Travel_Frequently,Research & Development,1,4,Other,1,2961,Male,2,Laboratory Technician,Divorced,104470,1.0,Y,18,8,0,6.0,3,6,1,4
9.294872824631666,3,3,3,2.0,3.0,3.0,29,Travel_Rarely,Sales,3,3,Marketing,1,1858,Male,3,Laboratory Technician,Divorced,59160,6.0,Y,12,8,0,5.0,2,3,0,2
6.906098839803611,9,1,3,3.0,3.0,3.0,21,Travel_Rarely,Sales,16,2,Life Sciences,1,3179,Male,3,Sales Executive,Single,87260,1.0,Y,11,8,1,3.0,2,3,1,2
6.7047991967869445,16,2,3,2.0,4.0,2.0,38,Travel_Rarely,Research & Development,9,4,Life Sciences,1,272,Male,1,Sales Executive,Single,43120,0.0,Y,12,8,1,10.0,2,9,1,8
6.386800535475,8,3,3,2.0,3.0,3.0,45,Travel_Rarely,Research & Development,10,4,Life Sciences,1,3286,Male,1,Research Director,Single,56050,1.0,Y,12,8,2,1.0,2,1,0,0
6.140930388219444,23,3,3,4.0,1.0,2.0,28,Travel_Rarely,Sales,1,4,Life Sciences,1,2146,Female,2,Sales Representative,Single,20330,2.0,Y,15,8,1,5.0,5,3,1,2
6.010324631860556,21,4,4,1.0,2.0,3.0,45,Travel_Rarely,Research & Development,4,3,Medical,1,2312,Female,3,Laboratory Technician,Divorced,118360,1.0,Y,22,8,0,10.0,2,10,7,7
7.7002967425255555,12,3,3,4.0,3.0,3.0,40,Travel_Rarely,Research & Development,8,3,Other,1,1574,Male,2,Sales Executive,Married,50870,3.0,Y,14,8,1,10.0,3,7,1,7
6.450024542614722,12,3,3,1.0,4.0,,52,Non-Travel,Research & Development,2,4,Other,1,4117,Male,1,Manager,Divorced,46140,2.0,Y,16,8,1,16.0,3,9,0,0
10.016179161088612,18,3,3,4.0,1.0,2.0,42,Travel_Rarely,Research & Development,5,3,Medical,1,3134,Male,3,Sales Executive,Married,53900,1.0,Y,14,8,0,10.0,3,10,5,8
5.895184069611667,13,3,3,4.0,3.0,3.0,41,Travel_Rarely,Research & Development,3,3,Medical,1,3221,Male,1,Manufacturing Director,Married,72600,1.0,Y,16,8,0,22.0,2,22,2,10
10.589340696117779,8,2,3,4.0,4.0,4.0,25,Travel_Rarely,Human Resources,25,4,Human Resources,1,3479,Female,2,Research Scientist,Married,82680,1.0,Y,12,8,0,7.0,3,7,5,6
7.0159772423025,10,3,3,1.0,4.0,3.0,26,Travel_Rarely,Research & Development,4,3,Life Sciences,1,2331,Male,1,Research Director,Married,32940,1.0,Y,11,8,0,1.0,6,1,0,0
9.588636769299166,20,3,3,4.0,3.0,3.0,38,Travel_Rarely,Research & Development,7,4,Life Sciences,1,2825,Female,2,Research Director,Single,50420,3.0,Y,16,8,1,19.0,4,3,2,2
8.486671128960278,9,3,4,4.0,3.0,4.0,29,Travel_Frequently,Research & Development,8,4,Life Sciences,1,993,Female,1,Sales Executive,Single,23770,8.0,Y,21,8,1,10.0,2,3,0,2
6.096568496206944,19,3,3,3.0,3.0,3.0,54,Travel_Rarely,Sales,23,3,Medical,1,471,Female,1,Laboratory Technician,Married,136030,8.0,Y,13,8,1,22.0,2,10,0,8
6.407661758143611,7,3,3,4.0,2.0,2.0,31,Travel_Frequently,Research & Development,9,4,Medical,1,2975,Male,1,Sales Executive,Divorced,46840,1.0,Y,16,8,1,2.0,4,2,2,2
7.573890004462222,14,3,3,4.0,2.0,4.0,46,Travel_Rarely,Research & Development,10,3,Medical,1,2511,Male,1,Sales Executive,Married,44220,4.0,Y,11,8,1,13.0,2,9,3,7
6.255401606425556,17,3,3,4.0,2.0,2.0,33,Non-Travel,Research & Development,14,3,Other,1,1008,Male,1,Research Scientist,Divorced,108200,5.0,Y,12,8,0,11.0,2,9,1,7
9.106919901829444,15,3,3,2.0,4.0,2.0,36,Travel_Rarely,Sales,10,4,Marketing,1,3304,Male,3,Manager,Married,86860,1.0,Y,13,8,0,18.0,2,18,4,11
9.383342257920555,18,2,3,4.0,3.0,2.0,31,Non-Travel,Research & Development,1,2,Medical,1,3633,Male,1,Sales Executive,Divorced,195130,1.0,Y,12,8,1,10.0,1,10,9,6
7.086371039714167,20,2,4,2.0,1.0,4.0,42,Travel_Rarely,Research & Development,1,2,Life Sciences,1,3522,Male,4,Laboratory Technician,Single,30340,7.0,Y,21,8,1,9.0,3,6,1,5
6.202795626952223,11,3,3,4.0,4.0,4.0,39,Travel_Rarely,Human Resources,1,4,Medical,1,2716,Male,1,Sales Executive,Married,36730,3.0,Y,14,8,1,19.0,3,1,0,0
7.661160196340833,4,1,3,2.0,1.0,3.0,34,Travel_Rarely,Sales,15,2,Marketing,1,2707,Female,2,Research Scientist,Single,84630,2.0,Y,13,8,0,8.0,2,4,1,3
6.4242648371261115,11,3,3,4.0,3.0,2.0,48,Travel_Rarely,Research & Development,1,4,Medical,1,3361,Male,1,Research Scientist,Married,21770,4.0,Y,18,8,0,13.0,4,0,0,0
9.122059348505,11,4,3,3.0,4.0,2.0,47,Travel_Rarely,Research & Development,6,4,Other,1,3275,Male,2,Manager,Married,63470,1.0,Y,14,8,0,26.0,2,26,3,0
6.634693217313611,6,2,4,3.0,1.0,3.0,26,Travel_Rarely,Research & Development,29,4,Life Sciences,1,2217,Male,1,Research Scientist,Single,63890,0.0,Y,22,8,0,8.0,2,7,0,7
10.249177822400556,13,3,3,4.0,4.0,3.0,31,Travel_Rarely,Sales,6,3,Other,1,4085,Male,1,Manufacturing Director,Divorced,45340,1.0,Y,13,8,0,1.0,2,1,0,0
6.076227130745,13,2,3,4.0,3.0,3.0,24,Travel_Rarely,Sales,6,2,Medical,1,3905,Female,2,Manager,Married,20070,1.0,Y,12,8,0,1.0,2,1,0,0
7.956104417670556,14,2,3,2.0,4.0,4.0,18,Travel_Frequently,Research & Development,3,5,Medical,1,3836,Male,1,Research Director,Single,24790,1.0,Y,12,8,1,0.0,2,0,0,0
7.417016956715556,6,2,3,3.0,2.0,3.0,38,Travel_Rarely,Research & Development,2,3,Medical,1,855,Female,3,Sales Executive,Married,49080,4.0,Y,19,8,1,7.0,3,5,1,4
6.796034136546111,10,4,3,3.0,4.0,3.0,50,Travel_Frequently,Research & Development,19,4,Life Sciences,1,1344,Male,2,Sales Executive,Single,53770,4.0,Y,14,8,1,16.0,3,2,2,1
7.304292726461389,13,3,3,3.0,3.0,3.0,54,Travel_Rarely,Research & Development,2,4,Medical,1,3114,Male,2,Human Resources,Single,89380,7.0,Y,11,8,3,19.0,2,1,0,0
6.596233824185555,11,1,3,4.0,2.0,3.0,46,Travel_Rarely,Research & Development,1,4,Life Sciences,1,659,Male,1,Manufacturing Director,Married,23400,2.0,Y,13,8,1,26.0,2,11,0,8
7.1906381079875,12,2,4,1.0,3.0,2.0,27,Travel_Rarely,Research & Development,4,3,Technical Degree,1,4033,Male,2,Manufacturing Director,Single,51710,0.0,Y,20,8,1,9.0,1,8,0,7
7.041574074073889,9,3,4,4.0,2.0,3.0,46,Travel_Rarely,Research & Development,8,4,Other,1,2082,Male,3,Manager,Married,17020,5.0,Y,21,8,0,25.0,2,4,0,3
6.839177822400556,17,1,3,2.0,2.0,4.0,40,Travel_Rarely,Research & Development,1,3,Medical,1,2097,Female,2,Research Scientist,Divorced,37800,7.0,Y,12,8,0,7.0,2,5,1,3
10.177852521195833,2,3,3,4.0,4.0,3.0,26,Travel_Rarely,Research & Development,8,3,Medical,1,1506,Male,2,Manager,Single,157870,1.0,Y,12,8,2,8.0,5,8,7,4
8.540660419455556,20,3,4,2.0,2.0,3.0,27,Travel_Rarely,Research & Development,8,2,Medical,1,1210,Male,1,Laboratory Technician,Married,164220,1.0,Y,20,8,1,6.0,3,6,0,3
6.786386657741945,17,2,3,4.0,4.0,3.0,45,Travel_Rarely,Research & Development,28,3,Life Sciences,1,3843,Female,2,Laboratory Technician,Divorced,50670,1.0,Y,11,8,2,10.0,3,10,3,9
9.420705042391667,10,3,3,2.0,3.0,4.0,22,Travel_Rarely,Research & Development,15,4,Life Sciences,1,1879,Female,1,Laboratory Technician,Married,124900,0.0,Y,13,8,0,4.0,3,3,0,2
9.457829094154167,14,3,3,3.0,1.0,2.0,59,Travel_Rarely,Sales,2,2,Marketing,1,4159,Female,5,Sales Representative,Married,20660,4.0,Y,12,8,1,12.0,3,1,0,0
9.7572043730475,17,3,3,4.0,4.0,3.0,42,Travel_Rarely,Sales,15,1,Marketing,1,340,Male,2,Laboratory Technician,Married,46680,9.0,Y,18,8,2,8.0,2,4,0,2
9.083039937527777,3,2,3,3.0,3.0,3.0,34,Travel_Rarely,Research & Development,2,2,Life Sciences,1,1976,Male,1,Sales Representative,Married,64100,1.0,Y,13,8,1,1.0,5,1,0,0
6.911922132976111,10,3,3,2.0,4.0,2.0,36,Non-Travel,Research & Development,3,4,Medical,1,3125,Male,1,Research Scientist,Single,40250,1.0,Y,11,8,0,10.0,3,10,9,7
6.160146140115834,12,3,3,3.0,3.0,4.0,40,Travel_Rarely,Research & Development,2,4,Life Sciences,1,3728,Male,3,Laboratory Technician,Divorced,167520,2.0,Y,18,8,1,8.0,3,3,1,2
7.352695225345555,18,3,3,4.0,3.0,3.0,29,Travel_Rarely,Research & Development,2,2,Life Sciences,1,962,Male,2,Research Scientist,Married,192370,9.0,Y,11,8,1,9.0,2,5,1,2
7.066681169120834,14,4,3,2.0,2.0,3.0,21,Travel_Rarely,Sales,1,2,Marketing,1,1014,Male,5,Healthcare Representative,Single,27910,1.0,Y,14,8,0,1.0,3,1,1,0
5.692788933511666,12,3,3,1.0,4.0,3.0,44,Travel_Rarely,Research & Development,21,4,Life Sciences,1,671,Female,2,Laboratory Technician,Married,62720,1.0,Y,19,8,1,10.0,3,10,0,5
6.879170013386666,17,3,3,3.0,1.0,4.0,42,Travel_Rarely,Research & Development,7,3,Technical Degree,1,1100,Female,2,Sales Executive,Married,182650,9.0,Y,12,8,1,18.0,4,13,5,7
6.8326204819275,18,3,4,4.0,2.0,4.0,45,Travel_Rarely,Research & Development,2,1,Medical,1,3135,Female,4,Sales Executive,Married,44040,0.0,Y,23,8,0,9.0,2,8,3,7
10.121699018295278,14,2,3,4.0,3.0,3.0,29,Travel_Rarely,Sales,29,4,Life Sciences,1,1224,Male,2,Laboratory Technician,Single,21270,0.0,Y,11,8,1,10.0,3,9,0,8
8.631928826416667,5,2,3,1.0,3.0,4.0,52,Non-Travel,Research & Development,2,3,Technical Degree,1,4390,Male,1,Sales Executive,Single,45070,1.0,Y,14,8,0,33.0,3,33,15,12
5.588887773315278,21,3,3,3.0,3.0,4.0,46,Non-Travel,Sales,2,4,Marketing,1,108,Female,2,Laboratory Technician,Married,30650,2.0,Y,11,8,0,7.0,3,1,0,0
5.719342927264444,22,3,3,2.0,3.0,3.0,41,Non-Travel,Research & Development,19,1,Life Sciences,1,489,Male,2,Research Scientist,Divorced,58280,1.0,Y,13,8,0,21.0,0,21,5,10
10.541629852744167,6,4,3,4.0,1.0,3.0,39,Travel_Frequently,Sales,11,3,Marketing,1,3436,Male,1,Sales Executive,Single,160150,1.0,Y,11,8,0,21.0,3,21,2,8
6.3620716198125,18,1,3,2.0,1.0,3.0,46,Travel_Rarely,Research & Development,10,3,Technical Degree,1,2861,Female,2,Laboratory Technician,Divorced,153790,1.0,Y,12,8,0,24.0,1,24,15,7
7.016453592146111,6,3,3,2.0,1.0,4.0,27,Travel_Rarely,Human Resources,11,4,Medical,1,760,Male,4,Sales Executive,Married,66320,0.0,Y,16,8,0,6.0,3,5,1,4
5.618215082552222,17,2,3,3.0,3.0,4.0,35,Travel_Frequently,Research & Development,19,3,Life Sciences,1,4381,Female,1,Sales Executive,Single,21450,1.0,Y,13,8,0,10.0,6,10,0,8
6.757529004908333,12,4,3,4.0,4.0,3.0,39,Travel_Rarely,Sales,2,3,Life Sciences,1,481,Male,3,Human Resources,Married,21150,1.0,Y,18,8,0,21.0,3,21,11,8
8.645654841588334,20,3,3,2.0,4.0,3.0,55,Travel_Rarely,Research & Development,1,4,Other,1,2966,Female,1,Research Scientist,Married,67990,3.0,Y,11,8,0,12.0,2,10,0,8
6.981729138777222,17,3,3,1.0,3.0,2.0,43,Travel_Rarely,Sales,5,3,Marketing,1,3532,Female,3,Research Scientist,Single,45220,8.0,Y,15,8,1,7.0,3,4,1,3
8.687068273092223,14,4,3,2.0,2.0,3.0,18,Travel_Frequently,Research & Development,2,3,Technical Degree,1,3140,Male,1,Sales Executive,Single,34680,1.0,Y,18,8,2,0.0,4,0,0,0
9.072337126282777,4,2,3,3.0,4.0,3.0,46,Travel_Rarely,Research & Development,2,3,Life Sciences,1,1646,Male,1,Healthcare Representative,Married,88370,2.0,Y,18,8,0,15.0,3,3,1,2
6.607061579651667,15,2,3,2.0,2.0,2.0,35,Travel_Rarely,Sales,7,4,Life Sciences,1,2959,Male,1,Sales Representative,Divorced,24380,7.0,Y,16,8,0,10.0,5,7,6,2
6.1454038375725,9,2,3,4.0,3.0,3.0,38,Travel_Frequently,Research & Development,7,3,Medical,1,2195,Female,2,Sales Representative,Divorced,76250,1.0,Y,15,8,0,4.0,2,4,0,3
5.640371485943611,14,3,3,3.0,3.0,3.0,26,Travel_Rarely,Sales,28,3,Medical,1,1568,Female,5,Laboratory Technician,Married,51510,1.0,Y,15,8,3,8.0,3,8,7,7
9.252243418116667,11,3,3,4.0,4.0,3.0,38,Travel_Rarely,Research & Development,29,3,Life Sciences,1,2702,Female,1,Manufacturing Director,Single,37220,5.0,Y,14,8,0,6.0,0,3,1,2
10.276171352074723,5,3,3,1.0,1.0,1.0,40,Travel_Rarely,Sales,16,4,Marketing,1,914,Male,1,Research Director,Single,36330,3.0,Y,16,8,2,10.0,0,4,0,3
6.419686523873056,10,3,3,2.0,2.0,1.0,51,Travel_Rarely,Research & Development,2,1,Medical,1,2896,Female,1,Manufacturing Director,Married,39070,5.0,Y,13,8,0,16.0,2,10,4,7
6.016829540383611,16,3,3,3.0,3.0,3.0,22,Travel_Frequently,Research & Development,7,3,Medical,1,3126,Female,2,Laboratory Technician,Single,37850,5.0,Y,13,8,2,4.0,2,2,1,2
6.17364680946,19,2,3,1.0,3.0,4.0,49,Travel_Rarely,Sales,14,4,Life Sciences,1,3582,Male,2,Research Scientist,Married,62300,2.0,Y,14,8,0,23.0,2,1,0,0
6.490255466309445,22,3,4,4.0,3.0,3.0,35,Travel_Rarely,Research & Development,5,3,Medical,1,3523,Male,1,Healthcare Representative,Married,57150,6.0,Y,24,8,2,10.0,0,8,1,7
7.042130745202778,9,3,3,3.0,3.0,3.0,40,Non-Travel,Research & Development,1,1,Life Sciences,1,700,Male,1,Laboratory Technician,Divorced,42860,9.0,Y,15,8,0,6.0,6,4,0,0
8.907011378848612,5,2,3,3.0,4.0,2.0,36,Travel_Rarely,Sales,9,3,Marketing,1,845,Female,4,Research Scientist,Single,142750,3.0,Y,18,8,1,7.0,5,3,1,2
5.681542838018611,17,3,3,4.0,3.0,2.0,54,Travel_Frequently,Research & Development,1,4,Life Sciences,1,75,Male,2,Research Scientist,Single,29330,3.0,Y,12,8,2,20.0,2,4,0,3
6.171610887996389,16,3,3,4.0,3.0,3.0,42,Non-Travel,Research & Development,10,4,Life Sciences,1,2617,Female,2,Research Scientist,Single,61510,1.0,Y,13,8,1,20.0,3,20,3,7
6.5307608210619446,13,2,3,2.0,4.0,3.0,30,Travel_Rarely,Human Resources,1,4,Human Resources,1,4320,Female,1,Manager,Married,174260,2.0,Y,12,8,1,12.0,0,10,7,4
9.951400044622778,17,3,3,4.0,1.0,3.0,41,Travel_Rarely,Research & Development,1,4,Medical,1,1899,Male,1,Research Scientist,Single,195170,2.0,Y,13,8,0,20.0,5,18,2,17
5.920894689870556,23,2,3,3.0,3.0,4.0,38,Travel_Rarely,Research & Development,1,3,Medical,1,569,Female,1,Human Resources,Married,38160,1.0,Y,13,8,2,7.0,2,7,5,0
7.508684738955556,11,3,4,3.0,1.0,3.0,34,Travel_Rarely,Sales,9,2,Medical,1,1329,Male,2,Healthcare Representative,Single,48760,2.0,Y,21,8,1,14.0,3,11,5,8
5.8853268630075,5,3,3,1.0,3.0,3.0,39,Travel_Rarely,Research & Development,26,1,Medical,1,692,Male,2,Healthcare Representative,Single,34470,0.0,Y,14,8,0,9.0,5,8,1,7
5.816046407853611,12,3,3,1.0,3.0,2.0,51,Travel_Rarely,Sales,16,3,Medical,1,3299,Male,3,Research Scientist,Married,94390,2.0,Y,15,8,3,29.0,0,20,4,17
9.0612148594375,8,3,3,2.0,4.0,3.0,55,Travel_Rarely,Research & Development,1,4,Other,1,26,Female,1,Research Scientist,Married,67990,3.0,Y,11,8,0,12.0,2,10,0,8
7.106448014279167,13,3,3,1.0,2.0,3.0,35,Travel_Rarely,Human Resources,3,4,Human Resources,1,2693,Male,2,Manager,Married,32940,0.0,Y,11,8,0,6.0,2,5,0,3
7.455620258812778,17,3,4,3.0,4.0,3.0,25,Travel_Rarely,Research & Development,6,2,Medical,1,2098,Female,1,Laboratory Technician,Single,27680,0.0,Y,22,8,1,5.0,0,4,1,1
8.829211289602778,18,3,3,4.0,3.0,3.0,33,Travel_Frequently,Research & Development,10,2,Medical,1,2686,Male,2,Research Scientist,Married,34200,1.0,Y,14,8,0,8.0,3,8,3,0
9.620850066934167,10,3,3,4.0,4.0,2.0,33,Travel_Rarely,Research & Development,1,2,Medical,1,3245,Male,3,Laboratory Technician,Single,28710,1.0,Y,17,8,3,10.0,2,10,7,8
9.816876394466666,5,3,3,2.0,2.0,2.0,52,Travel_Rarely,Research & Development,3,2,Technical Degree,1,2160,Male,3,Laboratory Technician,Single,25790,9.0,Y,19,8,1,10.0,1,8,7,7
6.924322846943055,10,4,3,1.0,4.0,3.0,36,Non-Travel,Research & Development,1,3,Medical,1,2030,Male,3,Sales Representative,Single,34520,2.0,Y,13,8,3,18.0,4,11,0,9
6.636084337349167,10,3,3,3.0,4.0,1.0,34,Travel_Rarely,Sales,2,5,Life Sciences,1,1826,Male,4,Research Scientist,Married,23230,0.0,Y,17,8,0,4.0,2,3,0,2
5.7221552878177775,22,3,3,4.0,4.0,3.0,53,Travel_Rarely,Research & Development,9,3,Life Sciences,1,299,Female,3,Laboratory Technician,Single,48090,2.0,Y,18,8,0,19.0,2,2,2,2
5.867603748326389,10,3,3,1.0,4.0,3.0,42,Travel_Rarely,Sales,2,2,Medical,1,99,Female,1,Laboratory Technician,Single,21330,3.0,Y,13,8,2,14.0,2,1,0,0
7.738527443105555,8,3,3,4.0,2.0,3.0,56,Travel_Rarely,Sales,3,2,Medical,1,2169,Female,3,Manufacturing Director,Single,26910,6.0,Y,16,8,1,36.0,6,7,7,7
5.719967648371111,11,3,3,3.0,3.0,2.0,34,Travel_Rarely,Sales,9,4,Medical,1,649,Female,2,Laboratory Technician,Married,27410,0.0,Y,15,8,1,2.0,3,1,0,0
9.676504908522778,8,4,3,4.0,3.0,3.0,27,Travel_Rarely,Research & Development,2,5,Life Sciences,1,740,Female,1,Research Scientist,Single,137700,1.0,Y,18,8,1,8.0,3,8,7,7
7.375642570281111,13,3,3,4.0,2.0,3.0,38,Travel_Frequently,Sales,29,2,Medical,1,3876,Female,1,Sales Executive,Single,39170,1.0,Y,15,8,3,4.0,2,4,3,3
5.736896474787778,12,3,3,1.0,1.0,4.0,44,Travel_Rarely,Sales,5,3,Life Sciences,1,2166,Male,1,Laboratory Technician,Married,63220,4.0,Y,11,8,1,10.0,2,3,1,2
7.7010140562247225,6,3,3,4.0,4.0,3.0,27,Travel_Rarely,Sales,2,3,Life Sciences,1,1136,Female,1,Manager,Single,39040,1.0,Y,15,8,0,7.0,2,7,0,7
7.558993752788889,8,4,3,2.0,3.0,3.0,35,Travel_Rarely,Research & Development,10,1,Life Sciences,1,3783,Male,1,Healthcare Representative,Married,109030,0.0,Y,11,8,0,6.0,3,5,4,2
6.4912293618919445,4,3,3,1.0,3.0,4.0,37,Travel_Rarely,Research & Development,1,3,Life Sciences,1,1291,Female,3,Sales Executive,Single,52070,4.0,Y,17,8,3,16.0,3,5,0,2
6.308825301204722,11,3,3,2.0,1.0,2.0,42,Travel_Rarely,Research & Development,7,4,Other,1,2500,Female,2,Laboratory Technician,Married,57140,5.0,Y,11,8,0,10.0,2,0,0,0
10.128761713520555,9,3,3,2.0,1.0,3.0,45,Travel_Rarely,Sales,10,2,Marketing,1,2247,Male,1,Sales Executive,Divorced,38330,2.0,Y,14,8,0,24.0,1,7,0,7
10.129048415885556,9,3,3,4.0,4.0,3.0,42,Travel_Rarely,Sales,15,1,Marketing,1,3280,Male,2,Laboratory Technician,Married,46680,9.0,Y,18,8,2,8.0,2,4,0,2
10.474873940205,5,3,4,3.0,2.0,2.0,27,Travel_Rarely,Research & Development,15,4,Medical,1,3001,Male,3,Research Scientist,Single,39020,1.0,Y,22,8,0,4.0,2,4,1,2
8.987617135207222,11,3,3,4.0,2.0,4.0,33,Travel_Rarely,Sales,7,3,Life Sciences,1,3338,Male,2,Manufacturing Director,Divorced,38150,3.0,Y,11,8,1,7.0,3,4,0,3
7.5563029897366665,16,3,3,4.0,4.0,3.0,54,Non-Travel,Research & Development,9,3,Life Sciences,1,2795,Male,1,Laboratory Technician,Single,196130,2.0,Y,17,8,0,23.0,5,5,4,4
10.61658634538139,2,1,3,,4.0,2.0,35,Travel_Rarely,Research & Development,9,3,Life Sciences,1,2380,Male,2,Manager,Divorced,173990,6.0,Y,12,8,0,7.0,3,2,2,2
8.51558121374361,11,1,3,4.0,1.0,4.0,45,Travel_Rarely,Human Resources,14,3,Human Resources,1,4230,Female,1,Sales Executive,Married,54730,4.0,Y,13,8,0,17.0,3,0,0,0
5.712431950022222,12,3,3,3.0,3.0,2.0,34,Travel_Rarely,Sales,9,4,Medical,1,3589,Female,2,Laboratory Technician,Married,27410,0.0,Y,15,8,1,2.0,3,1,0,0
10.39396140116,12,2,3,4.0,3.0,3.0,58,Non-Travel,Research & Development,2,3,Life Sciences,1,1521,Male,2,Manufacturing Director,Divorced,39680,2.0,Y,13,8,2,12.0,3,5,1,2
6.5635575635875,6,3,4,1.0,2.0,3.0,29,Travel_Rarely,Research & Development,18,3,Life Sciences,1,8,Male,2,Sales Executive,Married,31430,2.0,Y,22,8,3,10.0,2,0,0,0
9.117412985274166,18,3,4,3.0,4.0,2.0,46,Travel_Rarely,Research & Development,1,4,Technical Degree,1,3918,Female,3,Sales Executive,Divorced,99570,4.0,Y,20,8,0,13.0,1,10,0,3
6.465988398036389,9,3,3,1.0,3.0,2.0,20,Travel_Rarely,Research & Development,6,3,Medical,1,2069,Male,5,Research Director,Single,83920,1.0,Y,17,8,0,2.0,5,2,1,2
8.08675256581861,21,2,3,3.0,3.0,3.0,42,Travel_Rarely,Sales,7,4,Medical,1,93,Male,3,Research Scientist,Divorced,22260,0.0,Y,12,8,1,4.0,3,3,1,0
7.126946675591111,12,3,4,3.0,1.0,4.0,19,Travel_Frequently,Research & Development,10,2,Life Sciences,1,4324,Male,2,Healthcare Representative,Single,41870,0.0,Y,22,8,1,1.0,4,0,0,0
6.4450769745647225,17,4,3,4.0,2.0,2.0,44,Travel_Rarely,Research & Development,5,1,Other,1,2259,Male,3,Research Scientist,Single,52280,1.0,Y,13,8,0,6.0,2,5,1,3
5.925027889335,15,2,3,2.0,4.0,2.0,36,Travel_Rarely,Research & Development,22,4,Life Sciences,1,4136,Male,1,Healthcare Representative,Married,29500,4.0,Y,14,8,0,8.0,1,6,0,0
8.853866577420556,15,3,3,2.0,2.0,3.0,42,Travel_Rarely,Research & Development,23,4,Life Sciences,1,668,Female,1,Manager,Married,64470,6.0,Y,13,8,0,18.0,3,1,0,0
6.913614457831111,9,3,3,2.0,4.0,2.0,31,Travel_Rarely,Research & Development,8,1,Technical Degree,1,46,Male,1,Manufacturing Director,Married,29360,4.0,Y,12,8,1,10.0,2,8,7,7
5.695473003123333,20,3,3,1.0,3.0,3.0,31,Travel_Rarely,Human Resources,9,4,Human Resources,1,2470,Male,2,Laboratory Technician,Married,168850,2.0,Y,14,8,2,10.0,2,1,0,0
7.190539937527777,11,3,3,4.0,1.0,3.0,34,Travel_Frequently,Research & Development,6,2,Life Sciences,1,3530,Male,1,Research Director,Single,43060,0.0,Y,11,8,0,14.0,2,13,4,9
10.36644466755889,15,4,3,4.0,3.0,3.0,33,Travel_Rarely,Research & Development,8,2,Life Sciences,1,651,Female,2,Research Scientist,Divorced,161840,0.0,Y,13,8,1,10.0,2,9,0,8
10.192650602409444,7,3,3,3.0,1.0,3.0,49,Travel_Frequently,Research & Development,1,1,Medical,1,1503,Female,2,Research Scientist,Single,35910,9.0,Y,13,8,0,22.0,2,3,1,2
7.840915885765278,12,2,3,3.0,2.0,3.0,55,Travel_Rarely,Sales,9,3,Marketing,1,2614,Male,2,Laboratory Technician,Married,119160,4.0,Y,15,8,1,35.0,3,10,1,4
7.6112918340025,11,2,3,3.0,3.0,3.0,30,Non-Travel,Research & Development,17,4,Life Sciences,1,4364,Male,2,Healthcare Representative,Single,64300,1.0,Y,12,8,1,12.0,2,11,5,8
6.783846497099445,20,3,3,2.0,1.0,3.0,30,Travel_Rarely,Research & Development,1,3,Other,1,849,Male,3,Sales Executive,Married,179240,1.0,Y,13,8,2,10.0,2,10,6,7
7.074732262382778,4,3,4,4.0,4.0,3.0,26,Non-Travel,Research & Development,18,2,Medical,1,949,Male,1,Human Resources,Single,108800,1.0,Y,23,8,1,7.0,5,7,5,7
6.599556001784722,20,2,3,4.0,4.0,3.0,35,Travel_Rarely,Research & Development,1,4,Other,1,716,Female,2,Research Director,Married,81200,0.0,Y,13,8,0,10.0,2,9,0,0
10.293937974118611,8,2,3,1.0,2.0,3.0,24,Travel_Rarely,Research & Development,27,2,Medical,1,3097,Male,1,Research Scientist,Single,104220,1.0,Y,17,8,1,6.0,0,5,1,4
7.626444667558889,14,2,3,1.0,2.0,3.0,21,Travel_Frequently,Research & Development,9,3,Medical,1,3040,Female,4,Manufacturing Director,Single,178750,1.0,Y,12,8,0,3.0,5,3,1,2
7.638302097277778,20,2,4,4.0,3.0,2.0,47,Travel_Frequently,Research & Development,27,3,Life Sciences,1,287,Male,1,Research Scientist,Divorced,54410,9.0,Y,22,8,1,28.0,6,22,11,13
8.566610887996388,4,2,3,4.0,2.0,3.0,26,Travel_Rarely,Human Resources,2,1,Technical Degree,1,3980,Female,3,Sales Executive,Married,65780,0.0,Y,15,8,2,6.0,3,5,1,4
7.4178458277552775,9,3,3,4.0,4.0,3.0,34,Travel_Rarely,Sales,10,2,Life Sciences,1,3953,Female,5,Sales Executive,Single,77790,5.0,Y,12,8,1,6.0,2,2,2,2
6.281166889781111,16,3,3,4.0,3.0,3.0,39,Travel_Rarely,Research & Development,12,5,Medical,1,269,Female,1,Sales Representative,Single,62200,1.0,Y,14,8,2,20.0,2,20,11,10
6.7997568049975,11,2,3,2.0,4.0,2.0,45,Travel_Rarely,Research & Development,3,3,Medical,1,2559,Female,2,Sales Executive,Married,37600,0.0,Y,14,8,1,10.0,2,9,3,8
9.488990406068611,14,3,4,2.0,2.0,2.0,41,Travel_Rarely,Research & Development,18,4,Life Sciences,1,2865,Male,5,Laboratory Technician,Single,53470,1.0,Y,24,8,1,4.0,1,4,0,2
6.572102855867778,15,4,3,3.0,3.0,3.0,18,Non-Travel,Research & Development,2,4,Medical,1,571,Male,3,Laboratory Technician,Single,109650,1.0,Y,18,8,0,0.0,5,0,0,0
6.3645537706380555,19,3,3,4.0,4.0,3.0,50,Travel_Rarely,Research & Development,9,3,Medical,1,110,Female,3,Laboratory Technician,Single,98880,6.0,Y,15,8,0,20.0,2,4,1,3
10.289556001784723,5,3,3,4.0,4.0,2.0,58,Travel_Frequently,Sales,9,2,Technical Degree,1,403,Male,1,Sales Executive,Divorced,21530,9.0,Y,11,8,0,3.0,3,1,0,0
8.037553547523334,17,3,3,2.0,4.0,1.0,41,Travel_Rarely,Research & Development,7,2,Life Sciences,1,1213,Female,1,Research Scientist,Single,20990,8.0,Y,12,8,1,8.0,2,6,0,5
7.9443897813475,3,3,3,4.0,3.0,3.0,29,Travel_Rarely,Research & Development,16,3,Medical,1,2537,Female,1,Manufacturing Director,Divorced,22100,8.0,Y,11,8,1,11.0,4,7,1,6
7.361794957608056,20,2,3,3.0,1.0,3.0,36,Travel_Rarely,Sales,3,2,Marketing,1,2095,Male,4,Healthcare Representative,Divorced,178610,2.0,Y,18,8,0,17.0,2,7,7,7
9.69072289156611,7,3,4,3.0,3.0,3.0,49,Travel_Rarely,Research & Development,1,3,Life Sciences,1,1529,Male,3,Manufacturing Director,Single,73140,7.0,Y,22,8,0,25.0,2,7,0,7
6.059926372155278,9,3,3,4.0,1.0,3.0,29,Travel_Rarely,Research & Development,3,4,Other,1,3941,Female,2,Sales Representative,Divorced,55930,1.0,Y,13,8,1,1.0,3,1,0,0
9.242141900936945,9,3,3,1.0,3.0,3.0,58,Travel_Frequently,Research & Development,10,4,Technical Degree,1,1053,Female,1,Sales Representative,Married,29360,2.0,Y,13,8,1,23.0,3,2,2,2
7.670272199910555,4,3,3,3.0,2.0,3.0,41,Non-Travel,Sales,6,3,Life Sciences,1,2164,Female,1,Research Director,Single,27730,1.0,Y,11,8,0,19.0,3,19,11,9
6.064617358321945,16,3,3,4.0,1.0,2.0,37,Travel_Rarely,Research & Development,10,1,Technical Degree,1,3069,Male,1,Sales Executive,Divorced,133410,1.0,Y,14,8,1,18.0,3,18,12,17
9.128227353859723,17,2,3,4.0,2.0,3.0,40,Travel_Rarely,Sales,8,1,Other,1,2159,Male,1,Laboratory Technician,Single,59850,2.0,Y,13,8,3,9.0,1,5,1,0
7.048124721106389,18,2,3,2.0,4.0,3.0,34,Travel_Rarely,Research & Development,28,3,Technical Degree,1,4166,Male,1,Laboratory Technician,Divorced,107930,0.0,Y,11,8,3,3.0,1,2,1,2
6.446319723337778,15,3,4,3.0,3.0,3.0,34,Non-Travel,Research & Development,28,3,Medical,1,136,Male,1,Laboratory Technician,Married,56770,9.0,Y,20,8,1,6.0,3,3,1,2
6.258258589915,9,3,4,1.0,3.0,4.0,28,Travel_Frequently,Research & Development,2,3,Medical,1,2269,Male,1,Research Scientist,Married,22740,3.0,Y,20,8,1,5.0,5,3,1,2
9.18156626506,6,3,3,1.0,4.0,2.0,32,Travel_Rarely,Research & Development,1,1,Life Sciences,1,3183,Female,1,Healthcare Representative,Married,30220,1.0,Y,16,8,1,6.0,3,6,0,5
7.478154841588333,11,3,3,2.0,2.0,3.0,33,Travel_Rarely,Sales,3,3,Life Sciences,1,3893,Male,3,Manager,Married,97250,1.0,Y,11,8,0,14.0,0,14,2,13
10.092581436858334,12,3,3,3.0,4.0,3.0,28,Travel_Frequently,Sales,8,3,Life Sciences,1,1107,Male,4,Research Scientist,Married,11180,1.0,Y,11,8,0,7.0,3,7,0,7
10.354349620705,8,1,3,1.0,4.0,2.0,35,Travel_Rarely,Research & Development,9,3,Life Sciences,1,3850,Male,2,Manager,Divorced,173990,6.0,Y,12,8,0,7.0,3,2,2,2
7.2242782240069445,12,3,3,3.0,1.0,3.0,28,Travel_Rarely,Sales,1,2,Life Sciences,1,3990,Male,3,Manager,Married,44770,1.0,Y,15,8,0,3.0,6,3,1,2
10.355796519410834,3,3,3,3.0,3.0,3.0,35,Travel_Rarely,Research & Development,9,3,Life Sciences,1,667,Male,4,Healthcare Representative,Married,98240,0.0,Y,19,8,0,4.0,2,3,2,2
7.783695894689722,7,3,3,1.0,2.0,3.0,34,Travel_Rarely,Research & Development,8,2,Medical,1,1297,Male,1,Research Scientist,Married,58780,1.0,Y,14,8,0,5.0,1,5,1,3
6.0619667559125,13,2,3,4.0,2.0,2.0,49,Travel_Frequently,Research & Development,6,1,Medical,1,1211,Male,3,Healthcare Representative,Married,29960,2.0,Y,18,8,1,17.0,2,9,0,8
7.510110441766945,18,3,3,3.0,4.0,3.0,34,Travel_Rarely,Sales,14,2,Technical Degree,1,2555,Female,1,Sales Executive,Married,22350,2.0,Y,14,8,1,9.0,2,5,1,0
8.018044399821388,10,3,4,3.0,4.0,2.0,29,Travel_Rarely,Research & Development,7,1,Life Sciences,1,1442,Female,1,Research Scientist,Single,21800,1.0,Y,21,8,0,4.0,2,4,0,1
9.38149375278889,10,3,3,2.0,1.0,3.0,44,Travel_Rarely,Research & Development,26,2,Life Sciences,1,401,Male,2,Manufacturing Director,Married,76390,1.0,Y,14,8,0,8.0,6,8,7,1
7.123034359660833,5,3,3,3.0,1.0,2.0,49,Travel_Rarely,Research & Development,1,4,Life Sciences,1,2360,Male,3,Healthcare Representative,Married,69490,1.0,Y,14,8,1,10.0,2,9,1,4
9.591868585452778,13,2,3,2.0,1.0,2.0,30,Travel_Rarely,Research & Development,4,3,Life Sciences,1,3413,Female,5,Healthcare Representative,Married,56050,0.0,Y,12,8,1,9.0,0,8,1,7
7.457330432842222,5,3,3,3.0,1.0,2.0,37,Travel_Rarely,Research & Development,22,5,Medical,1,4401,Female,2,Manufacturing Director,Married,30550,2.0,Y,14,8,3,17.0,3,3,0,2
6.873401383310833,12,2,3,1.0,1.0,3.0,25,Travel_Rarely,Sales,16,4,Life Sciences,1,764,Male,2,Research Scientist,Married,198590,3.0,Y,19,8,0,6.0,3,3,2,2
6.0388688085675,17,2,3,3.0,4.0,1.0,28,Travel_Rarely,Sales,4,4,Life Sciences,1,4315,Male,2,Healthcare Representative,Married,54330,1.0,Y,13,8,1,5.0,4,5,0,2
6.781315261044167,11,3,3,1.0,4.0,3.0,44,Travel_Rarely,Research & Development,3,1,Life Sciences,1,2711,Female,1,Manufacturing Director,Married,23450,3.0,Y,15,8,2,24.0,0,22,5,17
10.693741633199444,7,3,4,1.0,1.0,3.0,26,Travel_Frequently,Research & Development,9,3,Life Sciences,1,2967,Female,1,Manager,Married,162910,1.0,Y,22,8,0,5.0,3,5,3,3
8.14505577867,8,3,3,2.0,3.0,3.0,29,Travel_Rarely,Research & Development,29,4,Technical Degree,1,3615,Female,1,Sales Representative,Divorced,28860,3.0,Y,13,8,0,10.0,4,7,7,7
6.6076416778222224,7,2,4,4.0,4.0,3.0,38,Travel_Rarely,Research & Development,16,3,Life Sciences,1,261,Male,5,Research Scientist,Single,147560,0.0,Y,20,8,1,8.0,3,7,0,5
8.492988621151111,5,3,3,3.0,4.0,4.0,43,Travel_Frequently,Research & Development,3,4,Life Sciences,1,2802,Male,1,Sales Executive,Married,24080,1.0,Y,12,8,1,25.0,3,25,4,12
7.323312137438611,19,3,4,4.0,4.0,3.0,26,Travel_Rarely,Sales,1,3,Marketing,1,476,Female,2,Research Scientist,Married,175840,1.0,Y,20,8,0,8.0,2,8,1,3
6.342000223114445,15,4,4,2.0,2.0,3.0,36,Travel_Rarely,Human Resources,25,1,Human Resources,1,4288,Male,2,Research Scientist,Divorced,31170,6.0,Y,21,8,1,7.0,2,3,0,1
7.4497612672911115,14,3,4,3.0,1.0,4.0,32,Travel_Rarely,Research & Development,24,3,Life Sciences,1,435,Male,4,Laboratory Technician,Married,37300,1.0,Y,25,8,1,8.0,4,8,6,3
6.933309906291667,16,3,3,3.0,4.0,,51,Travel_Rarely,Sales,6,2,Life Sciences,1,1471,Female,1,Healthcare Representative,Married,131160,1.0,Y,11,8,0,1.0,6,1,0,0
5.700886880856666,13,4,3,1.0,4.0,3.0,52,Travel_Rarely,Research & Development,5,4,Medical,1,492,Female,4,Human Resources,Married,14200,1.0,Y,13,8,1,33.0,2,32,6,9
7.756750334671945,9,1,3,2.0,1.0,2.0,46,Travel_Rarely,Sales,2,3,Life Sciences,1,4182,Female,1,Research Scientist,Single,34200,3.0,Y,13,8,2,22.0,3,2,2,1
6.033892235608889,9,4,3,3.0,2.0,3.0,50,Travel_Rarely,Research & Development,4,3,Life Sciences,1,4318,Female,2,Manufacturing Director,Single,43740,3.0,Y,15,8,1,21.0,5,5,4,4
6.469776885318889,15,2,4,3.0,2.0,,42,Travel_Rarely,Research & Development,10,3,Technical Degree,1,2710,Male,2,Laboratory Technician,Married,66510,0.0,Y,20,8,0,10.0,5,9,4,2
9.5781381079875,18,3,3,4.0,4.0,3.0,27,Travel_Rarely,Research & Development,2,4,Life Sciences,1,739,Male,1,Human Resources,Married,37080,1.0,Y,16,8,2,6.0,2,6,4,4
6.778573181615278,5,3,4,2.0,4.0,3.0,29,Travel_Rarely,Human Resources,8,3,Medical,1,3020,Male,3,Sales Representative,Single,25870,0.0,Y,22,8,2,4.0,3,3,2,2
5.622517849174445,16,2,4,1.0,2.0,2.0,50,Travel_Rarely,Sales,8,4,Life Sciences,1,22,Male,1,Research Scientist,Divorced,96670,3.0,Y,23,8,0,28.0,2,10,1,6
5.868133645693611,19,3,3,3.0,3.0,4.0,43,Travel_Frequently,Research & Development,14,3,Medical,1,1543,Female,5,Research Director,Divorced,38860,1.0,Y,17,8,2,9.0,2,9,0,0
7.812362784471111,6,2,3,2.0,4.0,3.0,42,Travel_Frequently,Sales,13,4,Life Sciences,1,1845,Female,2,Laboratory Technician,Single,22880,5.0,Y,16,8,1,8.0,4,2,2,2
7.206672244533611,7,1,3,4.0,2.0,3.0,24,Non-Travel,Research & Development,10,3,Life Sciences,1,3744,Female,2,Manager,Married,51600,1.0,Y,17,8,1,1.0,3,1,0,0
5.9894567157516665,23,2,3,3.0,3.0,3.0,44,Non-Travel,Research & Development,5,3,Life Sciences,1,3725,Male,1,Laboratory Technician,Single,23190,3.0,Y,18,8,0,7.0,4,5,0,3
6.141434627398334,13,3,3,4.0,3.0,3.0,32,Travel_Rarely,Research & Development,5,3,Technical Degree,1,2152,Female,1,Sales Executive,Married,96020,1.0,Y,13,8,1,10.0,3,10,1,1
5.84208723784,21,3,3,3.0,4.0,3.0,22,Travel_Rarely,Sales,29,4,Technical Degree,1,4281,Male,1,Sales Executive,Married,46630,0.0,Y,13,8,1,3.0,1,2,2,1
9.736163543061112,16,2,4,4.0,1.0,3.0,50,Travel_Rarely,Research & Development,20,2,Medical,1,688,Female,5,Laboratory Technician,Married,154020,4.0,Y,21,8,0,25.0,3,3,1,2
5.7294422132975,19,2,3,3.0,3.0,2.0,28,Travel_Rarely,Research & Development,19,4,Medical,1,341,Female,2,Sales Executive,Single,32040,6.0,Y,16,8,1,5.0,4,2,2,1
6.175866800535278,11,3,3,4.0,4.0,2.0,31,Travel_Frequently,Sales,3,3,Marketing,1,982,Male,2,Sales Executive,Single,46210,2.0,Y,18,8,1,9.0,3,5,1,4
5.826333110218611,22,3,3,3.0,1.0,3.0,49,Travel_Rarely,Research & Development,5,4,Life Sciences,1,3754,Female,1,Research Scientist,Married,34240,4.0,Y,11,8,0,10.0,3,3,1,2
6.6743574297186115,21,3,3,3.0,2.0,1.0,36,Travel_Rarely,Research & Development,13,3,Technical Degree,1,1098,Female,3,Healthcare Representative,Married,25170,2.0,Y,14,8,0,12.0,3,4,1,3
6.517942882641667,6,3,3,1.0,3.0,3.0,51,Travel_Rarely,Research & Development,3,2,Other,1,4276,Female,2,Sales Representative,Single,190490,7.0,Y,14,8,1,23.0,2,20,15,15
10.384712182061389,2,2,3,4.0,2.0,4.0,21,Travel_Rarely,Research & Development,1,4,Life Sciences,1,3498,Female,1,Research Scientist,Single,26100,1.0,Y,11,8,1,2.0,3,2,2,2
7.138784024988611,16,3,3,4.0,4.0,3.0,37,Travel_Rarely,Sales,5,1,Marketing,1,1498,Male,1,Research Scientist,Single,27050,1.0,Y,11,8,0,17.0,2,17,5,7
7.365437304774445,16,3,4,1.0,2.0,3.0,33,Travel_Rarely,Research & Development,7,2,Life Sciences,1,3749,Male,2,Research Scientist,Married,37370,8.0,Y,22,8,2,8.0,2,5,0,2
8.516719098616667,5,4,3,4.0,1.0,3.0,45,Non-Travel,Sales,2,3,Medical,1,1931,Female,1,Sales Executive,Married,66440,1.0,Y,12,8,0,9.0,3,9,0,8
5.905312360553055,8,3,3,2.0,1.0,2.0,35,Travel_Frequently,Human Resources,9,3,Other,1,1281,Female,2,Sales Representative,Married,40840,4.0,Y,13,8,1,5.0,3,3,1,2
5.896431280678056,5,3,3,2.0,4.0,3.0,33,Travel_Rarely,Research & Development,1,4,Medical,1,437,Female,4,Manufacturing Director,Single,44650,0.0,Y,13,8,0,6.0,3,5,1,4
8.418538598839723,3,3,3,4.0,3.0,3.0,37,Travel_Rarely,Research & Development,2,3,Life Sciences,1,1215,Male,1,Sales Executive,Single,56470,6.0,Y,19,8,0,7.0,2,0,0,0
5.867930611334167,21,2,3,3.0,2.0,4.0,54,Travel_Rarely,Research & Development,5,2,Life Sciences,1,253,Female,2,Sales Executive,Married,40140,2.0,Y,19,8,1,16.0,4,9,7,1
5.8674062918338885,6,3,4,1.0,4.0,3.0,44,Travel_Rarely,Human Resources,4,4,Life Sciences,1,3574,Male,5,Laboratory Technician,Married,76320,1.0,Y,21,8,0,10.0,3,10,7,7
7.8407329317266665,8,2,3,1.0,2.0,3.0,28,Travel_Rarely,Sales,2,4,Life Sciences,1,1753,Male,3,Research Scientist,Single,20750,7.0,Y,18,8,3,10.0,0,7,3,7
7.1089502454261115,10,3,3,3.0,4.0,2.0,52,Travel_Rarely,Research & Development,1,2,Medical,1,1443,Female,4,Manager,Single,83460,7.0,Y,14,8,0,6.0,5,2,2,2
6.718777331548333,14,3,3,3.0,1.0,3.0,48,Travel_Rarely,Research & Development,24,3,Technical Degree,1,781,Male,2,Research Scientist,Divorced,16010,4.0,Y,12,8,0,15.0,3,2,2,2
8.011686746987777,12,3,3,3.0,2.0,3.0,28,Travel_Rarely,Human Resources,1,3,Medical,1,879,Female,2,Laboratory Technician,Married,24130,1.0,Y,16,8,1,1.0,2,1,0,0
6.135591253904445,23,3,3,3.0,4.0,2.0,33,Travel_Rarely,Research & Development,2,4,Life Sciences,1,2929,Female,1,Sales Executive,Married,27660,1.0,Y,12,8,1,2.0,2,2,0,2
5.509510263275278,20,2,4,1.0,1.0,2.0,54,Travel_Rarely,Human Resources,9,3,Life Sciences,1,3075,Female,2,Manufacturing Director,Married,63230,4.0,Y,23,8,1,24.0,2,4,1,2
8.116948906738056,5,2,3,3.0,1.0,3.0,56,Travel_Rarely,Research & Development,4,3,Life Sciences,1,1388,Male,4,Manager,Divorced,25870,4.0,Y,12,8,0,19.0,2,2,2,2
7.365792057117222,14,2,3,4.0,1.0,3.0,50,Travel_Rarely,Research & Development,2,2,Medical,1,2390,Male,3,Sales Executive,Divorced,43770,5.0,Y,12,8,1,19.0,2,14,1,11
7.417846943328611,7,3,3,3.0,3.0,3.0,43,Travel_Rarely,Research & Development,2,4,Life Sciences,1,928,Female,1,Research Scientist,Married,24220,1.0,Y,11,8,1,14.0,2,14,6,11
8.465905845604444,12,3,3,2.0,4.0,2.0,29,Travel_Rarely,Research & Development,23,3,Medical,1,602,Male,1,Sales Executive,Married,79690,0.0,Y,14,8,0,6.0,3,5,1,3
8.930445113788334,15,4,3,3.0,4.0,2.0,47,Travel_Rarely,Research & Development,6,4,Other,1,1805,Male,2,Manager,Married,63470,1.0,Y,14,8,0,26.0,2,26,3,0
6.461839580544167,8,3,3,1.0,4.0,3.0,31,Travel_Rarely,Research & Development,16,3,Medical,1,773,Male,2,Human Resources,Divorced,27820,1.0,Y,19,8,1,13.0,5,13,9,9
10.433319946452222,4,2,3,1.0,2.0,3.0,24,Travel_Rarely,Research & Development,27,2,Medical,1,1627,Male,1,Research Scientist,Single,104220,1.0,Y,17,8,1,6.0,0,5,1,4
9.79372266845139,17,3,4,4.0,3.0,4.0,34,Travel_Frequently,Research & Development,7,2,Medical,1,1415,Male,4,Sales Representative,Divorced,29740,1.0,Y,23,8,0,5.0,2,5,2,0
7.691446898705833,10,3,4,4.0,2.0,3.0,29,Travel_Rarely,Research & Development,1,2,Medical,1,4012,Male,3,Sales Executive,Married,26780,1.0,Y,25,8,1,1.0,3,1,0,0
7.113247434181111,10,2,3,2.0,3.0,4.0,35,Travel_Rarely,Research & Development,8,1,Technical Degree,1,2515,Female,3,Manufacturing Director,Married,53460,0.0,Y,14,8,0,6.0,3,5,0,3
7.446529451137778,17,3,3,4.0,1.0,3.0,33,Travel_Rarely,Research & Development,8,5,Medical,1,2495,Male,2,Laboratory Technician,Married,82240,6.0,Y,19,8,0,14.0,3,10,7,6
6.457131860776389,13,3,4,4.0,3.0,1.0,56,Travel_Rarely,Sales,10,4,Other,1,2657,Male,2,Sales Executive,Married,40780,8.0,Y,24,8,1,14.0,3,10,9,8
7.0099609549308335,10,3,3,3.0,2.0,3.0,32,Travel_Frequently,Sales,10,3,Life Sciences,1,2093,Female,1,Sales Executive,Married,102660,1.0,Y,11,8,0,2.0,3,2,2,2
6.57432507809,12,3,3,1.0,3.0,3.0,56,Travel_Frequently,Research & Development,1,2,Life Sciences,1,1985,Female,2,Manufacturing Director,Married,52280,2.0,Y,11,8,0,18.0,4,5,0,3
5.796996876394444,16,3,3,3.0,2.0,2.0,39,Non-Travel,Research & Development,6,3,Life Sciences,1,559,Male,1,Laboratory Technician,Single,28510,9.0,Y,15,8,0,9.0,2,5,0,3
6.8807463186075,20,3,3,2.0,4.0,3.0,33,Travel_Rarely,Research & Development,2,2,Technical Degree,1,3395,Male,2,Laboratory Technician,Single,34790,3.0,Y,12,8,0,5.0,3,3,0,2
7.509809236947778,8,4,3,,3.0,2.0,29,Travel_Rarely,Research & Development,23,4,Life Sciences,1,847,Female,2,Healthcare Representative,Married,45370,6.0,Y,18,8,1,5.0,5,1,0,0
6.653795180722778,5,3,3,3.0,1.0,3.0,29,Travel_Frequently,Human Resources,2,4,Human Resources,1,2578,Male,2,Sales Executive,Single,28750,1.0,Y,11,8,0,1.0,3,1,0,0
6.179125390450555,16,4,3,3.0,4.0,3.0,32,Non-Travel,Research & Development,3,1,Life Sciences,1,2601,Male,3,Manager,Divorced,62090,5.0,Y,17,8,1,9.0,5,5,1,2
6.567718652387223,22,4,3,2.0,4.0,3.0,42,Travel_Rarely,Sales,21,2,Life Sciences,1,3507,Female,1,Healthcare Representative,Single,22010,4.0,Y,12,8,1,16.0,3,1,0,0
8.21362672913861,14,3,3,3.0,4.0,4.0,43,Travel_Frequently,Research & Development,3,4,Life Sciences,1,1332,Male,1,Sales Executive,Married,24080,1.0,Y,12,8,1,25.0,3,25,4,12
6.299940874609445,10,2,3,3.0,1.0,3.0,33,Travel_Frequently,Sales,9,2,Marketing,1,4192,Male,4,Human Resources,Married,29090,2.0,Y,11,8,0,10.0,2,5,1,3
7.0311278447119445,13,3,4,4.0,4.0,2.0,34,Travel_Rarely,Research & Development,3,2,Technical Degree,1,2171,Male,2,Research Director,Divorced,26590,0.0,Y,24,8,3,10.0,2,9,1,6
5.761482597054722,22,2,3,3.0,4.0,2.0,28,Travel_Rarely,Sales,7,5,Life Sciences,1,1133,Female,2,Sales Representative,Divorced,171230,5.0,Y,15,8,1,6.0,2,4,0,3
7.612337126282778,10,4,3,3.0,4.0,3.0,38,Travel_Rarely,Sales,4,4,Life Sciences,1,1392,Male,1,Manufacturing Director,Single,70820,1.0,Y,14,8,0,2.0,3,2,2,1
6.382029228023056,8,4,3,1.0,2.0,1.0,37,Travel_Rarely,Sales,15,3,Marketing,1,1957,Male,2,Laboratory Technician,Married,44850,5.0,Y,11,8,1,15.0,2,1,0,0
8.849914100847778,4,3,3,3.0,1.0,2.0,46,Travel_Frequently,Research & Development,12,1,Medical,1,4246,Male,1,Laboratory Technician,Married,20740,2.0,Y,15,8,1,21.0,3,10,9,5
6.881810575635833,17,3,3,3.0,1.0,2.0,56,Travel_Frequently,Research & Development,20,4,Life Sciences,1,1614,Female,3,Sales Executive,Married,53210,9.0,Y,14,8,0,36.0,1,7,7,7
9.017194332886945,15,3,3,2.0,3.0,2.0,50,Travel_Rarely,Research & Development,5,4,Life Sciences,1,509,Male,1,Sales Executive,Married,118780,2.0,Y,13,8,1,29.0,2,8,7,7
6.480346943328611,8,3,3,3.0,4.0,2.0,31,Travel_Rarely,Research & Development,2,4,Life Sciences,1,3139,Female,1,Sales Executive,Divorced,29090,9.0,Y,14,8,2,10.0,2,5,0,1
7.355946006246945,6,4,3,2.0,4.0,2.0,39,Travel_Rarely,Sales,25,3,Medical,1,4145,Male,2,Sales Executive,Married,197010,0.0,Y,11,8,0,21.0,3,20,9,6
8.696416778223888,14,2,3,3.0,3.0,3.0,34,Travel_Rarely,Research & Development,2,2,Life Sciences,1,3446,Male,1,Sales Representative,Married,64100,1.0,Y,13,8,1,1.0,5,1,0,0
7.4196017402944445,12,3,3,3.0,1.0,4.0,25,Travel_Rarely,Sales,5,3,Marketing,1,381,Female,4,Research Scientist,Married,27560,1.0,Y,12,8,2,5.0,2,5,0,3
8.42286702365,10,2,3,3.0,3.0,3.0,42,Travel_Rarely,Sales,7,4,Medical,1,3033,Male,3,Research Scientist,Divorced,22260,0.0,Y,12,8,1,4.0,3,3,1,0
6.965866800535278,18,3,3,3.0,3.0,3.0,40,Travel_Rarely,Research & Development,17,4,Life Sciences,1,4140,Male,1,Manager,Married,35780,2.0,Y,14,8,1,20.0,2,5,0,2
6.604520303435834,10,2,3,3.0,1.0,3.0,40,Non-Travel,Research & Development,1,4,Technical Degree,1,201,Female,2,Laboratory Technician,Divorced,30680,3.0,Y,19,8,0,20.0,3,1,0,1
6.019969879518055,12,2,3,3.0,3.0,2.0,45,Non-Travel,Sales,2,3,Life Sciences,1,2434,Female,2,Manufacturing Director,Married,83960,3.0,Y,15,8,2,25.0,3,23,14,4
5.475846720214166,22,3,3,4.0,4.0,3.0,42,Travel_Rarely,Research & Development,8,2,Life Sciences,1,3812,Female,5,Manager,Single,40140,8.0,Y,13,8,1,24.0,3,1,0,1
7.15859437751,17,3,3,1.0,2.0,3.0,55,Travel_Rarely,Research & Development,23,1,Life Sciences,1,3890,Male,5,Laboratory Technician,Divorced,23420,5.0,Y,11,8,2,8.0,2,4,1,2
7.5487639446675,15,3,3,4.0,1.0,3.0,55,Travel_Rarely,Human Resources,7,3,Human Resources,1,3251,Male,4,Laboratory Technician,Married,74280,5.0,Y,12,8,0,24.0,2,5,1,4
8.841412315930278,20,3,4,3.0,4.0,2.0,42,Travel_Rarely,Research & Development,18,1,Technical Degree,1,3326,Female,2,Research Scientist,Married,199990,2.0,Y,23,8,1,17.0,6,5,1,3
5.782473226238055,12,3,3,3.0,1.0,3.0,42,Travel_Rarely,Sales,23,3,Marketing,1,742,Female,3,Research Scientist,Married,26420,0.0,Y,13,8,1,21.0,3,20,0,9
10.213231816153334,7,3,3,4.0,2.0,3.0,22,Travel_Rarely,Research & Development,16,2,Life Sciences,1,2552,Female,2,Laboratory Technician,Single,35790,1.0,Y,19,8,3,1.0,3,1,0,0
6.858602186523611,10,1,3,4.0,2.0,4.0,20,Travel_Rarely,Research & Development,17,4,Medical,1,3170,Female,1,Sales Representative,Single,22930,1.0,Y,13,8,2,1.0,3,1,0,0
6.015600178491667,19,3,3,3.0,1.0,3.0,27,Travel_Rarely,Sales,27,3,Life Sciences,1,3178,Male,2,Research Scientist,Divorced,22930,0.0,Y,18,8,0,5.0,0,4,0,2
6.086103302097222,12,2,3,4.0,3.0,3.0,38,Travel_Rarely,Research & Development,8,2,Life Sciences,1,3955,Female,2,Sales Executive,Married,32010,1.0,Y,11,8,1,5.0,3,5,0,4
7.7513821954483335,4,3,3,,4.0,2.0,21,Travel_Rarely,Research & Development,1,3,Medical,1,406,Male,2,Sales Executive,Single,104000,1.0,Y,13,8,1,1.0,2,1,0,0
7.1114480142791665,7,2,3,4.0,4.0,3.0,45,Travel_Rarely,Research & Development,28,3,Life Sciences,1,903,Female,2,Laboratory Technician,Divorced,50670,1.0,Y,11,8,2,10.0,3,10,3,9
5.940058009816944,6,3,3,3.0,2.0,2.0,36,Travel_Frequently,Sales,5,2,Marketing,1,643,Female,1,Laboratory Technician,Married,47170,1.0,Y,19,8,1,12.0,3,11,0,7
8.236796073181388,18,2,3,3.0,2.0,3.0,25,Travel_Rarely,Research & Development,1,2,Life Sciences,1,1896,Male,1,Sales Executive,Married,32120,1.0,Y,15,8,1,1.0,3,1,0,0
6.615643685854445,7,1,3,2.0,3.0,3.0,42,Travel_Rarely,Research & Development,4,4,Life Sciences,1,24,Male,1,Manufacturing Director,Married,89260,1.0,Y,14,8,0,,4,20,11,6
5.9794433288708335,16,1,3,3.0,3.0,3.0,49,Travel_Rarely,Research & Development,21,3,Medical,1,3878,Male,2,Manufacturing Director,Single,23800,4.0,Y,13,8,0,23.0,3,8,0,0
6.809404283801666,22,3,3,4.0,2.0,2.0,51,Travel_Rarely,Research & Development,4,1,Medical,1,714,Female,3,Manufacturing Director,Single,40280,3.0,Y,14,8,0,29.0,3,5,0,3
9.851633199464445,15,3,3,3.0,3.0,3.0,28,Travel_Rarely,Research & Development,1,4,Life Sciences,1,1227,Male,5,Research Director,Single,100960,5.0,Y,13,8,0,6.0,2,4,0,3
6.281050870147222,15,3,3,2.0,2.0,2.0,42,Travel_Rarely,Human Resources,1,3,Other,1,1006,Female,1,Healthcare Representative,Divorced,174650,8.0,Y,13,8,1,7.0,3,5,0,4
7.629564926371945,12,3,3,1.0,4.0,3.0,53,Travel_Rarely,Research & Development,11,3,Medical,1,1231,Male,2,Manager,Married,21090,2.0,Y,13,8,0,31.0,3,25,3,7
6.180560017849166,17,3,3,4.0,4.0,2.0,36,Travel_Rarely,Research & Development,4,2,Life Sciences,1,3456,Female,2,Human Resources,Single,44780,0.0,Y,18,8,1,15.0,3,14,7,8
7.2160408299863885,12,3,3,2.0,3.0,3.0,30,Travel_Rarely,Sales,5,4,Medical,1,3085,Female,2,Manufacturing Director,Single,54100,0.0,Y,17,8,1,6.0,2,5,4,4
6.249265952699444,16,3,3,2.0,4.0,3.0,35,Travel_Rarely,Research & Development,10,5,Medical,1,3191,Female,4,Laboratory Technician,Single,134580,1.0,Y,11,8,0,17.0,3,17,11,8
6.930098170459445,9,4,3,1.0,4.0,3.0,51,Travel_Frequently,Research & Development,6,3,Life Sciences,1,1349,Female,1,Manager,Single,15690,2.0,Y,11,8,0,18.0,2,4,0,3
8.653307675145,17,3,4,4.0,4.0,3.0,43,Travel_Rarely,Sales,1,3,Marketing,1,1448,Female,2,Manufacturing Director,Married,29320,5.0,Y,24,8,0,22.0,3,17,1,9
6.832543507362778,9,1,3,1.0,2.0,3.0,36,Non-Travel,Research & Development,1,3,Life Sciences,1,2596,Male,2,Research Scientist,Married,28380,1.0,Y,19,8,2,5.0,5,5,0,2
7.274043953591945,19,3,3,4.0,3.0,3.0,29,Travel_Rarely,Research & Development,2,2,Life Sciences,1,2432,Male,2,Research Scientist,Married,192370,9.0,Y,11,8,1,9.0,2,5,1,2
5.897547969656389,9,4,3,4.0,3.0,3.0,29,Non-Travel,Research & Development,10,4,Technical Degree,1,2838,Male,3,Healthcare Representative,Married,58690,1.0,Y,11,8,1,10.0,6,10,0,9
7.093365684961944,15,2,3,4.0,4.0,2.0,58,Travel_Rarely,Sales,2,2,Medical,1,1339,Female,1,Research Scientist,Married,43850,1.0,Y,13,8,1,40.0,2,40,15,6
5.778278670236389,13,4,3,4.0,3.0,3.0,29,Non-Travel,Research & Development,10,4,Technical Degree,1,1368,Male,3,Healthcare Representative,Married,58690,1.0,Y,11,8,1,10.0,6,10,0,9
5.951873047746389,13,3,3,2.0,3.0,2.0,29,Travel_Rarely,Research & Development,10,2,Medical,1,1785,Male,3,Manufacturing Director,Married,169590,4.0,Y,14,8,3,11.0,5,8,1,1
5.5481124497991665,23,3,3,2.0,4.0,2.0,34,Travel_Rarely,Research & Development,2,2,Life Sciences,1,2330,Male,2,Research Scientist,Married,65860,9.0,Y,18,8,1,9.0,3,2,2,1
8.163865461847223,10,4,3,3.0,4.0,3.0,44,Travel_Rarely,Human Resources,1,3,Life Sciences,1,957,Male,1,Research Scientist,Married,48340,1.0,Y,14,8,0,9.0,1,8,6,7
8.331709058455834,16,3,3,3.0,3.0,3.0,43,Travel_Rarely,Sales,27,4,Life Sciences,1,3079,Male,2,Sales Representative,Divorced,39770,4.0,Y,18,8,1,8.0,3,5,0,2
5.781880856760278,9,2,3,3.0,4.0,3.0,40,Travel_Rarely,Sales,4,3,Medical,1,2172,Male,2,Sales Executive,Single,94340,1.0,Y,13,8,1,9.0,3,9,8,8
6.020372601516945,18,3,4,4.0,4.0,4.0,32,Travel_Frequently,Sales,2,3,Marketing,1,2827,Male,3,Laboratory Technician,Divorced,77560,0.0,Y,21,8,0,9.0,3,8,0,7
6.872337126282778,14,2,3,4.0,1.0,2.0,41,Travel_Frequently,Sales,10,2,Medical,1,2830,Female,3,Manufacturing Director,Divorced,79450,4.0,Y,12,8,1,21.0,6,7,7,7
9.873343373493888,19,2,3,1.0,2.0,2.0,29,Travel_Rarely,Research & Development,1,2,Medical,1,3871,Male,2,Sales Representative,Divorced,42400,1.0,Y,14,8,0,10.0,2,10,0,9
8.088929049531389,20,3,4,4.0,3.0,4.0,29,Travel_Frequently,Research & Development,8,4,Life Sciences,1,3933,Female,1,Sales Executive,Single,23770,8.0,Y,21,8,1,10.0,2,3,0,2
6.4058913431502775,14,3,4,1.0,4.0,4.0,29,Travel_Frequently,Research & Development,5,1,Medical,1,3808,Female,1,Research Scientist,Divorced,62440,1.0,Y,22,8,0,6.0,3,6,1,3
8.860967202141667,6,2,3,4.0,4.0,3.0,41,Travel_Rarely,Research & Development,1,3,Life Sciences,1,4368,Male,2,Human Resources,Single,68830,3.0,Y,19,8,2,16.0,3,1,0,0
6.133026550646944,14,3,3,3.0,4.0,3.0,33,Travel_Rarely,Sales,3,3,Medical,1,4183,Male,1,Manufacturing Director,Single,43730,4.0,Y,14,8,0,7.0,3,1,0,0
6.241831771530555,21,1,3,1.0,3.0,2.0,49,Travel_Rarely,Research & Development,7,3,Life Sciences,1,3727,Male,3,Laboratory Technician,Married,53240,2.0,Y,19,8,0,20.0,2,3,1,2
9.322776662204166,5,3,3,3.0,3.0,3.0,30,Non-Travel,Research & Development,2,4,Other,1,674,Male,1,Research Scientist,Single,20960,7.0,Y,11,8,3,10.0,2,8,1,7
10.547551316376389,10,3,3,4.0,1.0,3.0,46,Travel_Rarely,Sales,12,3,Marketing,1,521,Female,3,Healthcare Representative,Divorced,89430,8.0,Y,12,8,1,19.0,6,16,1,7
10.169853859883888,2,3,3,1.0,4.0,4.0,39,Travel_Rarely,Research & Development,17,4,Technical Degree,1,729,Female,2,Healthcare Representative,Married,104750,3.0,Y,11,8,1,8.0,3,5,1,4
9.855880187416112,13,2,3,4.0,3.0,3.0,35,Travel_Rarely,Research & Development,4,3,Life Sciences,1,1165,Male,2,Healthcare Representative,Married,78980,7.0,Y,15,8,0,5.0,2,2,2,2
7.843039937527778,4,1,3,2.0,4.0,4.0,34,Travel_Rarely,Sales,28,3,Life Sciences,1,3891,Female,2,Research Scientist,Married,176500,1.0,Y,19,8,1,15.0,6,15,4,13
8.816842927264444,11,3,3,3.0,4.0,3.0,23,Travel_Rarely,Research & Development,12,2,Medical,1,3896,Male,2,Research Scientist,Divorced,75250,1.0,Y,14,8,2,3.0,2,3,0,2
8.626556224899444,15,2,3,3.0,4.0,3.0,46,Travel_Rarely,Research & Development,2,3,Life Sciences,1,176,Male,1,Healthcare Representative,Married,88370,2.0,Y,18,8,0,15.0,3,3,1,2
10.699948683623333,4,3,3,4.0,3.0,1.0,38,Travel_Rarely,Sales,10,3,Medical,1,1772,Male,4,Laboratory Technician,Married,181720,6.0,Y,12,8,2,6.0,5,1,0,1
8.68441320838889,17,2,3,3.0,2.0,1.0,35,Travel_Rarely,Sales,24,3,Medical,1,468,Male,3,Healthcare Representative,Divorced,20700,1.0,Y,13,8,3,5.0,1,4,0,2
7.697816822846667,9,3,3,4.0,4.0,4.0,35,Travel_Frequently,Research & Development,3,3,Medical,1,591,Female,2,Laboratory Technician,Married,22580,1.0,Y,11,8,1,2.0,2,2,2,2
7.219009370816389,5,3,3,3.0,4.0,4.0,28,Travel_Rarely,Sales,9,3,Medical,1,3966,Female,2,Sales Executive,Married,47660,1.0,Y,12,8,0,5.0,3,5,0,3
6.259245872378333,10,2,3,3.0,1.0,3.0,27,Travel_Frequently,Research & Development,13,4,Medical,1,2883,Male,1,Manager,Married,44010,5.0,Y,13,8,0,6.0,4,2,2,0
10.250703926818334,6,3,3,4.0,2.0,3.0,22,Travel_Rarely,Research & Development,16,2,Life Sciences,1,1082,Female,2,Laboratory Technician,Single,35790,1.0,Y,19,8,3,1.0,3,1,0,0
8.234447791164444,8,2,3,2.0,1.0,2.0,24,Travel_Frequently,Sales,3,3,Life Sciences,1,2273,Male,2,Research Scientist,Single,76540,2.0,Y,17,8,1,4.0,3,0,0,0
6.346180276661944,17,2,4,4.0,4.0,3.0,38,Travel_Rarely,Research & Development,16,3,Life Sciences,1,3201,Male,5,Research Scientist,Single,147560,0.0,Y,20,8,1,8.0,3,7,0,5
8.224201249441945,16,2,3,3.0,1.0,3.0,35,Travel_Rarely,Human Resources,3,2,Life Sciences,1,1270,Female,1,Laboratory Technician,Married,63880,3.0,Y,13,8,0,4.0,6,2,2,2
10.090944890673612,5,3,3,3.0,4.0,2.0,36,Travel_Rarely,Research & Development,26,4,Medical,1,407,Male,1,Laboratory Technician,Married,84740,0.0,Y,14,8,0,17.0,3,16,4,11
9.943325524319444,4,2,3,3.0,4.0,3.0,59,Travel_Rarely,Research & Development,16,4,Medical,1,486,Female,5,Laboratory Technician,Single,186650,3.0,Y,12,8,0,30.0,3,5,4,3
5.897196564033889,8,2,3,4.0,4.0,3.0,29,Travel_Rarely,Research & Development,2,4,Medical,1,4407,Male,1,Laboratory Technician,Divorced,26790,2.0,Y,15,8,0,10.0,2,3,0,2
6.201927710843333,16,3,3,1.0,1.0,4.0,56,Travel_Rarely,Research & Development,10,4,Other,1,3706,Male,2,Sales Representative,Married,42580,2.0,Y,16,8,0,5.0,2,3,1,0
8.031205934850277,11,3,3,1.0,2.0,4.0,19,Non-Travel,Sales,2,2,Other,1,2105,Male,3,Healthcare Representative,Single,98240,1.0,Y,18,8,0,1.0,2,1,0,0
7.521928826416667,6,3,3,4.0,2.0,3.0,25,Travel_Rarely,Research & Development,11,3,Medical,1,1730,Male,2,Manufacturing Director,Married,100960,0.0,Y,11,8,1,4.0,3,3,1,2
7.086806113342222,14,4,3,2.0,4.0,2.0,39,Travel_Rarely,Sales,25,3,Medical,1,1205,Male,2,Sales Executive,Married,197010,0.0,Y,11,8,0,21.0,3,20,9,6
6.278994868362222,21,2,3,3.0,1.0,3.0,40,Non-Travel,Research & Development,1,4,Technical Degree,1,3141,Female,2,Laboratory Technician,Divorced,30680,3.0,Y,19,8,0,20.0,3,1,0,1
8.1056938866575,17,1,4,3.0,4.0,1.0,26,Travel_Rarely,Sales,1,3,Marketing,1,3146,Female,2,Manufacturing Director,Single,24260,1.0,Y,22,8,0,1.0,3,1,0,0
5.655350290048889,14,2,3,1.0,1.0,3.0,33,Travel_Rarely,Research & Development,8,4,Life Sciences,1,3302,Male,3,Laboratory Technician,Divorced,24510,1.0,Y,13,8,1,9.0,3,9,0,8
6.984533690316667,14,2,3,2.0,3.0,4.0,35,Travel_Rarely,Research & Development,8,1,Technical Degree,1,3985,Female,3,Manufacturing Director,Married,53460,0.0,Y,14,8,0,6.0,3,5,0,3
6.6695002231144445,20,4,3,3.0,1.0,4.0,34,Travel_Rarely,Sales,4,3,Life Sciences,1,707,Male,2,Research Scientist,Single,88470,1.0,Y,16,8,0,10.0,3,10,9,6
6.898489513609722,11,3,4,3.0,1.0,2.0,43,Travel_Rarely,Research & Development,7,2,Life Sciences,1,76,Female,2,Manager,Married,65000,8.0,Y,23,8,0,10.0,3,1,0,0
7.3217224453366665,16,2,3,1.0,3.0,3.0,25,Travel_Rarely,Sales,29,1,Medical,1,4291,Female,3,Research Scientist,Married,30690,2.0,Y,14,8,1,6.0,3,2,2,2
7.669458946898611,7,3,3,3.0,4.0,3.0,32,Travel_Rarely,Research & Development,18,3,Life Sciences,1,2644,Male,2,Manager,Married,63770,1.0,Y,12,8,2,14.0,3,14,5,7
7.849943105756111,6,3,3,4.0,1.0,3.0,33,Travel_Rarely,Research & Development,8,5,Medical,1,3965,Male,2,Laboratory Technician,Married,82240,6.0,Y,19,8,0,14.0,3,10,7,6
6.540616912092778,20,2,3,2.0,2.0,3.0,51,Travel_Frequently,Research & Development,20,3,Medical,1,730,Male,2,Sales Executive,Married,148140,2.0,Y,11,8,1,14.0,2,4,3,2
8.893444890673612,5,3,3,4.0,1.0,3.0,52,Travel_Rarely,Sales,2,1,Medical,1,211,Male,1,Laboratory Technician,Divorced,99800,,Y,11,8,1,18.0,2,10,6,9
6.10411869701,15,3,3,3.0,1.0,3.0,36,Travel_Rarely,Research & Development,1,3,Life Sciences,1,4174,Male,1,Research Director,Single,54860,7.0,Y,12,8,1,10.0,2,5,0,3
6.9092838018738885,15,4,3,4.0,4.0,3.0,27,Travel_Frequently,Research & Development,26,4,Medical,1,2187,Female,1,Research Director,Single,46470,3.0,Y,17,8,0,8.0,3,6,0,0
8.694279339580278,6,3,3,4.0,3.0,2.0,37,Travel_Rarely,Sales,9,4,Marketing,1,1699,Female,2,Laboratory Technician,Married,20860,4.0,Y,14,8,0,17.0,3,3,1,0
7.710834448906667,11,3,3,3.0,4.0,3.0,34,Travel_Rarely,Sales,14,2,Technical Degree,1,4025,Female,1,Sales Executive,Married,22350,2.0,Y,14,8,1,9.0,2,5,1,0
5.636912092815556,19,4,4,4.0,4.0,1.0,40,Non-Travel,Research & Development,28,2,Life Sciences,1,4361,Male,1,Manufacturing Director,Married,167040,9.0,Y,22,8,0,5.0,2,3,0,2
5.9402253458275,10,3,3,3.0,4.0,3.0,35,Travel_Rarely,Research & Development,10,1,Medical,1,1253,Male,1,Research Scientist,Divorced,57650,1.0,Y,14,8,1,1.0,2,1,0,0
6.803904506916389,17,3,4,2.0,1.0,2.0,22,Travel_Rarely,Research & Development,8,3,Other,1,1947,Male,2,Sales Representative,Married,49070,1.0,Y,21,8,1,4.0,2,4,1,1
6.83047188755,15,3,3,2.0,3.0,3.0,31,Travel_Frequently,Sales,4,3,Life Sciences,1,3695,Male,2,Manager,Single,30570,1.0,Y,19,8,0,1.0,3,1,0,0
6.610930388219445,23,3,3,1.0,4.0,3.0,26,Travel_Rarely,Research & Development,4,3,Life Sciences,1,3801,Male,1,Research Director,Married,32940,1.0,Y,11,8,0,1.0,6,1,0,0
7.439197902721944,5,2,3,4.0,3.0,1.0,32,Travel_Rarely,Research & Development,6,3,Technical Degree,1,3924,Male,1,Research Scientist,Married,36600,3.0,Y,11,8,2,10.0,0,4,0,2
9.105522088353334,8,3,4,4.0,3.0,2.0,19,Travel_Rarely,Research & Development,5,2,Life Sciences,1,4280,Male,1,Manager,Single,53320,1.0,Y,23,8,1,0.0,2,0,0,0
7.4036345381525,16,4,3,3.0,2.0,3.0,35,Travel_Rarely,Sales,16,2,Technical Degree,1,87,Male,3,Manager,Single,25440,0.0,Y,13,8,1,17.0,3,16,0,13
7.170908076751389,5,2,3,3.0,3.0,3.0,29,Travel_Rarely,Research & Development,20,1,Medical,1,2385,Female,2,Manager,Single,41630,9.0,Y,15,8,1,8.0,4,5,1,4
6.134392012494167,13,3,3,1.0,1.0,3.0,25,Travel_Rarely,Research & Development,5,2,Life Sciences,1,148,Female,3,Laboratory Technician,Married,26600,5.0,Y,13,8,0,6.0,3,2,0,2
6.051971218206111,21,3,3,3.0,1.0,2.0,40,Travel_Rarely,Research & Development,2,2,Medical,1,3969,Male,1,Research Director,Married,25390,4.0,Y,12,8,1,7.0,3,4,0,2
7.227768853190278,6,2,3,3.0,2.0,2.0,40,Travel_Frequently,Research & Development,6,3,Medical,1,4243,Male,1,Healthcare Representative,Married,60770,1.0,Y,16,8,2,22.0,2,22,11,11
5.670995091476945,13,2,3,2.0,3.0,4.0,28,Non-Travel,Sales,9,4,Medical,1,4250,Male,2,Laboratory Technician,Married,23670,1.0,Y,13,8,0,5.0,2,5,0,4
7.7707764390894445,8,3,3,4.0,3.0,3.0,29,Travel_Rarely,Research & Development,16,3,Medical,1,4007,Female,1,Manufacturing Director,Divorced,22100,8.0,Y,11,8,1,11.0,4,7,1,6
8.273507362784445,7,3,3,1.0,2.0,4.0,34,Travel_Rarely,Research & Development,7,1,Medical,1,801,Male,1,Research Scientist,Single,62880,0.0,Y,15,8,1,16.0,2,15,10,10
6.466932173136945,14,3,4,3.0,3.0,3.0,34,Non-Travel,Research & Development,28,3,Medical,1,3076,Male,1,Laboratory Technician,Married,56770,9.0,Y,20,8,1,6.0,3,3,1,2
5.798940205265278,20,3,4,2.0,1.0,2.0,34,Travel_Frequently,Research & Development,2,4,Medical,1,798,Female,2,Sales Representative,Divorced,68770,7.0,Y,20,8,0,16.0,3,14,6,9
6.940966086568333,9,4,3,1.0,1.0,1.0,41,Non-Travel,Research & Development,12,3,Life Sciences,1,2077,Male,2,Sales Representative,Divorced,195660,6.0,Y,16,8,0,5.0,2,1,0,0
7.011237170905833,19,2,4,2.0,1.0,3.0,35,Travel_Rarely,Research & Development,2,3,Medical,1,2363,Female,2,Sales Executive,Married,21570,1.0,Y,25,8,0,16.0,1,16,1,10
7.081324185631389,20,1,3,3.0,2.0,3.0,41,Non-Travel,Sales,2,2,Medical,1,2441,Male,2,Research Scientist,Married,107980,6.0,Y,14,8,2,10.0,5,3,1,2
6.2227097278,10,3,3,3.0,1.0,3.0,27,Travel_Rarely,Sales,27,3,Life Sciences,1,238,Male,2,Research Scientist,Divorced,22930,0.0,Y,18,8,0,5.0,0,4,0,2
5.660257697456389,18,3,3,3.0,3.0,4.0,30,Travel_Rarely,Research & Development,1,2,Life Sciences,1,2277,Male,3,Sales Executive,Divorced,102210,0.0,Y,19,8,1,6.0,2,5,1,3
5.845593485051111,22,2,3,4.0,4.0,3.0,33,Travel_Rarely,Research & Development,7,3,Medical,1,932,Male,5,Sales Executive,Divorced,109990,1.0,Y,18,8,3,6.0,3,6,0,4
7.5125223114680555,12,3,4,1.0,3.0,2.0,30,Travel_Frequently,Research & Development,10,3,Life Sciences,1,4273,Female,3,Healthcare Representative,Divorced,28140,1.0,Y,24,8,0,10.0,2,10,0,9
6.039737840249722,17,2,3,4.0,4.0,1.0,22,Travel_Rarely,Research & Development,2,2,Life Sciences,1,373,Male,1,Sales Representative,Married,11020,6.0,Y,19,8,0,4.0,3,2,2,2
7.298584337349166,20,3,4,3.0,1.0,3.0,34,Travel_Rarely,Research & Development,10,3,Life Sciences,1,326,Male,3,Healthcare Representative,Married,47390,5.0,Y,24,8,2,6.0,2,3,1,2
7.498154841588334,19,3,3,4.0,3.0,3.0,55,Travel_Rarely,Research & Development,7,3,Medical,1,2748,Male,3,Research Scientist,Divorced,22720,2.0,Y,17,8,1,21.0,2,5,0,2
8.503131414546944,5,2,3,2.0,4.0,4.0,31,Travel_Rarely,Research & Development,1,4,Life Sciences,1,1663,Male,3,Research Director,Single,61420,4.0,Y,13,8,2,10.0,2,6,0,5
6.963438197233334,7,3,3,2.0,1.0,4.0,27,Travel_Rarely,Human Resources,11,4,Medical,1,3700,Male,4,Sales Executive,Married,66320,0.0,Y,16,8,0,6.0,3,5,1,4
10.646194779116389,1,3,3,4.0,4.0,2.0,41,Travel_Frequently,Research & Development,1,3,Life Sciences,1,3671,Male,4,Sales Executive,Divorced,191410,3.0,Y,12,8,1,12.0,2,6,3,3
6.0050401606425,12,3,3,3.0,2.0,2.0,45,Non-Travel,Research & Development,8,1,Life Sciences,1,439,Male,2,Sales Executive,Married,33190,1.0,Y,12,8,1,9.0,3,9,0,8
6.649094154395278,19,2,3,2.0,4.0,2.0,38,Travel_Rarely,Research & Development,9,4,Life Sciences,1,1742,Male,1,Sales Executive,Single,43120,0.0,Y,12,8,1,10.0,2,9,1,8
6.2728569834894445,9,2,3,3.0,1.0,3.0,27,Travel_Frequently,Research & Development,13,4,Medical,1,4353,Male,1,Manager,Married,44010,5.0,Y,13,8,0,6.0,4,2,2,0
8.641736947791111,15,3,3,4.0,4.0,2.0,30,Travel_Rarely,Sales,18,3,Life Sciences,1,1293,Male,4,Human Resources,Married,22960,1.0,Y,18,8,1,10.0,2,10,3,0
6.575541053101111,15,3,3,3.0,3.0,3.0,29,Travel_Rarely,Sales,10,2,Life Sciences,1,3746,Female,1,Sales Executive,Divorced,128080,1.0,Y,13,8,0,10.0,6,10,0,4
6.639234716644166,5,3,3,1.0,1.0,3.0,40,Travel_Rarely,Research & Development,3,3,Other,1,1091,Male,1,Sales Executive,Divorced,68330,2.0,Y,13,8,0,22.0,3,19,11,16
6.247565818830833,12,4,3,3.0,3.0,4.0,28,Travel_Rarely,Research & Development,1,3,Life Sciences,1,3471,Male,2,Healthcare Representative,Single,74570,3.0,Y,11,8,2,10.0,1,8,1,7
6.370842257920556,7,3,3,3.0,1.0,2.0,40,Travel_Rarely,Research & Development,2,2,Medical,1,2499,Male,1,Research Director,Married,25390,4.0,Y,12,8,1,7.0,3,4,0,2
7.604820392681667,3,3,3,4.0,4.0,4.0,49,Travel_Rarely,Sales,3,4,Marketing,1,997,Male,1,Sales Executive,Single,47280,3.0,Y,11,8,1,8.0,4,5,0,4
9.356103302097223,16,2,3,1.0,4.0,1.0,32,Travel_Rarely,Research & Development,9,1,Medical,1,1869,Female,1,Laboratory Technician,Single,27410,1.0,Y,15,8,1,1.0,5,1,0,1
5.831897590361389,18,1,3,3.0,4.0,2.0,36,Travel_Rarely,Human Resources,1,4,Life Sciences,1,963,Female,3,Research Scientist,Single,41070,3.0,Y,11,8,1,17.0,2,13,6,7
10.869733377956111,1,3,3,3.0,3.0,3.0,36,Travel_Rarely,Research & Development,18,1,Medical,1,2358,Male,2,Manufacturing Director,Married,67250,9.0,Y,17,8,1,7.0,3,3,1,1
6.885291164658611,17,3,4,4.0,2.0,3.0,38,Travel_Rarely,Research & Development,7,4,Medical,1,554,Male,1,Sales Executive,Single,66530,7.0,Y,20,8,1,10.0,2,1,0,0
6.714105310129167,16,2,3,3.0,2.0,1.0,47,Non-Travel,Research & Development,21,2,Medical,1,2634,Male,1,Sales Executive,Married,46390,0.0,Y,11,8,1,14.0,2,13,5,12
6.025345827755277,22,2,3,3.0,3.0,3.0,31,Travel_Frequently,Research & Development,2,1,Life Sciences,1,68,Female,1,Manager,Married,97130,1.0,Y,17,8,0,10.0,5,10,8,9
5.9027219991075,19,3,3,1.0,3.0,3.0,46,Travel_Rarely,Research & Development,6,4,Medical,1,3493,Male,3,Sales Executive,Married,21740,3.0,Y,11,8,1,23.0,3,12,4,9
6.440800981704444,19,2,3,2.0,4.0,3.0,54,Travel_Frequently,Sales,10,3,Life Sciences,1,2289,Female,4,Research Scientist,Divorced,37610,3.0,Y,12,8,0,26.0,3,14,1,12
7.779303882195277,4,1,3,2.0,4.0,3.0,32,Travel_Frequently,Sales,2,2,Life Sciences,1,4307,Female,1,Manufacturing Director,Single,21660,1.0,Y,19,8,1,9.0,4,9,3,7
6.0464982150825,13,2,3,4.0,3.0,3.0,38,Travel_Rarely,Research & Development,8,2,Life Sciences,1,1015,Female,2,Sales Executive,Married,32010,1.0,Y,11,8,1,5.0,3,5,0,4
6.387916108879722,19,2,4,3.0,1.0,2.0,35,Travel_Rarely,Sales,6,4,Medical,1,3303,Female,2,Manager,Single,94190,1.0,Y,24,8,1,6.0,5,6,1,1
7.598898929049445,11,4,3,3.0,3.0,3.0,26,Travel_Rarely,Research & Development,17,4,Life Sciences,1,1347,Male,2,Sales Executive,Married,48770,1.0,Y,13,8,1,8.0,5,8,5,7
7.22692994199,11,4,3,4.0,4.0,3.0,37,Travel_Rarely,Research & Development,16,3,Life Sciences,1,3205,Male,3,Manager,Single,33880,3.0,Y,11,8,0,4.0,2,1,0,0
6.398130298973611,8,3,3,2.0,1.0,2.0,42,Travel_Rarely,Research & Development,7,4,Other,1,3970,Female,2,Laboratory Technician,Married,57140,5.0,Y,11,8,0,10.0,2,0,0,0
5.8347322623827775,19,3,3,3.0,3.0,4.0,43,Travel_Frequently,Research & Development,14,3,Medical,1,3013,Female,5,Research Director,Divorced,38860,1.0,Y,17,8,2,9.0,2,9,0,0
6.2370716198125,14,3,3,4.0,4.0,3.0,45,Non-Travel,Research & Development,2,3,Medical,1,4371,Female,2,Research Scientist,Single,103680,6.0,Y,12,8,2,23.0,2,19,12,8
10.337910531012778,3,3,4,3.0,4.0,1.0,40,Travel_Frequently,Research & Development,26,4,Life Sciences,1,3528,Male,2,Research Scientist,Married,194060,3.0,Y,20,8,3,16.0,2,1,0,0
7.520240963855278,15,3,3,2.0,4.0,3.0,53,Travel_Rarely,Research & Development,24,3,Life Sciences,1,2416,Male,4,Research Director,Married,133200,3.0,Y,11,8,0,11.0,2,4,1,2
5.788009817045833,20,1,4,1.0,4.0,3.0,42,Travel_Rarely,Research & Development,3,4,Life Sciences,1,1561,Male,1,Manager,Single,10910,2.0,Y,22,8,0,16.0,0,1,0,0
6.032679607318055,15,3,3,3.0,3.0,3.0,22,Travel_Frequently,Research & Development,7,3,Medical,1,186,Female,2,Laboratory Technician,Single,37850,5.0,Y,13,8,2,4.0,2,2,1,2
6.2317469879516665,13,3,4,4.0,2.0,3.0,45,Travel_Rarely,Research & Development,1,4,Life Sciences,1,3908,Male,1,Research Director,Single,29420,1.0,Y,22,8,1,21.0,4,21,8,6
6.105315707273333,14,3,3,4.0,3.0,3.0,32,Travel_Rarely,Research & Development,5,3,Technical Degree,1,3622,Female,1,Sales Executive,Married,96020,1.0,Y,13,8,1,10.0,3,10,1,1
8.40520191878611,6,3,3,4.0,1.0,3.0,40,Travel_Frequently,Research & Development,3,4,Medical,1,3216,Female,3,Human Resources,Married,51260,5.0,Y,18,8,0,20.0,2,18,1,12
7.193022088353334,17,2,3,3.0,2.0,2.0,35,Travel_Rarely,Sales,20,2,Life Sciences,1,1510,Male,1,Laboratory Technician,Married,51540,0.0,Y,19,8,0,12.0,2,11,6,9
8.217533467201944,19,3,3,4.0,1.0,3.0,54,Travel_Rarely,Research & Development,18,4,Medical,1,1788,Female,2,Laboratory Technician,Divorced,49630,9.0,Y,15,8,1,9.0,2,5,1,4
5.9434694332886115,14,3,3,4.0,3.0,3.0,38,Travel_Rarely,Sales,8,2,Marketing,1,4351,Male,5,Research Scientist,Married,49300,9.0,Y,14,8,0,14.0,0,1,0,0
8.714570504239166,18,3,3,2.0,2.0,3.0,42,Travel_Rarely,Research & Development,23,4,Life Sciences,1,3608,Female,1,Manager,Married,64470,6.0,Y,13,8,0,18.0,3,1,0,0
7.1289770191877775,15,4,3,4.0,3.0,3.0,34,Travel_Rarely,Sales,8,2,Life Sciences,1,175,Male,1,Laboratory Technician,Divorced,24390,3.0,Y,11,8,2,14.0,2,7,5,7
7.315440651494722,20,3,3,4.0,2.0,3.0,56,Travel_Rarely,Sales,3,2,Medical,1,3639,Female,3,Manufacturing Director,Single,26910,6.0,Y,16,8,1,36.0,6,7,7,7
6.029294957608055,10,3,3,4.0,1.0,3.0,36,Travel_Rarely,Research & Development,2,2,Medical,1,2396,Female,2,Healthcare Representative,Divorced,114160,6.0,Y,16,8,0,13.0,2,5,0,4
8.55227688531889,9,4,3,4.0,3.0,2.0,36,Travel_Rarely,Sales,7,2,Life Sciences,1,2752,Male,4,Laboratory Technician,Married,144110,0.0,Y,18,8,3,2.0,2,1,0,0
9.17802097278,8,3,3,2.0,3.0,2.0,50,Travel_Rarely,Sales,2,4,Marketing,1,4215,Female,4,Research Scientist,Divorced,83760,5.0,Y,14,8,3,29.0,2,27,13,8
6.2708099062916665,19,1,3,2.0,3.0,3.0,42,Travel_Rarely,Research & Development,4,4,Life Sciences,1,1494,Male,1,Manufacturing Director,Married,89260,1.0,Y,14,8,0,20.0,4,20,11,6
7.349873940205,17,3,3,4.0,3.0,3.0,33,Travel_Frequently,Research & Development,2,4,Medical,1,2611,Female,4,Sales Executive,Divorced,168800,1.0,Y,14,8,3,9.0,2,9,2,8
5.816875278893333,19,3,3,2.0,3.0,2.0,29,Travel_Rarely,Research & Development,10,2,Medical,1,3255,Male,3,Manufacturing Director,Married,169590,4.0,Y,14,8,3,11.0,5,8,1,1
6.646378848728055,9,3,4,1.0,4.0,3.0,56,Travel_Rarely,Human Resources,1,2,Medical,1,2567,Female,5,Sales Executive,Single,25590,1.0,Y,21,8,0,5.0,3,4,1,0
5.932086122266667,20,3,3,2.0,3.0,2.0,33,Travel_Rarely,Sales,1,3,Life Sciences,1,1106,Female,5,Sales Executive,Single,12230,1.0,Y,13,8,1,10.0,3,10,0,9
7.9232518964747225,20,2,3,1.0,4.0,3.0,44,Travel_Frequently,Sales,2,2,Marketing,1,2378,Male,1,Laboratory Technician,Married,34520,4.0,Y,11,8,1,14.0,2,10,0,2
6.152429718875278,23,3,3,3.0,3.0,3.0,30,Travel_Rarely,Research & Development,2,1,Medical,1,2472,Male,1,Sales Representative,Married,104450,3.0,Y,18,8,1,10.0,3,7,1,7
5.872723114680833,23,3,3,2.0,3.0,4.0,34,Travel_Rarely,Sales,4,3,Medical,1,4152,Female,1,Sales Executive,Married,12610,2.0,Y,14,8,1,6.0,6,4,1,2
6.430785363676667,20,3,3,3.0,2.0,3.0,32,Travel_Rarely,Research & Development,3,2,Technical Degree,1,4109,Male,3,Manufacturing Director,Single,53630,1.0,Y,13,8,0,6.0,4,6,4,1
6.411313029897222,8,2,3,2.0,1.0,3.0,41,Travel_Rarely,Research & Development,7,3,Technical Degree,1,146,Female,3,Research Scientist,Married,27820,1.0,Y,14,8,0,10.0,2,10,0,7
7.847468763944445,6,2,3,4.0,2.0,3.0,33,Travel_Frequently,Sales,9,3,Medical,1,545,Female,2,Research Scientist,Married,46490,0.0,Y,12,8,0,4.0,2,3,0,2
9.681227130745,17,3,3,4.0,2.0,3.0,56,Travel_Rarely,Research & Development,24,4,Life Sciences,1,3659,Male,2,Laboratory Technician,Married,32210,4.0,Y,15,8,2,33.0,2,19,15,9
7.105554439981945,7,3,4,2.0,1.0,2.0,22,Travel_Rarely,Research & Development,8,3,Other,1,3417,Male,2,Sales Representative,Married,49070,1.0,Y,21,8,1,4.0,2,4,1,1
6.3563442659525,9,2,3,3.0,1.0,3.0,32,Non-Travel,Research & Development,11,2,Other,1,3533,Female,2,Research Scientist,Divorced,44870,1.0,Y,11,8,0,1.0,5,1,0,0
8.1786099955375,17,2,3,4.0,3.0,3.0,35,Travel_Rarely,Research & Development,9,2,Life Sciences,1,1848,Female,1,Healthcare Representative,Married,31400,1.0,Y,13,8,1,17.0,2,17,5,15
8.538470548861945,16,4,3,4.0,3.0,3.0,50,Travel_Rarely,Sales,5,3,Medical,1,1736,Male,1,Laboratory Technician,Married,54730,1.0,Y,19,8,1,20.0,2,20,3,8
7.496612003569722,6,3,3,4.0,3.0,4.0,26,Travel_Rarely,Research & Development,9,1,Medical,1,2437,Male,1,Sales Executive,Married,106860,1.0,Y,14,8,1,3.0,2,3,0,2
10.080995091476945,17,4,3,4.0,1.0,3.0,39,Travel_Frequently,Sales,11,3,Marketing,1,1966,Male,1,Sales Executive,Single,160150,1.0,Y,11,8,0,21.0,3,21,2,8
7.579600624720833,12,3,4,4.0,2.0,3.0,29,Travel_Rarely,Research & Development,1,2,Medical,1,2542,Male,3,Sales Executive,Married,26780,1.0,Y,25,8,1,1.0,3,1,0,0
7.628406961177777,12,1,3,2.0,1.0,2.0,46,Travel_Rarely,Sales,2,3,Life Sciences,1,2712,Female,1,Research Scientist,Single,34200,3.0,Y,13,8,2,22.0,3,2,2,1
6.093245203034167,8,3,3,1.0,3.0,3.0,39,Non-Travel,Research & Development,8,5,Medical,1,4049,Female,2,Sales Representative,Married,188240,6.0,Y,19,8,1,10.0,4,3,1,2
7.7661345381525,16,2,3,3.0,1.0,3.0,56,Travel_Rarely,Research & Development,4,3,Life Sciences,1,4328,Male,4,Manager,Divorced,25870,4.0,Y,12,8,0,19.0,2,2,2,2
6.994064033913333,20,4,3,4.0,4.0,3.0,37,Travel_Rarely,Research & Development,16,3,Life Sciences,1,265,Male,3,Manager,Single,33880,3.0,Y,11,8,0,4.0,2,1,0,0
5.927839134315,18,3,3,2.0,4.0,3.0,30,Travel_Rarely,Sales,9,3,Medical,1,4299,Male,2,Research Scientist,Single,39360,0.0,Y,11,8,1,6.0,3,5,1,2
9.8631659973225,12,4,3,3.0,4.0,3.0,31,Travel_Rarely,Sales,2,5,Life Sciences,1,1393,Male,2,Sales Representative,Married,27280,8.0,Y,11,8,0,7.0,3,4,0,2
9.030577867023611,12,2,3,3.0,4.0,3.0,33,Non-Travel,Research & Development,18,2,Medical,1,941,Female,2,Healthcare Representative,Divorced,63850,1.0,Y,13,8,0,7.0,6,6,1,2
6.509760151717778,20,3,3,1.0,1.0,4.0,23,Travel_Rarely,Research & Development,2,3,Life Sciences,1,3199,Male,1,Healthcare Representative,Married,76370,2.0,Y,11,8,1,5.0,3,3,0,2
5.505814368585278,23,3,3,1.0,2.0,2.0,40,Travel_Rarely,Research & Development,1,4,Medical,1,427,Male,2,Research Scientist,Divorced,192320,2.0,Y,14,8,1,11.0,3,1,0,0
6.374796965640278,16,3,3,3.0,3.0,3.0,53,Travel_Rarely,Research & Development,7,1,Life Sciences,1,1747,Male,2,Laboratory Technician,Married,28590,3.0,Y,18,8,1,32.0,2,5,1,3
6.636053101293889,16,1,3,4.0,2.0,2.0,29,Travel_Frequently,Research & Development,1,4,Medical,1,3506,Male,3,Research Scientist,Divorced,27160,0.0,Y,18,8,0,8.0,2,7,1,1
6.730130522088333,20,3,3,3.0,3.0,2.0,38,Travel_Rarely,Research & Development,5,3,Technical Degree,1,3467,Male,1,Sales Executive,Married,63490,0.0,Y,11,8,0,20.0,3,19,1,9
6.714306113342222,21,3,4,2.0,1.0,2.0,22,Travel_Rarely,Research & Development,8,3,Other,1,477,Male,2,Sales Representative,Married,49070,,Y,21,8,1,4.0,2,4,1,1
9.836432396251666,11,1,3,3.0,4.0,2.0,28,Travel_Rarely,Research & Development,15,4,Life Sciences,1,585,Male,2,Sales Executive,Married,41970,1.0,Y,13,8,0,1.0,3,1,0,0
6.938033244087222,10,3,4,4.0,1.0,,50,Travel_Frequently,Research & Development,25,4,Life Sciences,1,610,Female,2,Healthcare Representative,Married,32020,2.0,Y,24,8,1,32.0,2,2,2,2
5.957948460508611,18,2,3,4.0,1.0,3.0,54,Travel_Rarely,Sales,8,2,Marketing,1,1432,Female,2,Laboratory Technician,Married,61340,2.0,Y,19,8,0,16.0,2,6,0,5
6.2242904953144444,14,3,3,4.0,1.0,1.0,46,Travel_Rarely,Research & Development,12,4,Technical Degree,1,3818,Male,1,Laboratory Technician,Single,23320,1.0,Y,11,8,0,27.0,2,26,0,12
8.552351628736945,15,2,3,3.0,4.0,3.0,31,Travel_Rarely,Research & Development,20,1,Technical Degree,1,2992,Female,3,Research Scientist,Married,99070,0.0,Y,13,8,1,6.0,3,5,0,3
8.473469433288612,6,4,3,1.0,3.0,2.0,55,Travel_Rarely,Research & Development,19,3,Technical Degree,1,2188,Male,1,Human Resources,Single,46800,6.0,Y,14,8,3,24.0,0,19,3,8
9.754621820615556,6,3,3,2.0,4.0,2.0,37,Travel_Frequently,Sales,9,1,Marketing,1,1507,Male,1,Laboratory Technician,Married,15140,1.0,Y,14,8,0,4.0,3,4,1,2
7.405288933511667,12,3,4,1.0,3.0,2.0,24,Travel_Rarely,Sales,6,2,Marketing,1,2779,Male,2,Research Scientist,Married,40870,0.0,Y,20,8,3,4.0,1,3,0,2
8.338819723337778,10,3,4,1.0,4.0,3.0,24,Travel_Frequently,Research & Development,15,3,Life Sciences,1,911,Male,2,Research Scientist,Single,54880,1.0,Y,22,8,1,6.0,6,6,1,3
6.6843161535027775,19,3,4,2.0,4.0,3.0,31,Travel_Rarely,Research & Development,1,3,Life Sciences,1,9,Male,3,Laboratory Technician,Married,20440,0.0,Y,21,8,0,10.0,2,9,7,8
5.630896921017222,20,2,3,1.0,3.0,1.0,28,Travel_Rarely,Sales,8,4,Marketing,1,3752,Male,1,Laboratory Technician,Divorced,163070,1.0,Y,16,8,0,1.0,3,1,0,0
7.4518284248102775,9,3,3,3.0,4.0,3.0,36,Travel_Frequently,Research & Development,5,1,Technical Degree,1,4148,Male,1,Sales Executive,Married,13590,4.0,Y,12,8,0,17.0,2,5,0,3
8.626033020972777,7,2,3,2.0,3.0,2.0,22,Non-Travel,Sales,17,2,Marketing,1,2350,Male,3,Sales Executive,Married,97050,1.0,Y,18,8,2,4.0,3,4,1,3
6.745350290048889,16,3,3,4.0,2.0,3.0,33,Travel_Rarely,Research & Development,1,1,Life Sciences,1,834,Male,1,Research Scientist,Single,42560,1.0,Y,13,8,3,5.0,1,5,0,2
10.246189201249166,6,3,3,2.0,3.0,2.0,41,Travel_Rarely,Research & Development,26,3,Medical,1,771,Female,3,Sales Executive,Married,54850,2.0,Y,17,8,2,7.0,2,4,0,3
7.434053993752777,6,4,4,3.0,4.0,3.0,30,Travel_Rarely,Sales,8,2,Technical Degree,1,1301,Male,1,Sales Representative,Married,63920,1.0,Y,21,8,1,11.0,2,11,10,8
10.233379071842778,4,3,3,3.0,4.0,,31,Travel_Rarely,Research & Development,6,3,Medical,1,3025,Female,3,Manager,Single,81030,1.0,Y,15,8,1,11.0,5,11,4,10
5.931371039714167,7,3,3,4.0,3.0,3.0,37,Travel_Rarely,Sales,24,2,Life Sciences,1,1841,Female,4,Laboratory Technician,Divorced,42570,4.0,Y,15,8,0,9.0,2,1,0,0
6.381411200356944,18,3,3,4.0,1.0,3.0,34,Travel_Rarely,Research & Development,10,4,Life Sciences,1,3731,Female,1,Sales Representative,Single,192460,3.0,Y,15,8,1,15.0,5,13,3,12
6.5939781347611115,12,2,3,4.0,4.0,3.0,39,Travel_Rarely,Research & Development,1,3,Other,1,1867,Female,3,Human Resources,Married,68040,8.0,Y,14,8,1,13.0,3,5,0,4
7.613618920124722,6,2,3,4.0,2.0,3.0,36,Travel_Frequently,Research & Development,16,1,Medical,1,4123,Male,2,Sales Executive,Divorced,105960,7.0,Y,15,8,0,18.0,3,4,0,2
5.7509515841141665,9,3,3,4.0,1.0,3.0,35,Travel_Rarely,Research & Development,2,3,Life Sciences,1,905,Male,3,Healthcare Representative,Married,23210,9.0,Y,12,8,1,15.0,0,13,6,0
6.369046184738889,5,2,3,4.0,3.0,2.0,43,Travel_Rarely,Sales,9,5,Technical Degree,1,2718,Female,1,Research Director,Divorced,12740,1.0,Y,19,8,0,6.0,3,5,1,4
6.444717759928333,9,3,3,1.0,3.0,3.0,51,Travel_Rarely,Research & Development,3,2,Other,1,1336,Female,2,Sales Representative,Single,190490,7.0,Y,14,8,1,23.0,2,20,15,15
7.1485151717980555,9,2,3,4.0,4.0,3.0,46,Travel_Rarely,Research & Development,2,1,Medical,1,1983,Female,3,Research Scientist,Divorced,49410,9.0,Y,13,8,2,23.0,2,2,2,2
6.420800981704445,8,1,3,3.0,3.0,2.0,32,Travel_Rarely,Sales,10,3,Marketing,1,1839,Female,1,Human Resources,Married,30720,5.0,Y,12,8,0,9.0,4,5,1,3
6.815533244087222,6,1,3,1.0,4.0,3.0,27,Travel_Rarely,Sales,9,3,Marketing,1,3195,Male,5,Research Director,Single,59930,0.0,Y,14,8,1,5.0,3,4,1,1
6.645373717090555,5,2,3,4.0,1.0,3.0,42,Travel_Rarely,Research & Development,11,1,Life Sciences,1,542,Male,4,Research Scientist,Married,60320,0.0,Y,14,8,0,23.0,2,22,13,7
6.247766622043611,20,3,4,1.0,1.0,3.0,31,Travel_Rarely,Sales,7,4,Marketing,1,1523,Male,2,Sales Executive,Married,132250,3.0,Y,21,8,1,9.0,2,2,1,0
9.158500669343889,14,3,3,2.0,4.0,2.0,36,Travel_Rarely,Sales,10,4,Marketing,1,364,Male,3,Manager,Married,86860,1.0,Y,13,8,0,18.0,2,18,4,11
9.353750557786666,8,3,3,1.0,3.0,1.0,43,Travel_Rarely,Research & Development,2,2,Medical,1,3678,Male,1,Laboratory Technician,Single,78610,1.0,Y,14,8,2,20.0,1,20,1,8
7.417694109772222,4,3,3,4.0,1.0,3.0,30,Travel_Rarely,Sales,3,3,Life Sciences,1,756,Male,3,Sales Executive,Divorced,51210,7.0,Y,13,8,0,8.0,4,3,0,2
6.382033690316667,12,3,3,3.0,4.0,4.0,37,Travel_Rarely,Research & Development,1,3,Life Sciences,1,16,Male,2,Healthcare Representative,Married,53460,4.0,Y,11,8,0,7.0,2,5,0,1
5.900896921017222,16,2,4,4.0,3.0,2.0,29,Non-Travel,Sales,22,4,Marketing,1,92,Male,2,Human Resources,Married,57360,1.0,Y,22,8,0,4.0,1,4,0,2
6.952655064703055,12,3,3,2.0,3.0,3.0,31,Travel_Frequently,Sales,4,3,Life Sciences,1,2225,Male,2,Manager,Single,30570,1.0,Y,19,8,0,1.0,3,1,0,0
6.613674698795,7,3,3,2.0,2.0,3.0,29,Travel_Rarely,Sales,4,3,Marketing,1,3932,Male,5,Research Scientist,Single,36910,1.0,Y,13,8,0,2.0,3,2,2,2
7.830529897367223,20,3,3,4.0,1.0,3.0,42,Travel_Rarely,Research & Development,5,4,Medical,1,2936,Female,1,Research Scientist,Single,60290,3.0,Y,17,8,1,10.0,5,3,0,2
7.4377253458275,14,3,3,3.0,4.0,3.0,21,Travel_Rarely,Research & Development,3,1,Life Sciences,1,895,Female,1,Laboratory Technician,Single,170990,1.0,Y,14,8,1,3.0,2,2,2,2
6.760929272646111,21,3,3,1.0,2.0,4.0,26,Travel_Rarely,Research & Development,19,4,Technical Degree,1,1688,Female,4,Sales Executive,Married,119940,1.0,Y,14,8,1,6.0,6,5,1,4
7.065680499776667,18,2,4,4.0,4.0,3.0,48,Travel_Rarely,Research & Development,2,1,Life Sciences,1,3652,Male,2,Research Scientist,Single,28190,1.0,Y,20,8,0,11.0,2,10,0,8
5.805701695671389,18,2,3,1.0,2.0,3.0,22,Travel_Rarely,Research & Development,16,5,Other,1,1596,Male,1,Research Scientist,Married,29910,1.0,Y,19,8,2,2.0,3,2,1,2
5.875727353859722,9,3,3,4.0,4.0,2.0,31,Travel_Rarely,Sales,10,2,Life Sciences,1,1271,Female,2,Research Scientist,Divorced,112440,3.0,Y,12,8,1,10.0,3,7,1,7
7.016797188755,19,2,4,4.0,4.0,3.0,48,Travel_Rarely,Research & Development,2,1,Life Sciences,1,2182,Male,2,Research Scientist,Single,28190,1.0,Y,20,8,0,11.0,2,10,0,8
6.770160642570278,11,3,3,1.0,1.0,3.0,49,Travel_Frequently,Sales,6,5,Medical,1,749,Female,2,Healthcare Representative,Single,23420,3.0,Y,18,8,0,20.0,2,4,1,3
10.089829317268888,15,2,4,2.0,3.0,3.0,37,Non-Travel,Research & Development,1,3,Medical,1,1611,Male,3,Laboratory Technician,Married,20080,3.0,Y,22,8,0,15.0,5,13,10,7
7.365277777777778,14,2,3,1.0,3.0,3.0,47,Travel_Rarely,Research & Development,1,4,Life Sciences,1,2627,Male,2,Sales Executive,Single,42490,2.0,Y,13,8,1,25.0,2,17,12,11
7.690836680053334,10,2,3,4.0,2.0,3.0,40,Non-Travel,Research & Development,25,4,Other,1,3723,Female,1,Sales Executive,Divorced,31490,2.0,Y,15,8,1,16.0,1,9,4,8
10.374461178045278,3,4,3,3.0,1.0,3.0,54,Travel_Rarely,Research & Development,1,3,Medical,1,4089,Female,2,Human Resources,Single,23620,6.0,Y,13,8,1,9.0,2,5,1,4
6.210493083444722,17,3,3,3.0,3.0,2.0,28,Non-Travel,Research & Development,21,1,Medical,1,1124,Male,3,Research Scientist,Single,79780,1.0,Y,16,8,2,5.0,2,5,1,4
6.708553101293889,18,3,4,4.0,1.0,3.0,31,Travel_Frequently,Research & Development,7,3,Medical,1,3827,Male,2,Research Scientist,Single,36170,7.0,Y,21,8,1,10.0,5,5,0,3
6.801278447121667,10,3,3,3.0,1.0,3.0,48,Travel_Rarely,Research & Development,24,3,Technical Degree,1,2251,Male,2,Research Scientist,Divorced,16010,4.0,Y,12,8,0,15.0,3,2,2,2
8.193192771084167,11,3,3,4.0,1.0,3.0,40,Travel_Frequently,Research & Development,3,4,Medical,1,1746,Female,3,Human Resources,Married,51260,5.0,Y,18,8,0,20.0,2,18,1,12
7.2128168228466665,7,3,3,2.0,4.0,2.0,33,Travel_Frequently,Sales,4,2,Life Sciences,1,71,Male,4,Research Scientist,Single,47880,3.0,Y,11,8,1,9.0,0,7,0,1
7.573883311021667,11,3,3,1.0,4.0,3.0,40,Travel_Rarely,Sales,1,4,Marketing,1,528,Male,1,Sales Executive,Married,48690,4.0,Y,12,8,0,14.0,2,11,11,1
6.737426372155277,16,3,4,4.0,1.0,,50,Travel_Frequently,Research & Development,25,4,Life Sciences,1,2080,Female,2,Healthcare Representative,Married,32020,2.0,Y,24,8,1,32.0,2,2,2,2
7.313369031682222,7,3,3,3.0,4.0,2.0,30,Travel_Rarely,Research & Development,8,3,Life Sciences,1,3228,Male,2,Sales Executive,Divorced,52090,7.0,Y,14,8,1,10.0,3,8,7,7
9.255489736724444,16,2,4,3.0,4.0,3.0,22,Travel_Frequently,Research & Development,22,4,Medical,1,2073,Male,1,Sales Representative,Married,26540,0.0,Y,24,8,0,1.0,5,0,0,0
8.333794065149444,8,2,3,4.0,3.0,3.0,20,Travel_Rarely,Research & Development,1,3,Life Sciences,1,1726,Male,5,Sales Representative,Single,61620,1.0,Y,12,8,3,1.0,2,1,1,1
8.853186077643889,3,2,3,1.0,1.0,3.0,33,Travel_Rarely,Research & Development,3,2,Life Sciences,1,2042,Male,1,Sales Executive,Single,49360,0.0,Y,14,8,0,6.0,2,5,0,3
5.781059794734444,13,2,3,4.0,4.0,3.0,29,Travel_Rarely,Research & Development,2,4,Medical,1,1467,Male,1,Laboratory Technician,Divorced,26790,2.0,Y,15,8,0,10.0,2,3,0,2
8.730585676037222,7,3,3,3.0,4.0,3.0,38,Travel_Rarely,Research & Development,28,4,Medical,1,84,Male,1,Laboratory Technician,Divorced,65830,0.0,Y,12,8,0,12.0,1,11,2,9
5.762560240963611,17,3,3,4.0,4.0,3.0,30,Travel_Rarely,Research & Development,13,3,Life Sciences,1,67,Female,4,Research Director,Married,41970,1.0,Y,13,8,0,11.0,3,10,1,9
6.8283857652833335,19,3,3,3.0,3.0,3.0,39,Travel_Frequently,Research & Development,22,3,Medical,1,4404,Female,1,Manufacturing Director,Single,129650,0.0,Y,19,8,1,20.0,2,19,11,8
9.706025211958888,10,3,3,3.0,3.0,4.0,47,Travel_Frequently,Research & Development,7,4,Life Sciences,1,1920,Male,3,Sales Executive,Divorced,69310,1.0,Y,11,8,0,20.0,3,19,2,7
5.616551762605833,18,3,3,4.0,1.0,3.0,31,Travel_Rarely,Research & Development,2,3,Life Sciences,1,3995,Male,3,Laboratory Technician,Married,21680,0.0,Y,14,8,1,2.0,2,1,0,0
6.985215305666944,20,3,4,3.0,,3.0,55,Travel_Rarely,Research & Development,3,2,Life Sciences,1,2477,Female,1,Sales Executive,Married,73510,8.0,Y,20,8,1,34.0,3,1,0,0
7.694185631414444,10,2,3,4.0,2.0,3.0,38,Travel_Frequently,Research & Development,2,5,Medical,1,2613,Female,4,Sales Executive,Married,84460,0.0,Y,14,8,0,7.0,3,6,1,2
5.850785363676667,13,4,3,3.0,1.0,3.0,29,Travel_Rarely,Research & Development,1,3,Medical,1,2303,Female,1,Manager,Married,23140,3.0,Y,13,8,0,9.0,5,7,0,7
6.935578982596945,12,4,4,4.0,2.0,3.0,32,Travel_Rarely,Research & Development,22,4,Medical,1,2314,Male,1,Sales Executive,Married,29730,3.0,Y,22,8,0,12.0,0,7,2,5
7.775298973672222,21,3,3,4.0,1.0,3.0,45,Travel_Rarely,Research & Development,1,5,Technical Degree,1,1838,Male,2,Healthcare Representative,Divorced,20880,4.0,Y,15,8,3,18.0,2,5,0,2
5.8204038375725,23,2,3,1.0,4.0,3.0,53,Travel_Rarely,Research & Development,9,3,Life Sciences,1,1859,Male,1,Sales Representative,Married,20890,5.0,Y,16,8,0,28.0,2,2,2,2
6.683305443998056,18,2,3,4.0,4.0,3.0,38,Non-Travel,Research & Development,2,5,Life Sciences,1,1474,Male,3,Human Resources,Married,83210,3.0,Y,11,8,3,13.0,5,8,7,5
6.043029897367222,15,3,3,2.0,4.0,3.0,30,Travel_Rarely,Sales,9,3,Medical,1,2829,Male,2,Research Scientist,Single,39360,0.0,Y,11,8,1,6.0,3,5,1,2
